task,outer_fold,model,parameters,inner_loss_mean,inner_losses
strength,1,Dummy_mean,{},0.9989739075222294,"[1.0558079192035768, 0.9449523198759261, 0.9961614834871851]"
strength,1,OLS,{},0.669240271625159,"[0.7285943037381647, 0.6081490180166149, 0.6709774931206974]"
strength,1,Ridge,"{""alpha"": 0.1}",0.6671836764377207,"[0.7239487817215737, 0.6079686233946587, 0.6696336241969298]"
strength,1,Ridge,"{""alpha"": 1}",0.6631437951665107,"[0.7187278035374796, 0.6083631368684466, 0.662340445093606]"
strength,1,Ridge,"{""alpha"": 10}",0.6541156192086257,"[0.70523257541225, 0.6140539819779023, 0.6430603002357248]"
strength,1,Ridge,"{""alpha"": 100}",0.6724588386900546,"[0.7060397824137308, 0.651879204936258, 0.6594575287201753]"
strength,1,Ridge,"{""alpha"": 1000}",0.8149707132041141,"[0.8478826960814135, 0.8000381319119855, 0.796991311618943]"
strength,1,KNN,"{""n_neighbors"": 3, ""weights"": ""uniform""}",0.646151320510388,"[0.6952839960121492, 0.6182872363178945, 0.6248827292011204]"
strength,1,KNN,"{""n_neighbors"": 3, ""weights"": ""distance""}",0.6250703861541532,"[0.6764719034336348, 0.599642802248684, 0.5990964527801409]"
strength,1,KNN,"{""n_neighbors"": 7, ""weights"": ""uniform""}",0.7042606000767652,"[0.7652532735747813, 0.6594344790099868, 0.6880940476455271]"
strength,1,KNN,"{""n_neighbors"": 7, ""weights"": ""distance""}",0.6515703449426348,"[0.7104541671456791, 0.6141157582592955, 0.6301411094229294]"
strength,1,KNN,"{""n_neighbors"": 15, ""weights"": ""uniform""}",0.7435024193116914,"[0.8302830787351051, 0.6899900657303003, 0.7102341134696685]"
strength,1,KNN,"{""n_neighbors"": 15, ""weights"": ""distance""}",0.6808108686605195,"[0.7618444541019133, 0.634590070074628, 0.6459980818050172]"
strength,1,SVR_RBF,"{""estimator__C"": 1, ""estimator__epsilon"": 0.05}",0.5627188244133866,"[0.5927885824917483, 0.5661626596989837, 0.5292052310494278]"
strength,1,SVR_RBF,"{""estimator__C"": 1, ""estimator__epsilon"": 0.2}",0.5615803220414702,"[0.5995084601337608, 0.5499242100646679, 0.535308295925982]"
strength,1,SVR_RBF,"{""estimator__C"": 10, ""estimator__epsilon"": 0.05}",0.5069820096167054,"[0.5299388651309136, 0.503095315589463, 0.4879118481297396]"
strength,1,SVR_RBF,"{""estimator__C"": 10, ""estimator__epsilon"": 0.2}",0.496277597416332,"[0.522206443221217, 0.4838592457446767, 0.4827671032831022]"
strength,1,SVR_RBF,"{""estimator__C"": 100, ""estimator__epsilon"": 0.05}",0.5300363565555478,"[0.555250034153834, 0.5025098213617295, 0.5323492141510797]"
strength,1,SVR_RBF,"{""estimator__C"": 100, ""estimator__epsilon"": 0.2}",0.5046528999732073,"[0.540189698269276, 0.4638562395391385, 0.5099127621112075]"
strength,1,DecisionTree,"{""max_depth"": 3, ""min_samples_leaf"": 2}",0.7857032568456385,"[0.7717610949887258, 0.8193446450678491, 0.7660040304803406]"
strength,1,DecisionTree,"{""max_depth"": 3, ""min_samples_leaf"": 8}",0.790480365172482,"[0.7510097764547498, 0.8399078750855766, 0.7805234439771195]"
strength,1,DecisionTree,"{""max_depth"": 6, ""min_samples_leaf"": 2}",0.755597613504685,"[0.7718194544589455, 0.8003863604727135, 0.694587025582396]"
strength,1,DecisionTree,"{""max_depth"": 6, ""min_samples_leaf"": 8}",0.755185458311909,"[0.7123203043834745, 0.8247890893821417, 0.7284469811701109]"
strength,1,DecisionTree,"{""max_depth"": null, ""min_samples_leaf"": 2}",0.7231891132104143,"[0.7524943343977083, 0.7929301799327554, 0.6241428253007794]"
strength,1,DecisionTree,"{""max_depth"": null, ""min_samples_leaf"": 8}",0.7437116587491944,"[0.7292666050914512, 0.8139200922230302, 0.687948278933102]"
strength,1,Bagging,"{""estimator__max_depth"": 6, ""max_samples"": 0.6}",0.6197737405278163,"[0.6065538124457674, 0.6333112953555374, 0.6194561137821442]"
strength,1,Bagging,"{""estimator__max_depth"": 6, ""max_samples"": 1.0}",0.6148523671274084,"[0.601527040839266, 0.6290093431549719, 0.6140207173879872]"
strength,1,Bagging,"{""estimator__max_depth"": null, ""max_samples"": 0.6}",0.5843416110760193,"[0.5740934491491765, 0.6040068434396572, 0.5749245406392244]"
strength,1,Bagging,"{""estimator__max_depth"": null, ""max_samples"": 1.0}",0.5685272810458485,"[0.567330497711375, 0.5918096469894406, 0.5464416984367299]"
strength,1,RandomForest,"{""max_features"": 0.5, ""min_samples_leaf"": 2}",0.5609338087612886,"[0.5521411516326378, 0.5828597124578646, 0.5478005621933635]"
strength,1,RandomForest,"{""max_features"": 0.5, ""min_samples_leaf"": 8}",0.6462261239202508,"[0.6395105259116076, 0.6694674535241494, 0.6297003923249953]"
strength,1,RandomForest,"{""max_features"": 1.0, ""min_samples_leaf"": 2}",0.5677204027230035,"[0.5683022432927701, 0.5897764491166582, 0.5450825157595826]"
strength,1,RandomForest,"{""max_features"": 1.0, ""min_samples_leaf"": 8}",0.655732641381264,"[0.6431217262620302, 0.6768383871717746, 0.6472378107099871]"
strength,1,ExtraTrees,"{""max_features"": 0.5, ""min_samples_leaf"": 2}",0.5374441765738606,"[0.5437615128706694, 0.5320148428846516, 0.5365561739662607]"
strength,1,ExtraTrees,"{""max_features"": 0.5, ""min_samples_leaf"": 8}",0.6361673171890829,"[0.6575484795503304, 0.6393069408396124, 0.611646531177306]"
strength,1,ExtraTrees,"{""max_features"": 1.0, ""min_samples_leaf"": 2}",0.528387123495957,"[0.5269894087186537, 0.5387968623074467, 0.5193750994617706]"
strength,1,ExtraTrees,"{""max_features"": 1.0, ""min_samples_leaf"": 8}",0.6225565204139368,"[0.628563000504137, 0.652258758580672, 0.5868478021570017]"
strength,1,Nystroem_Ridge_control,"{""alpha"": 1e-05, ""graph_lambda"": 0.0}",0.5508578033725899,"[0.5531310552852178, 0.568226125788459, 0.5312162290440932]"
strength,1,Nystroem_Ridge_control,"{""alpha"": 0.0001, ""graph_lambda"": 0.0}",0.5502028992969373,"[0.5570385893885667, 0.5692700198833599, 0.5243000886188856]"
strength,1,Nystroem_Ridge_control,"{""alpha"": 0.001, ""graph_lambda"": 0.0}",0.5904784557287127,"[0.6204779301523533, 0.6115899563271557, 0.5393674807066292]"
strength,1,Nystroem_Ridge_control,"{""alpha"": 0.01, ""graph_lambda"": 0.0}",0.7114157559265742,"[0.7511959482222003, 0.720077156431091, 0.6629741631264312]"
strength,1,Nystroem_Ridge_control,"{""alpha"": 0.1, ""graph_lambda"": 0.0}",0.8891604473195637,"[0.9363434113783567, 0.8562712542982392, 0.8748666762820952]"
strength,1,Graph_labeled_only,"{""alpha"": 1e-05, ""graph_lambda"": 0.01}",0.5508591506201537,"[0.5534309544585488, 0.5681325121705421, 0.53101398523137]"
strength,1,Graph_labeled_only,"{""alpha"": 1e-05, ""graph_lambda"": 0.1}",0.5520980430113621,"[0.5575098355807415, 0.5683898956803487, 0.5303943977729962]"
strength,1,Graph_labeled_only,"{""alpha"": 1e-05, ""graph_lambda"": 1.0}",0.5961876616658506,"[0.6232976666701865, 0.6023485241387883, 0.5629167941885771]"
strength,1,Graph_labeled_only,"{""alpha"": 0.0001, ""graph_lambda"": 0.01}",0.5504830005273932,"[0.5576495662095676, 0.5694868835597595, 0.5243125518128523]"
strength,1,Graph_labeled_only,"{""alpha"": 0.0001, ""graph_lambda"": 0.1}",0.5536337771392025,"[0.5637266160590026, 0.5718772102502617, 0.5252975051083432]"
strength,1,Graph_labeled_only,"{""alpha"": 0.0001, ""graph_lambda"": 1.0}",0.5999279599638193,"[0.629236597091465, 0.607797590111826, 0.5627496926881669]"
strength,1,Graph_labeled_only,"{""alpha"": 0.001, ""graph_lambda"": 0.01}",0.5908532986795056,"[0.6209785256460942, 0.6118499130448117, 0.5397314573476112]"
strength,1,Graph_labeled_only,"{""alpha"": 0.001, ""graph_lambda"": 0.1}",0.5943610523500475,"[0.6255715040414325, 0.6142908081543182, 0.5432208448543921]"
strength,1,Graph_labeled_only,"{""alpha"": 0.001, ""graph_lambda"": 1.0}",0.630743274748727,"[0.6690545340307089, 0.6406094660196335, 0.5825658241958385]"
strength,1,Graph_labeled_only,"{""alpha"": 0.01, ""graph_lambda"": 0.01}",0.7116025849051119,"[0.7514013626507126, 0.7201994408553164, 0.6632069512093066]"
strength,1,Graph_labeled_only,"{""alpha"": 0.01, ""graph_lambda"": 0.1}",0.7132625855010163,"[0.7532234407136952, 0.7212868844691097, 0.665277431320244]"
strength,1,Graph_labeled_only,"{""alpha"": 0.01, ""graph_lambda"": 1.0}",0.7279136324535722,"[0.7691127449678709, 0.7309561246978431, 0.6836720276950028]"
strength,1,Graph_labeled_only,"{""alpha"": 0.1, ""graph_lambda"": 0.01}",0.8891762051412968,"[0.9363615767997416, 0.8562823541974997, 0.8748846844266489]"
strength,1,Graph_labeled_only,"{""alpha"": 0.1, ""graph_lambda"": 0.1}",0.8893176126913174,"[0.9365245772309398, 0.8563819649234351, 0.8750462959195772]"
strength,1,Graph_labeled_only,"{""alpha"": 0.1, ""graph_lambda"": 1.0}",0.8906923031775507,"[0.9381079878672901, 0.8573506273244463, 0.8766182943409154]"
strength,1,Graph_semi_supervised,"{""alpha"": 1e-05, ""graph_lambda"": 0.01}",0.5508880863439563,"[0.5532338559267055, 0.5682606108114693, 0.531169792293694]"
strength,1,Graph_semi_supervised,"{""alpha"": 1e-05, ""graph_lambda"": 0.1}",0.5514381529328684,"[0.5545488757879306, 0.5687385580873963, 0.5310270249232786]"
strength,1,Graph_semi_supervised,"{""alpha"": 1e-05, ""graph_lambda"": 1.0}",0.5678936877219186,"[0.5811988953418721, 0.5808402620401553, 0.5416419057837284]"
strength,1,Graph_semi_supervised,"{""alpha"": 0.0001, ""graph_lambda"": 0.01}",0.5503659871848101,"[0.5573233194498161, 0.5694020659427452, 0.5243725761618689]"
strength,1,Graph_semi_supervised,"{""alpha"": 0.0001, ""graph_lambda"": 0.1}",0.5519264415029531,"[0.5599957505729152, 0.5706322641921201, 0.525151309743824]"
strength,1,Graph_semi_supervised,"{""alpha"": 0.0001, ""graph_lambda"": 1.0}",0.5709186377831853,"[0.5890364322940559, 0.5846860808021961, 0.539033400253304]"
strength,1,Graph_semi_supervised,"{""alpha"": 0.001, ""graph_lambda"": 0.01}",0.5906152674040938,"[0.6206648741666578, 0.6116765771217496, 0.539504350923874]"
strength,1,Graph_semi_supervised,"{""alpha"": 0.001, ""graph_lambda"": 0.1}",0.5918626983278354,"[0.6223564009250061, 0.6124656054226592, 0.5407660886358409]"
strength,1,Graph_semi_supervised,"{""alpha"": 0.001, ""graph_lambda"": 1.0}",0.6049478368799472,"[0.6391677745265979, 0.6208517670603165, 0.5548239690529272]"
strength,1,Graph_semi_supervised,"{""alpha"": 0.01, ""graph_lambda"": 0.01}",0.7114750243206243,"[0.7512621367476985, 0.7201124223214784, 0.663050513892696]"
strength,1,Graph_semi_supervised,"{""alpha"": 0.01, ""graph_lambda"": 0.1}",0.7120056308766608,"[0.7518540670732117, 0.720428327408031, 0.6637344981487397]"
strength,1,Graph_semi_supervised,"{""alpha"": 0.01, ""graph_lambda"": 1.0}",0.7170415824210248,"[0.7574216556416666, 0.7234435610578368, 0.670259530563571]"
strength,1,Graph_semi_supervised,"{""alpha"": 0.1, ""graph_lambda"": 0.01}",0.8891647938440012,"[0.9363482155634627, 0.856273896668394, 0.8748722693001464]"
strength,1,Graph_semi_supervised,"{""alpha"": 0.1, ""graph_lambda"": 0.1}",0.8892038718873718,"[0.9363914089802398, 0.8562976547345821, 0.8749225519472935]"
strength,1,Graph_semi_supervised,"{""alpha"": 0.1, ""graph_lambda"": 1.0}",0.889590691668099,"[0.9368190336278225, 0.8565329684902167, 0.875420072886258]"
strength,2,Dummy_mean,{},0.991701995471613,"[1.010327374465728, 0.8603286267601677, 1.1044499851889429]"
strength,2,OLS,{},0.7423779149292428,"[0.7379920805952788, 0.5550654462205652, 0.9340762179718843]"
strength,2,Ridge,"{""alpha"": 0.1}",0.7264635715693074,"[0.7374189195106661, 0.554995186895655, 0.8869766083016014]"
strength,2,Ridge,"{""alpha"": 1}",0.68494346173703,"[0.7365659561341743, 0.5565426546503811, 0.7617217744265344]"
strength,2,Ridge,"{""alpha"": 10}",0.6533719575817943,"[0.7065655538410894, 0.5652626671283314, 0.6882876517759623]"
strength,2,Ridge,"{""alpha"": 100}",0.6675811971950235,"[0.700289400978459, 0.6007425658496414, 0.7017116247569702]"
strength,2,Ridge,"{""alpha"": 1000}",0.8099166630998905,"[0.8205787161647206, 0.7254496580782236, 0.8837216150567276]"
strength,2,KNN,"{""n_neighbors"": 3, ""weights"": ""uniform""}",0.6390281788040442,"[0.6769959149490962, 0.5468146351844764, 0.6932739862785601]"
strength,2,KNN,"{""n_neighbors"": 3, ""weights"": ""distance""}",0.6165268961279008,"[0.6590997995976743, 0.5176638672678736, 0.6728170215181546]"
strength,2,KNN,"{""n_neighbors"": 7, ""weights"": ""uniform""}",0.6753505319425718,"[0.7306203213056621, 0.5522410033645841, 0.7431902711574692]"
strength,2,KNN,"{""n_neighbors"": 7, ""weights"": ""distance""}",0.6237074097450762,"[0.6768871913173359, 0.5061726198149775, 0.6880624181029155]"
strength,2,KNN,"{""n_neighbors"": 15, ""weights"": ""uniform""}",0.7376756161001786,"[0.786966469260753, 0.6404362530580312, 0.7856241259817516]"
strength,2,KNN,"{""n_neighbors"": 15, ""weights"": ""distance""}",0.6563141385883204,"[0.6930393014352788, 0.5588553903824008, 0.7170477239472816]"
strength,2,SVR_RBF,"{""estimator__C"": 1, ""estimator__epsilon"": 0.05}",0.5533589913142657,"[0.5690031589411774, 0.45716008089331944, 0.6339137341083002]"
strength,2,SVR_RBF,"{""estimator__C"": 1, ""estimator__epsilon"": 0.2}",0.5570594019560144,"[0.5764620634520328, 0.4536750613430682, 0.6410410810729422]"
strength,2,SVR_RBF,"{""estimator__C"": 10, ""estimator__epsilon"": 0.05}",0.49794439936986973,"[0.49412390113526944, 0.45686074305031915, 0.5428485539240206]"
strength,2,SVR_RBF,"{""estimator__C"": 10, ""estimator__epsilon"": 0.2}",0.4964274820952679,"[0.49193289168649157, 0.447046635075897, 0.550302919523415]"
strength,2,SVR_RBF,"{""estimator__C"": 100, ""estimator__epsilon"": 0.05}",0.501601743813271,"[0.5171314437605304, 0.45738391509745496, 0.530289872581828]"
strength,2,SVR_RBF,"{""estimator__C"": 100, ""estimator__epsilon"": 0.2}",0.5162998892457379,"[0.4993733449017716, 0.4972034421365991, 0.5523228806988427]"
strength,2,DecisionTree,"{""max_depth"": 3, ""min_samples_leaf"": 2}",0.7482636410815809,"[0.7792903017191121, 0.7038277744376282, 0.7616728470880026]"
strength,2,DecisionTree,"{""max_depth"": 3, ""min_samples_leaf"": 8}",0.7621773224683507,"[0.7482623798192115, 0.7025324095534141, 0.8357371780324264]"
strength,2,DecisionTree,"{""max_depth"": 6, ""min_samples_leaf"": 2}",0.7185901858799181,"[0.7748732949811002, 0.6582901194261098, 0.7226071432325444]"
strength,2,DecisionTree,"{""max_depth"": 6, ""min_samples_leaf"": 8}",0.7071800111874387,"[0.6966860643163694, 0.6777563892117335, 0.7470975800342131]"
strength,2,DecisionTree,"{""max_depth"": null, ""min_samples_leaf"": 2}",0.7285474870784268,"[0.7610972861043437, 0.6771265775417993, 0.7474185975891375]"
strength,2,DecisionTree,"{""max_depth"": null, ""min_samples_leaf"": 8}",0.7039040120495047,"[0.6850345286727982, 0.6870271461072907, 0.7396503613684255]"
strength,2,Bagging,"{""estimator__max_depth"": 6, ""max_samples"": 0.6}",0.6098070692571224,"[0.5737443440501876, 0.5686157907786287, 0.6870610729425511]"
strength,2,Bagging,"{""estimator__max_depth"": 6, ""max_samples"": 1.0}",0.6106817895800054,"[0.5833404594728732, 0.5647336741917149, 0.6839712350754281]"
strength,2,Bagging,"{""estimator__max_depth"": null, ""max_samples"": 0.6}",0.5802636156625449,"[0.5461789772441356, 0.5414552239734223, 0.6531566457700769]"
strength,2,Bagging,"{""estimator__max_depth"": null, ""max_samples"": 1.0}",0.5649089085870429,"[0.5440684105114887, 0.524203586471531, 0.6264547287781091]"
strength,2,RandomForest,"{""max_features"": 0.5, ""min_samples_leaf"": 2}",0.556772784143075,"[0.529043101327308, 0.5115385487761785, 0.6297367023257384]"
strength,2,RandomForest,"{""max_features"": 0.5, ""min_samples_leaf"": 8}",0.6479512639383779,"[0.6017147269333442, 0.6197246494960341, 0.7224144153857553]"
strength,2,RandomForest,"{""max_features"": 1.0, ""min_samples_leaf"": 2}",0.5696327085664922,"[0.5442217572867273, 0.5322268001503053, 0.632449568262444]"
strength,2,RandomForest,"{""max_features"": 1.0, ""min_samples_leaf"": 8}",0.6541075127659464,"[0.5942523361275333, 0.6382534995363565, 0.7298167026339494]"
strength,2,ExtraTrees,"{""max_features"": 0.5, ""min_samples_leaf"": 2}",0.518386615174283,"[0.5059279009326122, 0.4416966044413481, 0.6075353401488888]"
strength,2,ExtraTrees,"{""max_features"": 0.5, ""min_samples_leaf"": 8}",0.6304773475952407,"[0.616331092361642, 0.5736273767295342, 0.7014735736945458]"
strength,2,ExtraTrees,"{""max_features"": 1.0, ""min_samples_leaf"": 2}",0.5043118513919472,"[0.4823829555273771, 0.4406236885724207, 0.589928910076044]"
strength,2,ExtraTrees,"{""max_features"": 1.0, ""min_samples_leaf"": 8}",0.6108316338389582,"[0.5852221693906222, 0.5651642065126592, 0.6821085256135931]"
strength,2,Nystroem_Ridge_control,"{""alpha"": 1e-05, ""graph_lambda"": 0.0}",0.5758874797267296,"[0.5343076556138394, 0.5204040141506225, 0.672950769415727]"
strength,2,Nystroem_Ridge_control,"{""alpha"": 0.0001, ""graph_lambda"": 0.0}",0.5734335126252014,"[0.5368619426302915, 0.5204681112020778, 0.6629704840432346]"
strength,2,Nystroem_Ridge_control,"{""alpha"": 0.001, ""graph_lambda"": 0.0}",0.600921579892037,"[0.5921789981974307, 0.5358851352032693, 0.6747006062754108]"
strength,2,Nystroem_Ridge_control,"{""alpha"": 0.01, ""graph_lambda"": 0.0}",0.7076551303568074,"[0.7217226585478246, 0.6237148196607863, 0.7775279128618111]"
strength,2,Nystroem_Ridge_control,"{""alpha"": 0.1, ""graph_lambda"": 0.0}",0.8853858165939684,"[0.901363168015333, 0.7697999754463352, 0.984994306320237]"
strength,2,Graph_labeled_only,"{""alpha"": 1e-05, ""graph_lambda"": 0.01}",0.5755915777539026,"[0.5344278128556149, 0.5198404017172843, 0.6725065186888086]"
strength,2,Graph_labeled_only,"{""alpha"": 1e-05, ""graph_lambda"": 0.1}",0.5744314805302267,"[0.5371283261767107, 0.5164041890008226, 0.6697619264131469]"
strength,2,Graph_labeled_only,"{""alpha"": 1e-05, ""graph_lambda"": 1.0}",0.6061078783933281,"[0.5945095789856762, 0.5380513061653277, 0.6857627500289807]"
strength,2,Graph_labeled_only,"{""alpha"": 0.0001, ""graph_lambda"": 0.01}",0.5734813783509006,"[0.5373730244621457, 0.5201723961535912, 0.6628987144369649]"
strength,2,Graph_labeled_only,"{""alpha"": 0.0001, ""graph_lambda"": 0.1}",0.574667560148863,"[0.5425216884915897, 0.5185573305183965, 0.662923661436603]"
strength,2,Graph_labeled_only,"{""alpha"": 0.0001, ""graph_lambda"": 1.0}",0.6091845367876937,"[0.5996092718365506, 0.5412150788173141, 0.6867292597092162]"
strength,2,Graph_labeled_only,"{""alpha"": 0.001, ""graph_lambda"": 0.01}",0.6011779266740206,"[0.5926274119758222, 0.5359810978321611, 0.6749252702140787]"
strength,2,Graph_labeled_only,"{""alpha"": 0.001, ""graph_lambda"": 0.1}",0.6036514414841084,"[0.5966965858247607, 0.5371284913893547, 0.6771292472382099]"
strength,2,Graph_labeled_only,"{""alpha"": 0.001, ""graph_lambda"": 1.0}",0.6330890725259511,"[0.6343037953522085, 0.5600542493312001, 0.7049091728944449]"
strength,2,Graph_labeled_only,"{""alpha"": 0.01, ""graph_lambda"": 0.01}",0.7078349173766686,"[0.7218950855764777, 0.6238744097395207, 0.7777352568140077]"
strength,2,Graph_labeled_only,"{""alpha"": 0.01, ""graph_lambda"": 0.1}",0.7094365823642979,"[0.7234270926120479, 0.6253003482064049, 0.7795823062744408]"
strength,2,Graph_labeled_only,"{""alpha"": 0.01, ""graph_lambda"": 1.0}",0.7238781167723644,"[0.7369534969666353, 0.638432570629061, 0.7962482827213968]"
strength,2,Graph_labeled_only,"{""alpha"": 0.1, ""graph_lambda"": 0.01}",0.8854019482344865,"[0.9013781307653868, 0.7698150476704851, 0.9850126662675875]"
strength,2,Graph_labeled_only,"{""alpha"": 0.1, ""graph_lambda"": 0.1}",0.8855467004177887,"[0.9015123657074274, 0.7699502821555756, 0.9851774533903628]"
strength,2,Graph_labeled_only,"{""alpha"": 0.1, ""graph_lambda"": 1.0}",0.8869529625855804,"[0.902813885177463, 0.7712630314191792, 0.9867819711600991]"
strength,2,Graph_semi_supervised,"{""alpha"": 1e-05, ""graph_lambda"": 0.01}",0.5758025340260143,"[0.5343746843544187, 0.5202957398331405, 0.6727371778904837]"
strength,2,Graph_semi_supervised,"{""alpha"": 1e-05, ""graph_lambda"": 0.1}",0.5753972837051674,"[0.5354577310169021, 0.5196220585560765, 0.6711120615425235]"
strength,2,Graph_semi_supervised,"{""alpha"": 1e-05, ""graph_lambda"": 1.0}",0.5851071691322424,"[0.5619107422510613, 0.5240847030905886, 0.6693260620550773]"
strength,2,Graph_semi_supervised,"{""alpha"": 0.0001, ""graph_lambda"": 0.01}",0.5735150847289979,"[0.5371295661028516, 0.5204502402553964, 0.6629654478287459]"
strength,2,Graph_semi_supervised,"{""alpha"": 0.0001, ""graph_lambda"": 0.1}",0.5743523654013148,"[0.5396364453706934, 0.5204068315741844, 0.6630138192590668]"
strength,2,Graph_semi_supervised,"{""alpha"": 0.0001, ""graph_lambda"": 1.0}",0.5871678528606145,"[0.5671462869129683, 0.5257794857086892, 0.6685777859601859]"
strength,2,Graph_semi_supervised,"{""alpha"": 0.001, ""graph_lambda"": 0.01}",0.6010172563618267,"[0.5923519001753595, 0.5359331071480438, 0.6747667617620768]"
strength,2,Graph_semi_supervised,"{""alpha"": 0.001, ""graph_lambda"": 0.1}",0.6018972967584983,"[0.5939144302328864, 0.5363886961454042, 0.6753887638972044]"
strength,2,Graph_semi_supervised,"{""alpha"": 0.001, ""graph_lambda"": 1.0}",0.611695375332541,"[0.6094440509691038, 0.5424272104669811, 0.683214864561538]"
strength,2,Graph_semi_supervised,"{""alpha"": 0.01, ""graph_lambda"": 0.01}",0.707711493030577,"[0.721785034306305, 0.6237611787730564, 0.7775882660123696]"
strength,2,Graph_semi_supervised,"{""alpha"": 0.01, ""graph_lambda"": 0.1}",0.708216529666366,"[0.7223433343120939, 0.6241768709852267, 0.7781293837017773]"
strength,2,Graph_semi_supervised,"{""alpha"": 0.01, ""graph_lambda"": 1.0}",0.7130478587669621,"[0.727629708279515, 0.6281789121518894, 0.7833349558694819]"
strength,2,Graph_semi_supervised,"{""alpha"": 0.1, ""graph_lambda"": 0.01}",0.8853903772993007,"[0.9013680465555917, 0.7698039316725254, 0.9849991536697851]"
strength,2,Graph_semi_supervised,"{""alpha"": 0.1, ""graph_lambda"": 0.1}",0.8854313771797452,"[0.9014118980347406, 0.7698394980744858, 0.985042735430009]"
strength,2,Graph_semi_supervised,"{""alpha"": 0.1, ""graph_lambda"": 1.0}",0.8858368533986155,"[0.9018450313105753, 0.7701913036694034, 0.9854742252158678]"
strength,3,Dummy_mean,{},1.0089703514636008,"[1.0295314117590348, 0.899325015655949, 1.0980546269758185]"
strength,3,OLS,{},0.7568857566263953,"[0.820170697108643, 0.6549028884105872, 0.795583684359956]"
strength,3,Ridge,"{""alpha"": 0.1}",0.7476595709277,"[0.8131313585137107, 0.6385875534660906, 0.7912598008032985]"
strength,3,Ridge,"{""alpha"": 1}",0.7166204067291774,"[0.7931485060263596, 0.5928761622624417, 0.763836551898731]"
strength,3,Ridge,"{""alpha"": 10}",0.6731654273133264,"[0.7502998307644938, 0.5784883148448525, 0.6907081363306328]"
strength,3,Ridge,"{""alpha"": 100}",0.6718081495572273,"[0.725353627104122, 0.616353330570316, 0.6737174909972438]"
strength,3,Ridge,"{""alpha"": 1000}",0.816400034771481,"[0.839332405686303, 0.7419979524585737, 0.8678697461695665]"
strength,3,KNN,"{""n_neighbors"": 3, ""weights"": ""uniform""}",0.647624106625111,"[0.69292543862275, 0.5436488890590897, 0.7062979921934937]"
strength,3,KNN,"{""n_neighbors"": 3, ""weights"": ""distance""}",0.6277354423043828,"[0.6766709229341971, 0.5365536655425611, 0.6699817384363902]"
strength,3,KNN,"{""n_neighbors"": 7, ""weights"": ""uniform""}",0.6969748711648509,"[0.7347815373148356, 0.5934719593814012, 0.7626711167983161]"
strength,3,KNN,"{""n_neighbors"": 7, ""weights"": ""distance""}",0.638316366236016,"[0.6824241445181, 0.5361926640958005, 0.6963322900941477]"
strength,3,KNN,"{""n_neighbors"": 15, ""weights"": ""uniform""}",0.7577877425374552,"[0.8100659583179947, 0.6667716246581702, 0.7965256446362007]"
strength,3,KNN,"{""n_neighbors"": 15, ""weights"": ""distance""}",0.6673213101662236,"[0.7121486808417522, 0.5719719727939824, 0.7178432768629364]"
strength,3,SVR_RBF,"{""estimator__C"": 1, ""estimator__epsilon"": 0.05}",0.5716688629259542,"[0.5868369185229574, 0.48396492059829876, 0.6442047496566065]"
strength,3,SVR_RBF,"{""estimator__C"": 1, ""estimator__epsilon"": 0.2}",0.5794576340844161,"[0.5949700201015041, 0.4925993517125143, 0.6508035304392296]"
strength,3,SVR_RBF,"{""estimator__C"": 10, ""estimator__epsilon"": 0.05}",0.5167132887004938,"[0.5076428120022651, 0.47003720311052727, 0.572459850988689]"
strength,3,SVR_RBF,"{""estimator__C"": 10, ""estimator__epsilon"": 0.2}",0.5266811264916761,"[0.5237532488477674, 0.4809882736266984, 0.5753018570005622]"
strength,3,SVR_RBF,"{""estimator__C"": 100, ""estimator__epsilon"": 0.05}",0.5052329191772765,"[0.5365519898073101, 0.49337104336868126, 0.4857757243558383]"
strength,3,SVR_RBF,"{""estimator__C"": 100, ""estimator__epsilon"": 0.2}",0.5101938905697699,"[0.5063122180523236, 0.5097262007597099, 0.5145432528972762]"
strength,3,DecisionTree,"{""max_depth"": 3, ""min_samples_leaf"": 2}",0.7942246416124186,"[0.8003272514485184, 0.7324524536731595, 0.8498942197155778]"
strength,3,DecisionTree,"{""max_depth"": 3, ""min_samples_leaf"": 8}",0.8077244501480019,"[0.8436609235172949, 0.7296182072111331, 0.8498942197155778]"
strength,3,DecisionTree,"{""max_depth"": 6, ""min_samples_leaf"": 2}",0.7256482719269554,"[0.6964636838994916, 0.6968756858871484, 0.7836054459942262]"
strength,3,DecisionTree,"{""max_depth"": 6, ""min_samples_leaf"": 8}",0.7503246180621468,"[0.739568050108428, 0.7111303505220716, 0.800275453555941]"
strength,3,DecisionTree,"{""max_depth"": null, ""min_samples_leaf"": 2}",0.6944023482501502,"[0.6609248166154141, 0.675661919289149, 0.7466203088458876]"
strength,3,DecisionTree,"{""max_depth"": null, ""min_samples_leaf"": 8}",0.7499967738345411,"[0.747743435943991, 0.7109372430212652, 0.7913096425383671]"
strength,3,Bagging,"{""estimator__max_depth"": 6, ""max_samples"": 0.6}",0.6242405327171214,"[0.6228636662978949, 0.5709963063450721, 0.6788616255083971]"
strength,3,Bagging,"{""estimator__max_depth"": 6, ""max_samples"": 1.0}",0.6212404354086019,"[0.6218536760024858, 0.5719711188059792, 0.6698965114173405]"
strength,3,Bagging,"{""estimator__max_depth"": null, ""max_samples"": 0.6}",0.5959863114463547,"[0.5911010096183115, 0.5391575410700513, 0.657700383650701]"
strength,3,Bagging,"{""estimator__max_depth"": null, ""max_samples"": 1.0}",0.576130387218878,"[0.5761731291109057, 0.5289460879046729, 0.6232719446410556]"
strength,3,RandomForest,"{""max_features"": 0.5, ""min_samples_leaf"": 2}",0.5717092040183696,"[0.5647769843422802, 0.5208291559612693, 0.629521471751559]"
strength,3,RandomForest,"{""max_features"": 0.5, ""min_samples_leaf"": 8}",0.6672943612389047,"[0.650393862750484, 0.6296474191935802, 0.72184180177265]"
strength,3,RandomForest,"{""max_features"": 1.0, ""min_samples_leaf"": 2}",0.5754475729393255,"[0.5733213593808851, 0.5251731073182433, 0.627848252118848]"
strength,3,RandomForest,"{""max_features"": 1.0, ""min_samples_leaf"": 8}",0.6667301371542557,"[0.6509236534224092, 0.6262262081653889, 0.7230405498749688]"
strength,3,ExtraTrees,"{""max_features"": 0.5, ""min_samples_leaf"": 2}",0.551653008634752,"[0.5604967742837375, 0.4725817786772531, 0.6218804729432655]"
strength,3,ExtraTrees,"{""max_features"": 0.5, ""min_samples_leaf"": 8}",0.6644138637333964,"[0.6541441059710266, 0.6202743983165647, 0.7188230869125979]"
strength,3,ExtraTrees,"{""max_features"": 1.0, ""min_samples_leaf"": 2}",0.5400928598437241,"[0.5464699172926725, 0.4638307970425575, 0.6099778651959421]"
strength,3,ExtraTrees,"{""max_features"": 1.0, ""min_samples_leaf"": 8}",0.6537850689982747,"[0.6457963884976303, 0.5954939496166883, 0.7200648688805055]"
strength,3,Nystroem_Ridge_control,"{""alpha"": 1e-05, ""graph_lambda"": 0.0}",0.5729303762853742,"[0.5584680802722543, 0.5685717949557755, 0.591751253628093]"
strength,3,Nystroem_Ridge_control,"{""alpha"": 0.0001, ""graph_lambda"": 0.0}",0.5744442831688458,"[0.5627519177126722, 0.559376986528831, 0.6012039452650341]"
strength,3,Nystroem_Ridge_control,"{""alpha"": 0.001, ""graph_lambda"": 0.0}",0.6070817597471415,"[0.6071742055075879, 0.5766307497208075, 0.637440324013029]"
strength,3,Nystroem_Ridge_control,"{""alpha"": 0.01, ""graph_lambda"": 0.0}",0.721389829247947,"[0.7354650492130297, 0.6640024603715559, 0.7647019781592554]"
strength,3,Nystroem_Ridge_control,"{""alpha"": 0.1, ""graph_lambda"": 0.0}",0.9027576961001101,"[0.9188402352114075, 0.8111207345854109, 0.9783121185035121]"
strength,3,Graph_labeled_only,"{""alpha"": 1e-05, ""graph_lambda"": 0.01}",0.5726813798142,"[0.558422626206681, 0.5677263948016602, 0.591895118434259]"
strength,3,Graph_labeled_only,"{""alpha"": 1e-05, ""graph_lambda"": 0.1}",0.5718725104442052,"[0.5593275687828211, 0.5621520218263156, 0.594137940723479]"
strength,3,Graph_labeled_only,"{""alpha"": 1e-05, ""graph_lambda"": 1.0}",0.6061260212147818,"[0.6044937334234066, 0.5754070085193654, 0.6384773217015735]"
strength,3,Graph_labeled_only,"{""alpha"": 0.0001, ""graph_lambda"": 0.01}",0.5744596929027926,"[0.5629384719017865, 0.559005581302232, 0.6014350255043595]"
strength,3,Graph_labeled_only,"{""alpha"": 0.0001, ""graph_lambda"": 0.1}",0.5754352588717152,"[0.5653565178371674, 0.5568810769828602, 0.6040681817951179]"
strength,3,Graph_labeled_only,"{""alpha"": 0.0001, ""graph_lambda"": 1.0}",0.611024162938678,"[0.6102558643273553, 0.5783541604152077, 0.6444624640734711]"
strength,3,Graph_labeled_only,"{""alpha"": 0.001, ""graph_lambda"": 0.01}",0.6073390189268993,"[0.6075075218128266, 0.5767740985556143, 0.637735436412257]"
strength,3,Graph_labeled_only,"{""alpha"": 0.001, ""graph_lambda"": 0.1}",0.6098586845296644,"[0.6106722392893491, 0.5783362398088069, 0.6405675744908371]"
strength,3,Graph_labeled_only,"{""alpha"": 0.001, ""graph_lambda"": 1.0}",0.6406754577792454,"[0.6459009384221054, 0.6030853184905783, 0.6730401164250525]"
strength,3,Graph_labeled_only,"{""alpha"": 0.01, ""graph_lambda"": 0.01}",0.7215817924725066,"[0.7356441688919674, 0.6641827029382101, 0.7649185055873424]"
strength,3,Graph_labeled_only,"{""alpha"": 0.01, ""graph_lambda"": 0.1}",0.7232888413878392,"[0.7372417204891755, 0.6657842657244594, 0.766840537949883]"
strength,3,Graph_labeled_only,"{""alpha"": 0.01, ""graph_lambda"": 1.0}",0.7384428979702391,"[0.7517218701565868, 0.679913106032795, 0.7836937177213356]"
strength,3,Graph_labeled_only,"{""alpha"": 0.1, ""graph_lambda"": 0.01}",0.9027739703409189,"[0.9188563369685842, 0.8111369422366984, 0.9783286318174742]"
strength,3,Graph_labeled_only,"{""alpha"": 0.1, ""graph_lambda"": 0.1}",0.902919983461782,"[0.91900080723956, 0.8112823176088401, 0.9784768255369461]"
strength,3,Graph_labeled_only,"{""alpha"": 0.1, ""graph_lambda"": 1.0}",0.9043368154511402,"[0.9204030652700775, 0.8126892136070983, 0.9799181674762449]"
strength,3,Graph_semi_supervised,"{""alpha"": 1e-05, ""graph_lambda"": 0.01}",0.5728846579520835,"[0.5585478964474611, 0.5680804804974815, 0.592025596911308]"
strength,3,Graph_semi_supervised,"{""alpha"": 1e-05, ""graph_lambda"": 0.1}",0.572865482781839,"[0.5597052258239751, 0.5643685974132487, 0.594522625108293]"
strength,3,Graph_semi_supervised,"{""alpha"": 1e-05, ""graph_lambda"": 1.0}",0.5858437049244573,"[0.5840893564649435, 0.5567292750391105, 0.6167124832693177]"
strength,3,Graph_semi_supervised,"{""alpha"": 0.0001, ""graph_lambda"": 0.01}",0.5745168948465759,"[0.5629204469617333, 0.559265019487127, 0.601365218090867]"
strength,3,Graph_semi_supervised,"{""alpha"": 0.0001, ""graph_lambda"": 0.1}",0.5753118766486133,"[0.5646166034381835, 0.558437028867785, 0.6028819976398712]"
strength,3,Graph_semi_supervised,"{""alpha"": 0.0001, ""graph_lambda"": 1.0}",0.5890618171327325,"[0.5876193915567473, 0.5596376872635912, 0.6199283725778593]"
strength,3,Graph_semi_supervised,"{""alpha"": 0.001, ""graph_lambda"": 0.01}",0.6071743785162687,"[0.6073098685123816, 0.5766782447837596, 0.6375350222526649]"
strength,3,Graph_semi_supervised,"{""alpha"": 0.001, ""graph_lambda"": 0.1}",0.6080389422167426,"[0.6085701280217791, 0.5771287502980399, 0.638417948330409]"
strength,3,Graph_semi_supervised,"{""alpha"": 0.001, ""graph_lambda"": 1.0}",0.6182827026278267,"[0.6229399240132371, 0.583039242750934, 0.6488689411193088]"
strength,3,Graph_semi_supervised,"{""alpha"": 0.01, ""graph_lambda"": 0.01}",0.7214535919621641,"[0.7355305830415689, 0.6640535283056409, 0.7647766645392823]"
strength,3,Graph_semi_supervised,"{""alpha"": 0.01, ""graph_lambda"": 0.1}",0.722024479742695,"[0.7361181950031831, 0.6645105300161555, 0.7654447142087465]"
strength,3,Graph_semi_supervised,"{""alpha"": 0.01, ""graph_lambda"": 1.0}",0.7274411859421485,"[0.7417562507320037, 0.6688327805227559, 0.7717345265716856]"
strength,3,Graph_semi_supervised,"{""alpha"": 0.1, ""graph_lambda"": 0.01}",0.9027626438378346,"[0.9188460517428351, 0.8111245740557896, 0.978317305714879]"
strength,3,Graph_semi_supervised,"{""alpha"": 0.1, ""graph_lambda"": 0.1}",0.9028071154469303,"[0.9188983280308852, 0.8111590860440264, 0.9783639322658789]"
strength,3,Graph_semi_supervised,"{""alpha"": 0.1, ""graph_lambda"": 1.0}",0.9032461989984936,"[0.9194140626355294, 0.81150000527391, 0.9788245290860415]"
strength,4,Dummy_mean,{},1.012327218341176,"[1.0634897247271373, 0.9208477741615556, 1.0526441561348345]"
strength,4,OLS,{},0.7203624520749653,"[0.8072237388448201, 0.5972420877508782, 0.7566215296291977]"
strength,4,Ridge,"{""alpha"": 0.1}",0.7155581179880749,"[0.8009283216583709, 0.5943065693274475, 0.7514394629784062]"
strength,4,Ridge,"{""alpha"": 1}",0.6978051061748833,"[0.7819641739553722, 0.583998315272724, 0.7274528292965537]"
strength,4,Ridge,"{""alpha"": 10}",0.6716135050711974,"[0.7628397250316198, 0.5704733723935842, 0.6815274177883883]"
strength,4,Ridge,"{""alpha"": 100}",0.6921963103304548,"[0.7750142218824184, 0.6147998266216154, 0.6867748824873307]"
strength,4,Ridge,"{""alpha"": 1000}",0.8338731476366431,"[0.8893055178186735, 0.7517712492273311, 0.8605426758639251]"
strength,4,KNN,"{""n_neighbors"": 3, ""weights"": ""uniform""}",0.6590920433764772,"[0.7317832536556875, 0.53886085375727, 0.706632022716474]"
strength,4,KNN,"{""n_neighbors"": 3, ""weights"": ""distance""}",0.6342775900888923,"[0.7061428869561935, 0.5201018877051417, 0.6765879956053418]"
strength,4,KNN,"{""n_neighbors"": 7, ""weights"": ""uniform""}",0.7105145579549214,"[0.7701900905502771, 0.6194053579779756, 0.7419482253365116]"
strength,4,KNN,"{""n_neighbors"": 7, ""weights"": ""distance""}",0.6457838492472147,"[0.7130512773428054, 0.545997179860553, 0.6783030905382857]"
strength,4,KNN,"{""n_neighbors"": 15, ""weights"": ""uniform""}",0.7782092236890586,"[0.8302594100335772, 0.7218290443872175, 0.7825392166463813]"
strength,4,KNN,"{""n_neighbors"": 15, ""weights"": ""distance""}",0.6892468231943197,"[0.742095131504701, 0.6195623304794338, 0.7060830075988246]"
strength,4,SVR_RBF,"{""estimator__C"": 1, ""estimator__epsilon"": 0.05}",0.5870889411223087,"[0.6539193168560623, 0.4714259858048792, 0.6359215207059845]"
strength,4,SVR_RBF,"{""estimator__C"": 1, ""estimator__epsilon"": 0.2}",0.5916583653358228,"[0.6540499625988342, 0.48189352268409286, 0.6390316107245414]"
strength,4,SVR_RBF,"{""estimator__C"": 10, ""estimator__epsilon"": 0.05}",0.49224779428066495,"[0.5324384244397238, 0.40088339088429525, 0.5434215675179758]"
strength,4,SVR_RBF,"{""estimator__C"": 10, ""estimator__epsilon"": 0.2}",0.499399449788596,"[0.5353975934829891, 0.41798212129853746, 0.5448186345842614]"
strength,4,SVR_RBF,"{""estimator__C"": 100, ""estimator__epsilon"": 0.05}",0.48434587506696397,"[0.5371007183898341, 0.4197267707863633, 0.4962101360246944]"
strength,4,SVR_RBF,"{""estimator__C"": 100, ""estimator__epsilon"": 0.2}",0.4902272300246297,"[0.5072105273356439, 0.4322507778437255, 0.5312203848945197]"
strength,4,DecisionTree,"{""max_depth"": 3, ""min_samples_leaf"": 2}",0.8058994874286597,"[0.8210936530322609, 0.7229776513201648, 0.8736271579335534]"
strength,4,DecisionTree,"{""max_depth"": 3, ""min_samples_leaf"": 8}",0.8081400530393245,"[0.8235120758800544, 0.7306945744476628, 0.8702135087902564]"
strength,4,DecisionTree,"{""max_depth"": 6, ""min_samples_leaf"": 2}",0.7438383965907917,"[0.7819473496143772, 0.6387623146821308, 0.8108055254758672]"
strength,4,DecisionTree,"{""max_depth"": 6, ""min_samples_leaf"": 8}",0.7679111814789863,"[0.7664464901483262, 0.6970139349178518, 0.8402731193707808]"
strength,4,DecisionTree,"{""max_depth"": null, ""min_samples_leaf"": 2}",0.7132639569126266,"[0.7381236261966729, 0.6211721283547765, 0.7804961161864304]"
strength,4,DecisionTree,"{""max_depth"": null, ""min_samples_leaf"": 8}",0.7566826870560144,"[0.7359325443288253, 0.7096656932422566, 0.8244498235969614]"
strength,4,Bagging,"{""estimator__max_depth"": 6, ""max_samples"": 0.6}",0.6339124887043303,"[0.6389599488227026, 0.5484698988018217, 0.7143076184884665]"
strength,4,Bagging,"{""estimator__max_depth"": 6, ""max_samples"": 1.0}",0.6308816594029191,"[0.633870976236373, 0.5376650570040925, 0.7211089449682916]"
strength,4,Bagging,"{""estimator__max_depth"": null, ""max_samples"": 0.6}",0.6028316281750992,"[0.6040875619025878, 0.5157097448425207, 0.688697577780189]"
strength,4,Bagging,"{""estimator__max_depth"": null, ""max_samples"": 1.0}",0.5893186615626851,"[0.5878256775155496, 0.49543854385794006, 0.6846917633145656]"
strength,4,RandomForest,"{""max_features"": 0.5, ""min_samples_leaf"": 2}",0.5943520448818851,"[0.6093507089070697, 0.5100163336787745, 0.6636890920598112]"
strength,4,RandomForest,"{""max_features"": 0.5, ""min_samples_leaf"": 8}",0.6748778983343965,"[0.6749217434153009, 0.6134826988290534, 0.736229252758835]"
strength,4,RandomForest,"{""max_features"": 1.0, ""min_samples_leaf"": 2}",0.5888797190868186,"[0.5829643864818798, 0.4981835751356421, 0.685491195642934]"
strength,4,RandomForest,"{""max_features"": 1.0, ""min_samples_leaf"": 8}",0.6737242422489285,"[0.6552812062759692, 0.6082440126926856, 0.7576475077781307]"
strength,4,ExtraTrees,"{""max_features"": 0.5, ""min_samples_leaf"": 2}",0.5592364445474957,"[0.5885715904267906, 0.4554609900034128, 0.6336767532122837]"
strength,4,ExtraTrees,"{""max_features"": 0.5, ""min_samples_leaf"": 8}",0.6700209103459525,"[0.6869264811441341, 0.611126075280281, 0.7120101746134421]"
strength,4,ExtraTrees,"{""max_features"": 1.0, ""min_samples_leaf"": 2}",0.5491178923297775,"[0.5683777761076697, 0.44955663870510926, 0.6294192621765534]"
strength,4,ExtraTrees,"{""max_features"": 1.0, ""min_samples_leaf"": 8}",0.6451262022249774,"[0.6434175488743394, 0.5809106584351746, 0.7110503993654183]"
strength,4,Nystroem_Ridge_control,"{""alpha"": 1e-05, ""graph_lambda"": 0.0}",0.6269802225021227,"[0.5979091800379733, 0.5378451112023067, 0.7451863762660881]"
strength,4,Nystroem_Ridge_control,"{""alpha"": 0.0001, ""graph_lambda"": 0.0}",0.612680920419368,"[0.614395508859789, 0.5212238851299136, 0.7024233672684014]"
strength,4,Nystroem_Ridge_control,"{""alpha"": 0.001, ""graph_lambda"": 0.0}",0.6333875464307668,"[0.6726653327623241, 0.545531585741314, 0.6819657207886624]"
strength,4,Nystroem_Ridge_control,"{""alpha"": 0.01, ""graph_lambda"": 0.0}",0.7442200520972722,"[0.7849378448525172, 0.6755797535573498, 0.7721425578819495]"
strength,4,Nystroem_Ridge_control,"{""alpha"": 0.1, ""graph_lambda"": 0.0}",0.9097388993404776,"[0.9570004073513748, 0.824019191571015, 0.9481970990990428]"
strength,4,Graph_labeled_only,"{""alpha"": 1e-05, ""graph_lambda"": 0.01}",0.6260913233855292,"[0.5980451501142853, 0.5371486768968642, 0.7430801431454382]"
strength,4,Graph_labeled_only,"{""alpha"": 1e-05, ""graph_lambda"": 0.1}",0.6204512202608443,"[0.6007604477306113, 0.5335348860136979, 0.7270583270382237]"
strength,4,Graph_labeled_only,"{""alpha"": 1e-05, ""graph_lambda"": 1.0}",0.637535273609144,"[0.657064719939132, 0.5697425902418344, 0.6857985106464657]"
strength,4,Graph_labeled_only,"{""alpha"": 0.0001, ""graph_lambda"": 0.01}",0.6125082224149413,"[0.6147575281004801, 0.5212413239180756, 0.701525815226268]"
strength,4,Graph_labeled_only,"{""alpha"": 0.0001, ""graph_lambda"": 0.1}",0.6120479047424288,"[0.6185998298444733, 0.5227488728146239, 0.6947950115681891]"
strength,4,Graph_labeled_only,"{""alpha"": 0.0001, ""graph_lambda"": 1.0}",0.6408933867139971,"[0.6677056917703242, 0.570637434027967, 0.6843370343437]"
strength,4,Graph_labeled_only,"{""alpha"": 0.001, ""graph_lambda"": 0.01}",0.633717836408139,"[0.67296693490972, 0.5460885116000932, 0.6820980627146035]"
strength,4,Graph_labeled_only,"{""alpha"": 0.001, ""graph_lambda"": 0.1}",0.6368024486954192,"[0.6757995994676262, 0.5511654610341955, 0.6834422855844359]"
strength,4,Graph_labeled_only,"{""alpha"": 0.001, ""graph_lambda"": 1.0}",0.6683259436367402,"[0.7058046281034756, 0.5971907907395557, 0.7019824120671894]"
strength,4,Graph_labeled_only,"{""alpha"": 0.01, ""graph_lambda"": 0.01}",0.7443832800826774,"[0.78507805384923, 0.6757839965175493, 0.7722877898812527]"
strength,4,Graph_labeled_only,"{""alpha"": 0.01, ""graph_lambda"": 0.1}",0.7458316305638397,"[0.7863274292024243, 0.6775898885698607, 0.7735775739192343]"
strength,4,Graph_labeled_only,"{""alpha"": 0.01, ""graph_lambda"": 1.0}",0.7585015384465789,"[0.7976020654448198, 0.6929615402688641, 0.7849410096260527]"
strength,4,Graph_labeled_only,"{""alpha"": 0.1, ""graph_lambda"": 0.01}",0.9097506419899989,"[0.9570114841755365, 0.8240328986615938, 0.9482075431328666]"
strength,4,Graph_labeled_only,"{""alpha"": 0.1, ""graph_lambda"": 0.1}",0.9098560366365597,"[0.9571109052558859, 0.8241558934526081, 0.9483013112011852]"
strength,4,Graph_labeled_only,"{""alpha"": 0.1, ""graph_lambda"": 1.0}",0.9108824097039537,"[0.9580793482266999, 0.8253506905652676, 0.9492171903198936]"
strength,4,Graph_semi_supervised,"{""alpha"": 1e-05, ""graph_lambda"": 0.01}",0.6262616416225876,"[0.5978446059796205, 0.5374309529418722, 0.7435093659462702]"
strength,4,Graph_semi_supervised,"{""alpha"": 1e-05, ""graph_lambda"": 0.1}",0.6208356215428887,"[0.5981755819317381, 0.5344157808315031, 0.7299155018654248]"
strength,4,Graph_semi_supervised,"{""alpha"": 1e-05, ""graph_lambda"": 1.0}",0.6120191552354157,"[0.6270606010056574, 0.5371220427886615, 0.6718748219119283]"
strength,4,Graph_semi_supervised,"{""alpha"": 0.0001, ""graph_lambda"": 0.01}",0.612504665082032,"[0.6145519679465309, 0.5211980063122926, 0.7017640209872725]"
strength,4,Graph_semi_supervised,"{""alpha"": 0.0001, ""graph_lambda"": 0.1}",0.611260196479924,"[0.6162040701313075, 0.5212512366461682, 0.6963252826622964]"
strength,4,Graph_semi_supervised,"{""alpha"": 0.0001, ""graph_lambda"": 1.0}",0.6157315102916691,"[0.6401808751568631, 0.5356083016994048, 0.6714053540187394]"
strength,4,Graph_semi_supervised,"{""alpha"": 0.001, ""graph_lambda"": 0.01}",0.6334986376457422,"[0.6727778361501672, 0.5457316318914489, 0.6819864448956102]"
strength,4,Graph_semi_supervised,"{""alpha"": 0.001, ""graph_lambda"": 0.1}",0.6345254395156315,"[0.6738151572389514, 0.5475495920045728, 0.6822115693033702]"
strength,4,Graph_semi_supervised,"{""alpha"": 0.001, ""graph_lambda"": 1.0}",0.6460660215066355,"[0.6852717650881711, 0.5660325790485005, 0.6868937203832349]"
strength,4,Graph_semi_supervised,"{""alpha"": 0.01, ""graph_lambda"": 0.01}",0.7442797564172131,"[0.7849877420513041, 0.6756539917260111, 0.7721975354743243]"
strength,4,Graph_semi_supervised,"{""alpha"": 0.01, ""graph_lambda"": 0.1}",0.7448137091972825,"[0.7854349237675199, 0.6763169162103893, 0.7726892876139387]"
strength,4,Graph_semi_supervised,"{""alpha"": 0.01, ""graph_lambda"": 1.0}",0.7498329415707925,"[0.7897123363096883, 0.6824680291294934, 0.7773184592731955]"
strength,4,Graph_semi_supervised,"{""alpha"": 0.1, ""graph_lambda"": 0.01}",0.909742963660961,"[0.9570044088289663, 0.8240235772218875, 0.9482009049320294]"
strength,4,Graph_semi_supervised,"{""alpha"": 0.1, ""graph_lambda"": 0.1}",0.9097794995579948,"[0.9570403801659975, 0.8240630002492236, 0.948235118258763]"
strength,4,Graph_semi_supervised,"{""alpha"": 0.1, ""graph_lambda"": 1.0}",0.910140682027841,"[0.9573960157633241, 0.8244525857307687, 0.9485734445894303]"
strength,5,Dummy_mean,{},1.0122951434667542,"[1.0430009665295794, 0.9434433376730319, 1.0504411261976518]"
strength,5,OLS,{},0.7876559722948372,"[0.7591838475705397, 0.8986971381277961, 0.7050869311861757]"
strength,5,Ridge,"{""alpha"": 0.1}",0.7756043490107135,"[0.7522414282027672, 0.8737283229622294, 0.7008432958671439]"
strength,5,Ridge,"{""alpha"": 1}",0.7402993108611624,"[0.7351104638428151, 0.8027241548146771, 0.6830633139259952]"
strength,5,Ridge,"{""alpha"": 10}",0.6937494826020946,"[0.727526496085282, 0.6995778637172897, 0.6541440880037119]"
strength,5,Ridge,"{""alpha"": 100}",0.6835817636511184,"[0.738257232921317, 0.63619281793028, 0.6762952401017582]"
strength,5,Ridge,"{""alpha"": 1000}",0.811014994482294,"[0.8519839587764563, 0.722027814098086, 0.8590332105723398]"
strength,5,KNN,"{""n_neighbors"": 3, ""weights"": ""uniform""}",0.632374453263285,"[0.6517049286525854, 0.5451831373504346, 0.700235293786835]"
strength,5,KNN,"{""n_neighbors"": 3, ""weights"": ""distance""}",0.6114623708472541,"[0.6331008328508274, 0.5323638823255337, 0.6689223973654009]"
strength,5,KNN,"{""n_neighbors"": 7, ""weights"": ""uniform""}",0.703680494223065,"[0.7186278758230141, 0.6404089598232218, 0.752004647022959]"
strength,5,KNN,"{""n_neighbors"": 7, ""weights"": ""distance""}",0.6420189794711012,"[0.6733222764681789, 0.5542899932227011, 0.6984446687224235]"
strength,5,KNN,"{""n_neighbors"": 15, ""weights"": ""uniform""}",0.7583360669853739,"[0.802271242784828, 0.6920567348121985, 0.780680223359095]"
strength,5,KNN,"{""n_neighbors"": 15, ""weights"": ""distance""}",0.6819396416909936,"[0.7310507224382065, 0.5998710695207151, 0.7148971331140594]"
strength,5,SVR_RBF,"{""estimator__C"": 1, ""estimator__epsilon"": 0.05}",0.5498259956191148,"[0.5837962055439244, 0.438162234746405, 0.6275195465670151]"
strength,5,SVR_RBF,"{""estimator__C"": 1, ""estimator__epsilon"": 0.2}",0.5525751539422563,"[0.5906722114755322, 0.4480530458085495, 0.6190002045426871]"
strength,5,SVR_RBF,"{""estimator__C"": 10, ""estimator__epsilon"": 0.05}",0.4623333626146115,"[0.4625064550499478, 0.37696418676368687, 0.5475294460301998]"
strength,5,SVR_RBF,"{""estimator__C"": 10, ""estimator__epsilon"": 0.2}",0.4704059873874158,"[0.476003450537347, 0.3795729889125951, 0.5556415227123054]"
strength,5,SVR_RBF,"{""estimator__C"": 100, ""estimator__epsilon"": 0.05}",0.49177723541141605,"[0.5044696221842696, 0.4001195085825045, 0.5707425754674741]"
strength,5,SVR_RBF,"{""estimator__C"": 100, ""estimator__epsilon"": 0.2}",0.4729912946812391,"[0.47546452631224884, 0.3946824664501654, 0.5488268912813031]"
strength,5,DecisionTree,"{""max_depth"": 3, ""min_samples_leaf"": 2}",0.7805642677850472,"[0.7734973292749984, 0.7170850886235652, 0.851110385456578]"
strength,5,DecisionTree,"{""max_depth"": 3, ""min_samples_leaf"": 8}",0.763161569840516,"[0.7734973292749984, 0.6998152271774676, 0.8161721530690823]"
strength,5,DecisionTree,"{""max_depth"": 6, ""min_samples_leaf"": 2}",0.7157255557180116,"[0.7135486659122492, 0.6806380144153336, 0.7529899868264521]"
strength,5,DecisionTree,"{""max_depth"": 6, ""min_samples_leaf"": 8}",0.7232977392605658,"[0.7335658161739866, 0.6578758945533182, 0.7784515070543926]"
strength,5,DecisionTree,"{""max_depth"": null, ""min_samples_leaf"": 2}",0.7018522273291214,"[0.6544171856123028, 0.6882236216048137, 0.7629158747702477]"
strength,5,DecisionTree,"{""max_depth"": null, ""min_samples_leaf"": 8}",0.7128638556564324,"[0.7025674827894415, 0.6546387707726447, 0.7813853134072111]"
strength,5,Bagging,"{""estimator__max_depth"": 6, ""max_samples"": 0.6}",0.607243157880712,"[0.6204800038974039, 0.5102813228938582, 0.690968146850874]"
strength,5,Bagging,"{""estimator__max_depth"": 6, ""max_samples"": 1.0}",0.6056311104320877,"[0.6117189127500912, 0.5243213177254697, 0.6808531008207023]"
strength,5,Bagging,"{""estimator__max_depth"": null, ""max_samples"": 0.6}",0.5794850735616977,"[0.5893808260983541, 0.48075437335541604, 0.6683200212313228]"
strength,5,Bagging,"{""estimator__max_depth"": null, ""max_samples"": 1.0}",0.5680901431349427,"[0.5655252873799932, 0.48541428905123474, 0.6533308529736]"
strength,5,RandomForest,"{""max_features"": 0.5, ""min_samples_leaf"": 2}",0.5621094803368211,"[0.564333100496046, 0.4617140454211676, 0.6602812950932497]"
strength,5,RandomForest,"{""max_features"": 0.5, ""min_samples_leaf"": 8}",0.6547826489193792,"[0.6563434052203968, 0.5692976945546514, 0.7387068469830894]"
strength,5,RandomForest,"{""max_features"": 1.0, ""min_samples_leaf"": 2}",0.5651107829358012,"[0.5628895823941386, 0.4804814061045663, 0.6519613603086986]"
strength,5,RandomForest,"{""max_features"": 1.0, ""min_samples_leaf"": 8}",0.6593392355905343,"[0.6547242653158029, 0.5816428951920783, 0.7416505462637217]"
strength,5,ExtraTrees,"{""max_features"": 0.5, ""min_samples_leaf"": 2}",0.533458807188213,"[0.5556030636709678, 0.41464172031474256, 0.6301316375789285]"
strength,5,ExtraTrees,"{""max_features"": 0.5, ""min_samples_leaf"": 8}",0.6588381032536743,"[0.6751410748648166, 0.5733901769767101, 0.7279830579194964]"
strength,5,ExtraTrees,"{""max_features"": 1.0, ""min_samples_leaf"": 2}",0.5330176761099535,"[0.5524457630114861, 0.42855922272065744, 0.6180480425977174]"
strength,5,ExtraTrees,"{""max_features"": 1.0, ""min_samples_leaf"": 8}",0.6429390093904978,"[0.6604046874660329, 0.5409490231639397, 0.7274633175415205]"
strength,5,Nystroem_Ridge_control,"{""alpha"": 1e-05, ""graph_lambda"": 0.0}",0.5592028061488882,"[0.5389461480834904, 0.4992044833162326, 0.6394577870469415]"
strength,5,Nystroem_Ridge_control,"{""alpha"": 0.0001, ""graph_lambda"": 0.0}",0.5594367456974196,"[0.5513705095922276, 0.49228556906497917, 0.6346541584350521]"
strength,5,Nystroem_Ridge_control,"{""alpha"": 0.001, ""graph_lambda"": 0.0}",0.5897455696862862,"[0.6109990048648982, 0.5186578245396678, 0.6395798796542923]"
strength,5,Nystroem_Ridge_control,"{""alpha"": 0.01, ""graph_lambda"": 0.0}",0.714981252635186,"[0.7443720776982529, 0.6510743046563677, 0.7494973755509372]"
strength,5,Nystroem_Ridge_control,"{""alpha"": 0.1, ""graph_lambda"": 0.0}",0.9002065236305344,"[0.9321561223018957, 0.8241892150495705, 0.944274233540137]"
strength,5,Graph_labeled_only,"{""alpha"": 1e-05, ""graph_lambda"": 0.01}",0.5590237428958095,"[0.5393023306733027, 0.498687641118929, 0.6390812568951967]"
strength,5,Graph_labeled_only,"{""alpha"": 1e-05, ""graph_lambda"": 0.1}",0.5589131423901207,"[0.5438720741482651, 0.49616414444656237, 0.6367032085755348]"
strength,5,Graph_labeled_only,"{""alpha"": 1e-05, ""graph_lambda"": 1.0}",0.5990522463582167,"[0.6139567732244052, 0.5342220084101134, 0.6489779574401316]"
strength,5,Graph_labeled_only,"{""alpha"": 0.0001, ""graph_lambda"": 0.01}",0.5595397168900175,"[0.5518405098420447, 0.49224192080187984, 0.634536720026128]"
strength,5,Graph_labeled_only,"{""alpha"": 0.0001, ""graph_lambda"": 0.1}",0.5613354221239315,"[0.5568649766058085, 0.4931135554797419, 0.6340277342862443]"
strength,5,Graph_labeled_only,"{""alpha"": 0.0001, ""graph_lambda"": 1.0}",0.6033340081965344,"[0.6210782052364491, 0.5382138653080083, 0.6507099540451459]"
strength,5,Graph_labeled_only,"{""alpha"": 0.001, ""graph_lambda"": 0.01}",0.5901524559629469,"[0.6114830265618999, 0.5191787956806438, 0.6397955456462968]"
strength,5,Graph_labeled_only,"{""alpha"": 0.001, ""graph_lambda"": 0.1}",0.5939396318673524,"[0.6159682327320755, 0.523982947664975, 0.6418677152050066]"
strength,5,Graph_labeled_only,"{""alpha"": 0.001, ""graph_lambda"": 1.0}",0.6325231457850972,"[0.6603983565219465, 0.5704066642460538, 0.6667644165872909]"
strength,5,Graph_labeled_only,"{""alpha"": 0.01, ""graph_lambda"": 0.01}",0.7151836710835996,"[0.7445861687036549, 0.6512983925479582, 0.749666451999186]"
strength,5,Graph_labeled_only,"{""alpha"": 0.01, ""graph_lambda"": 0.1}",0.7169823376278907,"[0.7464894503666842, 0.6532846383448514, 0.7511729241721362]"
strength,5,Graph_labeled_only,"{""alpha"": 0.01, ""graph_lambda"": 1.0}",0.7328610944181492,"[0.7633224338216467, 0.6704850160651074, 0.7647758333676936]"
strength,5,Graph_labeled_only,"{""alpha"": 0.1, ""graph_lambda"": 0.01}",0.9002222831623593,"[0.9321722965618298, 0.8242072143215747, 0.9442873386036738]"
strength,5,Graph_labeled_only,"{""alpha"": 0.1, ""graph_lambda"": 0.1}",0.9003636911870974,"[0.9323174075348722, 0.8243687000882681, 0.9444049659381516]"
strength,5,Graph_labeled_only,"{""alpha"": 0.1, ""graph_lambda"": 1.0}",0.901737028147987,"[0.9337250468636759, 0.8259351944920392, 0.9455508430882459]"
strength,5,Graph_semi_supervised,"{""alpha"": 1e-05, ""graph_lambda"": 0.01}",0.5590879060590145,"[0.5390205348127931, 0.4990829055784656, 0.6391602777857849]"
strength,5,Graph_semi_supervised,"{""alpha"": 1e-05, ""graph_lambda"": 0.1}",0.5584254349396812,"[0.5401326056242293, 0.4983234720921435, 0.636820227102671]"
strength,5,Graph_semi_supervised,"{""alpha"": 1e-05, ""graph_lambda"": 1.0}",0.5679523704134297,"[0.5665536817699443, 0.5073204479769312, 0.6299829814934137]"
strength,5,Graph_semi_supervised,"{""alpha"": 0.0001, ""graph_lambda"": 0.01}",0.5594642802982466,"[0.5515945432528381, 0.4923201277820575, 0.6344781698598442]"
strength,5,Graph_semi_supervised,"{""alpha"": 0.0001, ""graph_lambda"": 0.1}",0.5598667537421448,"[0.5537026312167393, 0.4928207477956952, 0.6330768822140002]"
strength,5,Graph_semi_supervised,"{""alpha"": 0.0001, ""graph_lambda"": 1.0}",0.5718263038341718,"[0.5782683022630577, 0.5074135076801113, 0.6297971015593462]"
strength,5,Graph_semi_supervised,"{""alpha"": 0.001, ""graph_lambda"": 0.01}",0.5898685030165415,"[0.6111553924421788, 0.518839818487546, 0.6396102981198996]"
strength,5,Graph_semi_supervised,"{""alpha"": 0.001, ""graph_lambda"": 0.1}",0.5910039677353374,"[0.6125838143059942, 0.5205056026469937, 0.6399224862530243]"
strength,5,Graph_semi_supervised,"{""alpha"": 0.001, ""graph_lambda"": 1.0}",0.6038855693846225,"[0.6278108548386857, 0.5382791560790356, 0.6455666972361459]"
strength,5,Graph_semi_supervised,"{""alpha"": 0.01, ""graph_lambda"": 0.01}",0.7150527470694681,"[0.7444460106812724, 0.6511563276822974, 0.7495559028448343]"
strength,5,Graph_semi_supervised,"{""alpha"": 0.01, ""graph_lambda"": 0.1}",0.7156928588646491,"[0.7451081357755993, 0.6518899105226704, 0.7500805302956776]"
strength,5,Graph_semi_supervised,"{""alpha"": 0.01, ""graph_lambda"": 1.0}",0.7217695623676855,"[0.7514066791548909, 0.6587886462192735, 0.7551133617288922]"
strength,5,Graph_semi_supervised,"{""alpha"": 0.1, ""graph_lambda"": 0.01}",0.9002118235225886,"[0.9321614765550659, 0.8241954563803183, 0.9442785376323813]"
strength,5,Graph_semi_supervised,"{""alpha"": 0.1, ""graph_lambda"": 0.1}",0.900259462562561,"[0.9322096032234132, 0.8242515575834782, 0.9443172268807914]"
strength,5,Graph_semi_supervised,"{""alpha"": 0.1, ""graph_lambda"": 1.0}",0.9007300244329467,"[0.9326848891633713, 0.8248056905580788, 0.9446994935773901]"
charpy,1,Dummy_mean,{},0.8176533645425023,"[0.8612590350473481, 0.7789489003319564, 0.812752158248202]"
charpy,1,OLS,{},0.6823642062200047,"[0.6615853852410658, 0.6129092830766126, 0.7725979503423356]"
charpy,1,Ridge,"{""alpha"": 0.1}",0.6955555591299755,"[0.6606126789722914, 0.6067777962177171, 0.819276202199918]"
charpy,1,Ridge,"{""alpha"": 1}",0.7094513123336229,"[0.6748015419666156, 0.5994718437165969, 0.8540805513176559]"
charpy,1,Ridge,"{""alpha"": 10}",0.6958349340363084,"[0.6454455115115728, 0.5956605884587736, 0.8463987021385786]"
charpy,1,Ridge,"{""alpha"": 100}",0.6212045264479438,"[0.6390507975295517, 0.560635468116017, 0.6639273136982624]"
charpy,1,Ridge,"{""alpha"": 1000}",0.673621758720692,"[0.7304017453185581, 0.6359686933586235, 0.6544948374848943]"
charpy,1,KNN,"{""n_neighbors"": 3, ""weights"": ""uniform""}",0.5232786517264246,"[0.54931333467934, 0.41132516006449354, 0.6091974604354402]"
charpy,1,KNN,"{""n_neighbors"": 3, ""weights"": ""distance""}",0.517166603685351,"[0.5431325655206776, 0.40749795058665095, 0.6008692949487243]"
charpy,1,KNN,"{""n_neighbors"": 7, ""weights"": ""uniform""}",0.568823967526159,"[0.6335519219143224, 0.4883024835500606, 0.584617497114094]"
charpy,1,KNN,"{""n_neighbors"": 7, ""weights"": ""distance""}",0.5476874527279701,"[0.6039632683726044, 0.46406361398685697, 0.5750354758244491]"
charpy,1,KNN,"{""n_neighbors"": 15, ""weights"": ""uniform""}",0.6168204256357441,"[0.704975130349637, 0.5553179510326894, 0.590168195524906]"
charpy,1,KNN,"{""n_neighbors"": 15, ""weights"": ""distance""}",0.5782155726575605,"[0.659254231330961, 0.5161957791369292, 0.5591967075047913]"
charpy,1,SVR_RBF,"{""estimator__C"": 1, ""estimator__epsilon"": 0.05}",0.5202485315506703,"[0.5826305453661693, 0.456030126671776, 0.5220849226140656]"
charpy,1,SVR_RBF,"{""estimator__C"": 1, ""estimator__epsilon"": 0.2}",0.5245668954111927,"[0.580053641085576, 0.46945011576704926, 0.5241969293809526]"
charpy,1,SVR_RBF,"{""estimator__C"": 10, ""estimator__epsilon"": 0.05}",0.4795858588255609,"[0.538420931678207, 0.41269847893959916, 0.4876381658588765]"
charpy,1,SVR_RBF,"{""estimator__C"": 10, ""estimator__epsilon"": 0.2}",0.4919365480499677,"[0.5484290914830484, 0.44719268123897116, 0.4801878714278835]"
charpy,1,SVR_RBF,"{""estimator__C"": 100, ""estimator__epsilon"": 0.05}",0.5744663314168699,"[0.6529500459739787, 0.5336964334227009, 0.53675251485393]"
charpy,1,SVR_RBF,"{""estimator__C"": 100, ""estimator__epsilon"": 0.2}",0.5669500354564956,"[0.6180105907980616, 0.5514471962433335, 0.5313923193280916]"
charpy,1,DecisionTree,"{""max_depth"": 3, ""min_samples_leaf"": 2}",0.6899504291527926,"[0.747955658826827, 0.6503461378441078, 0.6715494907874432]"
charpy,1,DecisionTree,"{""max_depth"": 3, ""min_samples_leaf"": 8}",0.6880363064587409,"[0.747955658826827, 0.6446037697619524, 0.6715494907874432]"
charpy,1,DecisionTree,"{""max_depth"": 6, ""min_samples_leaf"": 2}",0.5506740340164704,"[0.5543219479801095, 0.4767420488892385, 0.6209581051800632]"
charpy,1,DecisionTree,"{""max_depth"": 6, ""min_samples_leaf"": 8}",0.5629007363079922,"[0.5741994166506814, 0.5115993487145676, 0.6029034435587277]"
charpy,1,DecisionTree,"{""max_depth"": null, ""min_samples_leaf"": 2}",0.6069750682732935,"[0.5856063451013814, 0.5952055676414307, 0.6401132920770681]"
charpy,1,DecisionTree,"{""max_depth"": null, ""min_samples_leaf"": 8}",0.5572897617715572,"[0.5622748266860161, 0.507005152561935, 0.6025893060667206]"
charpy,1,Bagging,"{""estimator__max_depth"": 6, ""max_samples"": 0.6}",0.515610909208393,"[0.5477962465805793, 0.47367761703584166, 0.5253588640087582]"
charpy,1,Bagging,"{""estimator__max_depth"": 6, ""max_samples"": 1.0}",0.5062086186349395,"[0.5366697947895556, 0.46101742042710164, 0.5209386406881613]"
charpy,1,Bagging,"{""estimator__max_depth"": null, ""max_samples"": 0.6}",0.49798330106699257,"[0.5375868472469283, 0.4482695691761849, 0.5080934867778645]"
charpy,1,Bagging,"{""estimator__max_depth"": null, ""max_samples"": 1.0}",0.48175083888498277,"[0.5119099937526964, 0.4351300407847022, 0.4982124821175497]"
charpy,1,RandomForest,"{""max_features"": 0.5, ""min_samples_leaf"": 2}",0.48097875521870287,"[0.5181172663969712, 0.4339144931574967, 0.49090450610164077]"
charpy,1,RandomForest,"{""max_features"": 0.5, ""min_samples_leaf"": 8}",0.53484194555605,"[0.5973186010472028, 0.47461083950007515, 0.5325963961208723]"
charpy,1,RandomForest,"{""max_features"": 1.0, ""min_samples_leaf"": 2}",0.48214398216091814,"[0.5127217527661042, 0.4357492014014453, 0.4979609923152049]"
charpy,1,RandomForest,"{""max_features"": 1.0, ""min_samples_leaf"": 8}",0.5403630912988748,"[0.5783974491194378, 0.5029819138669521, 0.5397099109102346]"
charpy,1,ExtraTrees,"{""max_features"": 0.5, ""min_samples_leaf"": 2}",0.4698051524809596,"[0.4988759862464062, 0.39733652365914846, 0.5132029475373241]"
charpy,1,ExtraTrees,"{""max_features"": 0.5, ""min_samples_leaf"": 8}",0.5413256183361072,"[0.6158577270199217, 0.4783306437230503, 0.5297884842653494]"
charpy,1,ExtraTrees,"{""max_features"": 1.0, ""min_samples_leaf"": 2}",0.4748994804575264,"[0.48754363578668575, 0.43694817359067295, 0.5002066319952205]"
charpy,1,ExtraTrees,"{""max_features"": 1.0, ""min_samples_leaf"": 8}",0.5341519496781162,"[0.6029872145285807, 0.488229579539809, 0.5112390549659588]"
charpy,2,Dummy_mean,{},0.8146451853587315,"[0.8788352425590014, 0.7689342948958806, 0.7961660186213126]"
charpy,2,OLS,{},0.9411817571579572,"[1.5974066921958225, 0.574604617119976, 0.6515339621580729]"
charpy,2,Ridge,"{""alpha"": 0.1}",0.5990896812216523,"[0.6311922630506022, 0.5692375167770207, 0.5968392638373339]"
charpy,2,Ridge,"{""alpha"": 1}",0.6275251415461828,"[0.6850610277421076, 0.5596156275278747, 0.6378987693685658]"
charpy,2,Ridge,"{""alpha"": 10}",0.637521824941343,"[0.6731006537721617, 0.5639621702775005, 0.6755026507743669]"
charpy,2,Ridge,"{""alpha"": 100}",0.6318368122948899,"[0.6719285856732232, 0.5640550174533541, 0.6595268337580923]"
charpy,2,Ridge,"{""alpha"": 1000}",0.6917388545323835,"[0.7609156890636091, 0.64489274735961, 0.6694081271739313]"
charpy,2,KNN,"{""n_neighbors"": 3, ""weights"": ""uniform""}",0.55729648201291,"[0.6555045590790906, 0.47611786282480295, 0.5402670241348365]"
charpy,2,KNN,"{""n_neighbors"": 3, ""weights"": ""distance""}",0.5484734967335901,"[0.6479692129624628, 0.4678068647592971, 0.5296444124790105]"
charpy,2,KNN,"{""n_neighbors"": 7, ""weights"": ""uniform""}",0.5964838561830091,"[0.6769512583326572, 0.5066808510661251, 0.6058194591502452]"
charpy,2,KNN,"{""n_neighbors"": 7, ""weights"": ""distance""}",0.5726517797119909,"[0.6502973756891255, 0.49000506542613165, 0.5776528980207154]"
charpy,2,KNN,"{""n_neighbors"": 15, ""weights"": ""uniform""}",0.6522825106202642,"[0.745381372286023, 0.5590281362151567, 0.652438023359613]"
charpy,2,KNN,"{""n_neighbors"": 15, ""weights"": ""distance""}",0.6148642974351757,"[0.700231641320113, 0.5320146183601334, 0.6123466326252807]"
charpy,2,SVR_RBF,"{""estimator__C"": 1, ""estimator__epsilon"": 0.05}",0.5305533670417609,"[0.6205891137544184, 0.4917984532798868, 0.4792725340909773]"
charpy,2,SVR_RBF,"{""estimator__C"": 1, ""estimator__epsilon"": 0.2}",0.529574518184197,"[0.6110395546693509, 0.49524248146580596, 0.48244151841743393]"
charpy,2,SVR_RBF,"{""estimator__C"": 10, ""estimator__epsilon"": 0.05}",0.49386562813204193,"[0.5607301897811067, 0.4592084361986173, 0.46165825841640207]"
charpy,2,SVR_RBF,"{""estimator__C"": 10, ""estimator__epsilon"": 0.2}",0.48611888415266663,"[0.5520293574700973, 0.4591293652315532, 0.4471979297563492]"
charpy,2,SVR_RBF,"{""estimator__C"": 100, ""estimator__epsilon"": 0.05}",0.5756202326100744,"[0.6688118431542732, 0.5471369876906744, 0.5109118669852756]"
charpy,2,SVR_RBF,"{""estimator__C"": 100, ""estimator__epsilon"": 0.2}",0.5763345743515398,"[0.6573905907714965, 0.566789113644823, 0.5048240186383]"
charpy,2,DecisionTree,"{""max_depth"": 3, ""min_samples_leaf"": 2}",0.671639007704723,"[0.7686847822102938, 0.5946876181937365, 0.6515446227101382]"
charpy,2,DecisionTree,"{""max_depth"": 3, ""min_samples_leaf"": 8}",0.6677602826525071,"[0.7570486070536466, 0.5946876181937365, 0.6515446227101382]"
charpy,2,DecisionTree,"{""max_depth"": 6, ""min_samples_leaf"": 2}",0.6518012966193255,"[0.7270461036091324, 0.5772198583789377, 0.6511379278699067]"
charpy,2,DecisionTree,"{""max_depth"": 6, ""min_samples_leaf"": 8}",0.6143530765813715,"[0.6810854508754185, 0.5778070335853711, 0.5841667452833248]"
charpy,2,DecisionTree,"{""max_depth"": null, ""min_samples_leaf"": 2}",0.6484774167317541,"[0.7298228678292799, 0.5872964658985589, 0.6283129164674235]"
charpy,2,DecisionTree,"{""max_depth"": null, ""min_samples_leaf"": 8}",0.6064217816228298,"[0.666182530294734, 0.5849591984558641, 0.5681236161178913]"
charpy,2,Bagging,"{""estimator__max_depth"": 6, ""max_samples"": 0.6}",0.5380884786991106,"[0.6019749430699666, 0.4845206250185244, 0.5277698680088407]"
charpy,2,Bagging,"{""estimator__max_depth"": 6, ""max_samples"": 1.0}",0.5309489278627807,"[0.5905342860971843, 0.4799575945426158, 0.5223549029485418]"
charpy,2,Bagging,"{""estimator__max_depth"": null, ""max_samples"": 0.6}",0.5171197368244266,"[0.5868545240895091, 0.46646932513790923, 0.4980353612458615]"
charpy,2,Bagging,"{""estimator__max_depth"": null, ""max_samples"": 1.0}",0.5068163334407867,"[0.5721058760387955, 0.4562045177828577, 0.49213860650070707]"
charpy,2,RandomForest,"{""max_features"": 0.5, ""min_samples_leaf"": 2}",0.49181297750349867,"[0.5593555676369324, 0.4435035400927646, 0.4725798247807989]"
charpy,2,RandomForest,"{""max_features"": 0.5, ""min_samples_leaf"": 8}",0.5425131083247975,"[0.6321265982420202, 0.47446253221578133, 0.520950194516591]"
charpy,2,RandomForest,"{""max_features"": 1.0, ""min_samples_leaf"": 2}",0.5047479810726655,"[0.5680208452622872, 0.45617696340232167, 0.49004613455338764]"
charpy,2,RandomForest,"{""max_features"": 1.0, ""min_samples_leaf"": 8}",0.5419175348483795,"[0.6117940822225625, 0.4850006902106397, 0.5289578321119364]"
charpy,2,ExtraTrees,"{""max_features"": 0.5, ""min_samples_leaf"": 2}",0.48198315689079396,"[0.5731456061351871, 0.40530933022996585, 0.46749453430722904]"
charpy,2,ExtraTrees,"{""max_features"": 0.5, ""min_samples_leaf"": 8}",0.5618898087491273,"[0.6566903724292703, 0.48234084219511075, 0.5466382116230009]"
charpy,2,ExtraTrees,"{""max_features"": 1.0, ""min_samples_leaf"": 2}",0.4679460855095443,"[0.550428821365233, 0.40249010315999656, 0.45091933200340334]"
charpy,2,ExtraTrees,"{""max_features"": 1.0, ""min_samples_leaf"": 8}",0.5425239112495887,"[0.6446044086879478, 0.46311147633555483, 0.5198558487252634]"
charpy,3,Dummy_mean,{},0.8110338472556077,"[0.8349834151086922, 0.8007713748449253, 0.7973467518132056]"
charpy,3,OLS,{},1.1356197243067807,"[1.9136214341041295, 0.5850326915257069, 0.9082050472905058]"
charpy,3,Ridge,"{""alpha"": 0.1}",0.6087092888782785,"[0.640318441448799, 0.5759568855669536, 0.6098525396190826]"
charpy,3,Ridge,"{""alpha"": 1}",0.6350283127823089,"[0.6807318068963563, 0.5778538624116942, 0.6464992690388762]"
charpy,3,Ridge,"{""alpha"": 10}",0.6215772529601863,"[0.6676481719275335, 0.5964738844726246, 0.6006097024804007]"
charpy,3,Ridge,"{""alpha"": 100}",0.6007555470037089,"[0.618192857124337, 0.6074664069536296, 0.57660737693316]"
charpy,3,Ridge,"{""alpha"": 1000}",0.6788566025367927,"[0.7002988912505096, 0.6811661542342878, 0.6551047621255808]"
charpy,3,KNN,"{""n_neighbors"": 3, ""weights"": ""uniform""}",0.5105142492405184,"[0.629080121044402, 0.4579941435813419, 0.4444684830958112]"
charpy,3,KNN,"{""n_neighbors"": 3, ""weights"": ""distance""}",0.5015029446719707,"[0.6223725969990149, 0.44737045539123266, 0.4347657816256644]"
charpy,3,KNN,"{""n_neighbors"": 7, ""weights"": ""uniform""}",0.5506174955411919,"[0.6335839377648462, 0.5247981619210477, 0.49347038693768197]"
charpy,3,KNN,"{""n_neighbors"": 7, ""weights"": ""distance""}",0.5284935747236538,"[0.6186629934233524, 0.4911147528367901, 0.47570297791081856]"
charpy,3,KNN,"{""n_neighbors"": 15, ""weights"": ""uniform""}",0.600443010998467,"[0.6388120886928224, 0.5778338962607771, 0.5846830480418015]"
charpy,3,KNN,"{""n_neighbors"": 15, ""weights"": ""distance""}",0.5652535260177068,"[0.6147281792545404, 0.5354645243050569, 0.5455678744935231]"
charpy,3,SVR_RBF,"{""estimator__C"": 1, ""estimator__epsilon"": 0.05}",0.5137788916282792,"[0.5759351019609531, 0.48507387651277106, 0.4803276964111134]"
charpy,3,SVR_RBF,"{""estimator__C"": 1, ""estimator__epsilon"": 0.2}",0.5225679968305758,"[0.571457607510957, 0.5083835877145447, 0.4878627952662255]"
charpy,3,SVR_RBF,"{""estimator__C"": 10, ""estimator__epsilon"": 0.05}",0.4891759044206627,"[0.5831526655445379, 0.44904524330553963, 0.4353298044119106]"
charpy,3,SVR_RBF,"{""estimator__C"": 10, ""estimator__epsilon"": 0.2}",0.48924721752268047,"[0.5644991127017499, 0.46093683074716035, 0.4423057091191311]"
charpy,3,SVR_RBF,"{""estimator__C"": 100, ""estimator__epsilon"": 0.05}",0.5691112935121313,"[0.6119588202961174, 0.602732106937429, 0.4926429533028474]"
charpy,3,SVR_RBF,"{""estimator__C"": 100, ""estimator__epsilon"": 0.2}",0.5551249023538555,"[0.5887212260456651, 0.5859008843745989, 0.49075259664130244]"
charpy,3,DecisionTree,"{""max_depth"": 3, ""min_samples_leaf"": 2}",0.6910236449806515,"[0.7178307928594111, 0.6763961023135894, 0.6788440397689541]"
charpy,3,DecisionTree,"{""max_depth"": 3, ""min_samples_leaf"": 8}",0.6910236449806515,"[0.7178307928594111, 0.6763961023135894, 0.6788440397689541]"
charpy,3,DecisionTree,"{""max_depth"": 6, ""min_samples_leaf"": 2}",0.6041923719576877,"[0.571170981131971, 0.6057344236435691, 0.6356717110975233]"
charpy,3,DecisionTree,"{""max_depth"": 6, ""min_samples_leaf"": 8}",0.5947147734755158,"[0.6078354898997225, 0.5529000426182362, 0.6234087879085887]"
charpy,3,DecisionTree,"{""max_depth"": null, ""min_samples_leaf"": 2}",0.6795467865492474,"[0.7032652774665121, 0.6790195841309491, 0.656355498050281]"
charpy,3,DecisionTree,"{""max_depth"": null, ""min_samples_leaf"": 8}",0.5867278884855168,"[0.6026450846267137, 0.554319414861952, 0.6032191659678847]"
charpy,3,Bagging,"{""estimator__max_depth"": 6, ""max_samples"": 0.6}",0.5217994343720289,"[0.5572253760569751, 0.5074290734920832, 0.5007438535670283]"
charpy,3,Bagging,"{""estimator__max_depth"": 6, ""max_samples"": 1.0}",0.5206185372875318,"[0.5597059260359398, 0.5000707507040427, 0.5020789351226129]"
charpy,3,Bagging,"{""estimator__max_depth"": null, ""max_samples"": 0.6}",0.5053989173727701,"[0.5427837287352173, 0.48863944317705443, 0.48477358020603867]"
charpy,3,Bagging,"{""estimator__max_depth"": null, ""max_samples"": 1.0}",0.49390883266243063,"[0.5350288687794549, 0.4777666293447294, 0.46893099986310777]"
charpy,3,RandomForest,"{""max_features"": 0.5, ""min_samples_leaf"": 2}",0.49257102988194407,"[0.5343276677885046, 0.4822587256533854, 0.4611266962039422]"
charpy,3,RandomForest,"{""max_features"": 0.5, ""min_samples_leaf"": 8}",0.5390432479630474,"[0.5782650883817301, 0.5235760550645322, 0.5152886004428797]"
charpy,3,RandomForest,"{""max_features"": 1.0, ""min_samples_leaf"": 2}",0.4965218928377666,"[0.5400104617233781, 0.47678861608223, 0.47276660070769183]"
charpy,3,RandomForest,"{""max_features"": 1.0, ""min_samples_leaf"": 8}",0.5406565181786459,"[0.585046756534972, 0.5037690497447724, 0.5331537482561931]"
charpy,3,ExtraTrees,"{""max_features"": 0.5, ""min_samples_leaf"": 2}",0.47038037495494295,"[0.5396283984566554, 0.45360767294108734, 0.41790505346708595]"
charpy,3,ExtraTrees,"{""max_features"": 0.5, ""min_samples_leaf"": 8}",0.5468253009421314,"[0.609195386638117, 0.529768072550027, 0.5015124436382503]"
charpy,3,ExtraTrees,"{""max_features"": 1.0, ""min_samples_leaf"": 2}",0.47423102178305815,"[0.5345728093185002, 0.45238630035353417, 0.43573395567714024]"
charpy,3,ExtraTrees,"{""max_features"": 1.0, ""min_samples_leaf"": 8}",0.5253004749833461,"[0.5851365814207954, 0.4984612436544796, 0.49230359987476335]"
charpy,4,Dummy_mean,{},0.8052562671711588,"[0.8180692654456387, 0.8360198332571387, 0.7616797028106989]"
charpy,4,OLS,{},0.8910470425675511,"[0.8530561419335772, 1.0988990497068425, 0.7211859360622332]"
charpy,4,Ridge,"{""alpha"": 0.1}",0.630983335243013,"[0.6826583913374498, 0.6314198646360727, 0.5788717497555166]"
charpy,4,Ridge,"{""alpha"": 1}",0.6226290049442419,"[0.5830299588314123, 0.7149790091667677, 0.5698780468345455]"
charpy,4,Ridge,"{""alpha"": 10}",0.6099472801973881,"[0.607853105532858, 0.6490400652153875, 0.5729486698439186]"
charpy,4,Ridge,"{""alpha"": 100}",0.5974802834668907,"[0.6065155212586218, 0.628966081790235, 0.5569592473518155]"
charpy,4,Ridge,"{""alpha"": 1000}",0.6778143374852396,"[0.6803139584489964, 0.7140026831699631, 0.6391263708367592]"
charpy,4,KNN,"{""n_neighbors"": 3, ""weights"": ""uniform""}",0.5086268690259065,"[0.5103437251875826, 0.5301022332301645, 0.4854346486599723]"
charpy,4,KNN,"{""n_neighbors"": 3, ""weights"": ""distance""}",0.5003400537421809,"[0.5055551258543936, 0.5260114989993234, 0.46945353637282583]"
charpy,4,KNN,"{""n_neighbors"": 7, ""weights"": ""uniform""}",0.5434929845813575,"[0.5358947809899607, 0.6099110999866427, 0.4846730727674693]"
charpy,4,KNN,"{""n_neighbors"": 7, ""weights"": ""distance""}",0.5273962643694736,"[0.5283704007886157, 0.5888400922919261, 0.4649783000278791]"
charpy,4,KNN,"{""n_neighbors"": 15, ""weights"": ""uniform""}",0.6031229803931185,"[0.6200231895868114, 0.6541450948314328, 0.5352006567611113]"
charpy,4,KNN,"{""n_neighbors"": 15, ""weights"": ""distance""}",0.574098878671973,"[0.5826275150503087, 0.635131396128205, 0.504537724837405]"
charpy,4,SVR_RBF,"{""estimator__C"": 1, ""estimator__epsilon"": 0.05}",0.5180359485489463,"[0.5367360941996037, 0.5505782243641836, 0.4667935270830518]"
charpy,4,SVR_RBF,"{""estimator__C"": 1, ""estimator__epsilon"": 0.2}",0.5208200720874095,"[0.5382906409736743, 0.5569899444026765, 0.46717963088587794]"
charpy,4,SVR_RBF,"{""estimator__C"": 10, ""estimator__epsilon"": 0.05}",0.50690247075097,"[0.5270026375071426, 0.5401254009170325, 0.45357937382873464]"
charpy,4,SVR_RBF,"{""estimator__C"": 10, ""estimator__epsilon"": 0.2}",0.5054980412524838,"[0.5134766721348637, 0.5407719877904607, 0.46224546383212683]"
charpy,4,SVR_RBF,"{""estimator__C"": 100, ""estimator__epsilon"": 0.05}",0.6835075537799797,"[0.7107499442364216, 0.6229276569093606, 0.7168450601941571]"
charpy,4,SVR_RBF,"{""estimator__C"": 100, ""estimator__epsilon"": 0.2}",0.6572394855373741,"[0.670829011491221, 0.6187428932664749, 0.6821465518544266]"
charpy,4,DecisionTree,"{""max_depth"": 3, ""min_samples_leaf"": 2}",0.6705147704180917,"[0.6852237885472525, 0.6903292594243016, 0.635991263282721]"
charpy,4,DecisionTree,"{""max_depth"": 3, ""min_samples_leaf"": 8}",0.6705147704180917,"[0.6852237885472525, 0.6903292594243016, 0.635991263282721]"
charpy,4,DecisionTree,"{""max_depth"": 6, ""min_samples_leaf"": 2}",0.6336648001982893,"[0.6745544174772446, 0.5923922691890363, 0.6340477139285869]"
charpy,4,DecisionTree,"{""max_depth"": 6, ""min_samples_leaf"": 8}",0.6315101439040877,"[0.7164536688845883, 0.6036283569835468, 0.574448405844128]"
charpy,4,DecisionTree,"{""max_depth"": null, ""min_samples_leaf"": 2}",0.7013372064028828,"[0.8298628131638395, 0.6336987590920784, 0.6404500469527303]"
charpy,4,DecisionTree,"{""max_depth"": null, ""min_samples_leaf"": 8}",0.6301586867038368,"[0.7442421211167112, 0.6085995266203051, 0.537634412374494]"
charpy,4,Bagging,"{""estimator__max_depth"": 6, ""max_samples"": 0.6}",0.5003274342612479,"[0.5069879244497832, 0.5399939283817695, 0.4540004499521911]"
charpy,4,Bagging,"{""estimator__max_depth"": 6, ""max_samples"": 1.0}",0.4978433487842753,"[0.5111450662818785, 0.53903052694945, 0.44335445312149757]"
charpy,4,Bagging,"{""estimator__max_depth"": null, ""max_samples"": 0.6}",0.48196763653270863,"[0.49305511256301954, 0.5181565236373573, 0.43469127339774893]"
charpy,4,Bagging,"{""estimator__max_depth"": null, ""max_samples"": 1.0}",0.475838484943063,"[0.4951059888203943, 0.5138237356606715, 0.4185857303481234]"
charpy,4,RandomForest,"{""max_features"": 0.5, ""min_samples_leaf"": 2}",0.4577759503056547,"[0.47514972198109073, 0.4931325409748718, 0.40504558796100165]"
charpy,4,RandomForest,"{""max_features"": 0.5, ""min_samples_leaf"": 8}",0.5171874194209657,"[0.5309979814872514, 0.558720457224619, 0.46184381955102666]"
charpy,4,RandomForest,"{""max_features"": 1.0, ""min_samples_leaf"": 2}",0.4715818391630679,"[0.48926539879488873, 0.5050827366128872, 0.4203973820814278]"
charpy,4,RandomForest,"{""max_features"": 1.0, ""min_samples_leaf"": 8}",0.5291002468984529,"[0.5426958553243543, 0.5766199546595335, 0.4679849307114709]"
charpy,4,ExtraTrees,"{""max_features"": 0.5, ""min_samples_leaf"": 2}",0.42790610070335094,"[0.456180044065236, 0.45332172043706104, 0.37421653760775575]"
charpy,4,ExtraTrees,"{""max_features"": 0.5, ""min_samples_leaf"": 8}",0.5257489727537389,"[0.5470008537241132, 0.5714928384440009, 0.4587532260931025]"
charpy,4,ExtraTrees,"{""max_features"": 1.0, ""min_samples_leaf"": 2}",0.4224868410212528,"[0.4510842824285853, 0.44349309361737643, 0.3728831470177967]"
charpy,4,ExtraTrees,"{""max_features"": 1.0, ""min_samples_leaf"": 8}",0.4982194254255898,"[0.5348941760493534, 0.5266439075899896, 0.4331201926374263]"
charpy,5,Dummy_mean,{},0.8111205353788087,"[0.8610958685225355, 0.778917150661388, 0.7933485869525025]"
charpy,5,OLS,{},2.9317746500009414,"[1.8561456373937275, 0.5843039884634386, 6.3548743241456584]"
charpy,5,Ridge,"{""alpha"": 0.1}",0.795341142052612,"[0.8577390936787467, 0.5724781212336073, 0.9558062112454819]"
charpy,5,Ridge,"{""alpha"": 1}",0.7843781993866661,"[0.6833576606533693, 0.5623618151404006, 1.1074151223662283]"
charpy,5,Ridge,"{""alpha"": 10}",0.7659607652809383,"[0.698558812684935, 0.5625126787177812, 1.0368108044400988]"
charpy,5,Ridge,"{""alpha"": 100}",0.6810731664305153,"[0.6882259944923872, 0.5683614589083551, 0.7866320458908035]"
charpy,5,Ridge,"{""alpha"": 1000}",0.6823253488050555,"[0.7429812607413945, 0.6439434194370142, 0.6600513662367575]"
charpy,5,KNN,"{""n_neighbors"": 3, ""weights"": ""uniform""}",0.5380453401858178,"[0.6488130737088343, 0.5194174740456508, 0.4459054728029683]"
charpy,5,KNN,"{""n_neighbors"": 3, ""weights"": ""distance""}",0.531849951331906,"[0.6400584526073837, 0.5111656038043155, 0.44432579758401874]"
charpy,5,KNN,"{""n_neighbors"": 7, ""weights"": ""uniform""}",0.5741235619936073,"[0.6686248070810259, 0.5496656937385581, 0.5040801851612374]"
charpy,5,KNN,"{""n_neighbors"": 7, ""weights"": ""distance""}",0.5549272245234138,"[0.648276329847697, 0.5306037424384132, 0.4859016012841312]"
charpy,5,KNN,"{""n_neighbors"": 15, ""weights"": ""uniform""}",0.6241841738300947,"[0.7181951409686916, 0.5987210554498467, 0.5556363250717457]"
charpy,5,KNN,"{""n_neighbors"": 15, ""weights"": ""distance""}",0.5957001952342621,"[0.6849051756122887, 0.5687697472696938, 0.533425662820804]"
charpy,5,SVR_RBF,"{""estimator__C"": 1, ""estimator__epsilon"": 0.05}",0.5477126194249333,"[0.6615959109352059, 0.5149318326643235, 0.4666101146752706]"
charpy,5,SVR_RBF,"{""estimator__C"": 1, ""estimator__epsilon"": 0.2}",0.5520506730387901,"[0.6582966879925422, 0.5244753551039096, 0.47337997601991844]"
charpy,5,SVR_RBF,"{""estimator__C"": 10, ""estimator__epsilon"": 0.05}",0.5351203732356711,"[0.6689637048161119, 0.4917367241394376, 0.4446606907514637]"
charpy,5,SVR_RBF,"{""estimator__C"": 10, ""estimator__epsilon"": 0.2}",0.5361576576889729,"[0.6597725238510104, 0.4939684146591637, 0.45473203455674477]"
charpy,5,SVR_RBF,"{""estimator__C"": 100, ""estimator__epsilon"": 0.05}",0.612547457929645,"[0.6905714442064396, 0.6068344636522341, 0.5402364659302614]"
charpy,5,SVR_RBF,"{""estimator__C"": 100, ""estimator__epsilon"": 0.2}",0.603454204021892,"[0.688540679804909, 0.5858540484629325, 0.5359678837978343]"
charpy,5,DecisionTree,"{""max_depth"": 3, ""min_samples_leaf"": 2}",0.6870884485690477,"[0.7842163701862883, 0.6548408976186192, 0.6222080779022355]"
charpy,5,DecisionTree,"{""max_depth"": 3, ""min_samples_leaf"": 8}",0.6870884485690477,"[0.7842163701862883, 0.6548408976186193, 0.6222080779022355]"
charpy,5,DecisionTree,"{""max_depth"": 6, ""min_samples_leaf"": 2}",0.6307000691173043,"[0.8045074551736764, 0.5590459718357493, 0.5285467803424869]"
charpy,5,DecisionTree,"{""max_depth"": 6, ""min_samples_leaf"": 8}",0.6579569695328691,"[0.8041046294506693, 0.580097538468798, 0.5896687406791399]"
charpy,5,DecisionTree,"{""max_depth"": null, ""min_samples_leaf"": 2}",0.6480811485017771,"[0.8146087054095397, 0.5855351037657243, 0.5440996363300673]"
charpy,5,DecisionTree,"{""max_depth"": null, ""min_samples_leaf"": 8}",0.6573812145926131,"[0.8540939642211575, 0.5861875483907109, 0.5318621311659711]"
charpy,5,Bagging,"{""estimator__max_depth"": 6, ""max_samples"": 0.6}",0.5542513219747155,"[0.6819972706730892, 0.49265582587492085, 0.48810086937613617]"
charpy,5,Bagging,"{""estimator__max_depth"": 6, ""max_samples"": 1.0}",0.5455413936983132,"[0.6876037854453875, 0.46945625371668287, 0.47956414193286917]"
charpy,5,Bagging,"{""estimator__max_depth"": null, ""max_samples"": 0.6}",0.5380548680704303,"[0.6718723631833122, 0.4844342667646281, 0.4578579742633507]"
charpy,5,Bagging,"{""estimator__max_depth"": null, ""max_samples"": 1.0}",0.5207985726261061,"[0.6704889014450248, 0.45406055179876625, 0.43784626463452725]"
charpy,5,RandomForest,"{""max_features"": 0.5, ""min_samples_leaf"": 2}",0.5068329691974451,"[0.6384617187761551, 0.45058885855418124, 0.43144833026199925]"
charpy,5,RandomForest,"{""max_features"": 0.5, ""min_samples_leaf"": 8}",0.5517562667001986,"[0.6650682580695382, 0.5014251045563507, 0.48877543747470686]"
charpy,5,RandomForest,"{""max_features"": 1.0, ""min_samples_leaf"": 2}",0.5217639511493569,"[0.6678900778724568, 0.45984600034252476, 0.4375557752330892]"
charpy,5,RandomForest,"{""max_features"": 1.0, ""min_samples_leaf"": 8}",0.5684570825682695,"[0.6904524632554074, 0.5124927094376004, 0.5024260750118008]"
charpy,5,ExtraTrees,"{""max_features"": 0.5, ""min_samples_leaf"": 2}",0.4754048516445979,"[0.5976255110707417, 0.4393548905748254, 0.3892341532882267]"
charpy,5,ExtraTrees,"{""max_features"": 0.5, ""min_samples_leaf"": 8}",0.5461042254826518,"[0.6435641842133867, 0.5165084741859187, 0.4782400180486501]"
charpy,5,ExtraTrees,"{""max_features"": 1.0, ""min_samples_leaf"": 2}",0.49495505704914583,"[0.6471712970881267, 0.46026875978225557, 0.3774251142770553]"
charpy,5,ExtraTrees,"{""max_features"": 1.0, ""min_samples_leaf"": 8}",0.5436921744995641,"[0.672841270999953, 0.4985668633590867, 0.45966838913965263]"
charpy_without_100,1,Dummy_mean,{},0.8527740232585789,"[0.8625686787327482, 0.8427830621569384, 0.8529703288860498]"
charpy_without_100,1,OLS,{},1.5951818231838055,"[0.8143851184134768, 0.8895790259424479, 3.0815813251954918]"
charpy_without_100,1,Ridge,"{""alpha"": 0.1}",0.6376819870616748,"[0.4917060628845861, 0.505778446037356, 0.915561452263082]"
charpy_without_100,1,Ridge,"{""alpha"": 1}",0.5456635829880319,"[0.4877789591168642, 0.48832403331151, 0.6608877565357215]"
charpy_without_100,1,Ridge,"{""alpha"": 10}",0.5123231373167677,"[0.48514347822554466, 0.47642689549551887, 0.5753990382292398]"
charpy_without_100,1,Ridge,"{""alpha"": 100}",0.5254842708531591,"[0.5262553350101633, 0.4946914517879919, 0.5555060257613219]"
charpy_without_100,1,Ridge,"{""alpha"": 1000}",0.678418161174308,"[0.6893190959018566, 0.6717501101797149, 0.6741852774413526]"
charpy_without_100,1,KNN,"{""n_neighbors"": 3, ""weights"": ""uniform""}",0.3815145130134408,"[0.38832844471854533, 0.3334229415592643, 0.422792152762513]"
charpy_without_100,1,KNN,"{""n_neighbors"": 3, ""weights"": ""distance""}",0.3748463806110142,"[0.38402301245690956, 0.32155478257702175, 0.41896134679911146]"
charpy_without_100,1,KNN,"{""n_neighbors"": 7, ""weights"": ""uniform""}",0.40924996764769755,"[0.4211223162838755, 0.39420570754696976, 0.41242187911224754]"
charpy_without_100,1,KNN,"{""n_neighbors"": 7, ""weights"": ""distance""}",0.38663423694314897,"[0.3982100405337935, 0.36346052740152496, 0.3982321428941284]"
charpy_without_100,1,KNN,"{""n_neighbors"": 15, ""weights"": ""uniform""}",0.525480711717495,"[0.5114180075090574, 0.5409654091070515, 0.5240587185363758]"
charpy_without_100,1,KNN,"{""n_neighbors"": 15, ""weights"": ""distance""}",0.4756202626650378,"[0.45727429323832475, 0.48952247235933555, 0.4800640223974531]"
charpy_without_100,1,SVR_RBF,"{""estimator__C"": 1, ""estimator__epsilon"": 0.05}",0.37715491089153463,"[0.39805425170445863, 0.35383140475798763, 0.3795790762121576]"
charpy_without_100,1,SVR_RBF,"{""estimator__C"": 1, ""estimator__epsilon"": 0.2}",0.3886730887183325,"[0.4062303990521489, 0.35538766294935836, 0.4044012041534901]"
charpy_without_100,1,SVR_RBF,"{""estimator__C"": 10, ""estimator__epsilon"": 0.05}",0.39147635785637586,"[0.40066596831760776, 0.43123713965148736, 0.34252596560003246]"
charpy_without_100,1,SVR_RBF,"{""estimator__C"": 10, ""estimator__epsilon"": 0.2}",0.4017997821571573,"[0.3934095697967629, 0.43191932892595586, 0.3800704477487532]"
charpy_without_100,1,SVR_RBF,"{""estimator__C"": 100, ""estimator__epsilon"": 0.05}",0.3696404829171735,"[0.36484052834371367, 0.4085616997562362, 0.3355192206515705]"
charpy_without_100,1,SVR_RBF,"{""estimator__C"": 100, ""estimator__epsilon"": 0.2}",0.4367097530251402,"[0.4156612297368834, 0.514825913687052, 0.37964211565148503]"
charpy_without_100,1,DecisionTree,"{""max_depth"": 3, ""min_samples_leaf"": 2}",0.4885504124328887,"[0.532067611743112, 0.443387541884473, 0.49019608367108103]"
charpy_without_100,1,DecisionTree,"{""max_depth"": 3, ""min_samples_leaf"": 8}",0.4885504124328887,"[0.532067611743112, 0.443387541884473, 0.49019608367108103]"
charpy_without_100,1,DecisionTree,"{""max_depth"": 6, ""min_samples_leaf"": 2}",0.4558728804801033,"[0.47268547980654696, 0.4227365988614318, 0.4721965627723312]"
charpy_without_100,1,DecisionTree,"{""max_depth"": 6, ""min_samples_leaf"": 8}",0.46254078532087695,"[0.5399398348541702, 0.3571394308987174, 0.49054309020974307]"
charpy_without_100,1,DecisionTree,"{""max_depth"": null, ""min_samples_leaf"": 2}",0.46096272578160963,"[0.4549558203831521, 0.41336720249476155, 0.5145651544669154]"
charpy_without_100,1,DecisionTree,"{""max_depth"": null, ""min_samples_leaf"": 8}",0.4631176843365031,"[0.5473836464417623, 0.3580941087864332, 0.4838752977813137]"
charpy_without_100,1,Bagging,"{""estimator__max_depth"": 6, ""max_samples"": 0.6}",0.3772097910966726,"[0.41918976899492555, 0.30589614673615284, 0.40654345755893934]"
charpy_without_100,1,Bagging,"{""estimator__max_depth"": 6, ""max_samples"": 1.0}",0.37904953244473155,"[0.42509066707171406, 0.3068248326092657, 0.4052330976532148]"
charpy_without_100,1,Bagging,"{""estimator__max_depth"": null, ""max_samples"": 0.6}",0.3745952034730676,"[0.41539758219699097, 0.3029798303892113, 0.40540819783300047]"
charpy_without_100,1,Bagging,"{""estimator__max_depth"": null, ""max_samples"": 1.0}",0.3696816999635701,"[0.4182542194738926, 0.300419214249042, 0.3903716661677757]"
charpy_without_100,1,RandomForest,"{""max_features"": 0.5, ""min_samples_leaf"": 2}",0.34870752298676483,"[0.3873158911205676, 0.2943217711802741, 0.3644849066594527]"
charpy_without_100,1,RandomForest,"{""max_features"": 0.5, ""min_samples_leaf"": 8}",0.38817645489309355,"[0.42075492036345125, 0.3342690571538108, 0.4095053871620186]"
charpy_without_100,1,RandomForest,"{""max_features"": 1.0, ""min_samples_leaf"": 2}",0.3731221246942451,"[0.4245559106256755, 0.3016769400452644, 0.39313352341179547]"
charpy_without_100,1,RandomForest,"{""max_features"": 1.0, ""min_samples_leaf"": 8}",0.41259011932096296,"[0.45326522631001015, 0.3406638537743457, 0.4438412778785329]"
charpy_without_100,1,ExtraTrees,"{""max_features"": 0.5, ""min_samples_leaf"": 2}",0.3333790232124356,"[0.3667559939251753, 0.2907138041407626, 0.342667271571369]"
charpy_without_100,1,ExtraTrees,"{""max_features"": 0.5, ""min_samples_leaf"": 8}",0.3830891692848759,"[0.4250700670969712, 0.34202047866371105, 0.3821769620939456]"
charpy_without_100,1,ExtraTrees,"{""max_features"": 1.0, ""min_samples_leaf"": 2}",0.34455442264202135,"[0.38148723361654807, 0.28366075791022266, 0.3685152763992932]"
charpy_without_100,1,ExtraTrees,"{""max_features"": 1.0, ""min_samples_leaf"": 8}",0.3743106370344935,"[0.42821267273909047, 0.30704291383897964, 0.38767632452541034]"
charpy_without_100,2,Dummy_mean,{},0.861682999392151,"[0.9472074228730955, 0.7867456614092656, 0.8510959138940918]"
charpy_without_100,2,OLS,{},1.3552343961104825,"[2.1037120515998398, 0.8210883781088021, 1.1409027586228053]"
charpy_without_100,2,Ridge,"{""alpha"": 0.1}",0.7020396792692649,"[0.5704192381980173, 0.41985445132169397, 1.1158453482880837]"
charpy_without_100,2,Ridge,"{""alpha"": 1}",0.618911138758438,"[0.6252978048588675, 0.39419752094908167, 0.8372380904673649]"
charpy_without_100,2,Ridge,"{""alpha"": 10}",0.5090836279809987,"[0.5998486774797619, 0.391229905438867, 0.5361723010243673]"
charpy_without_100,2,Ridge,"{""alpha"": 100}",0.5182286191427847,"[0.5999794167410216, 0.4260835799440262, 0.5286228607433063]"
charpy_without_100,2,Ridge,"{""alpha"": 1000}",0.668274416820725,"[0.7690496095100839, 0.6020452191935604, 0.633728421758531]"
charpy_without_100,2,KNN,"{""n_neighbors"": 3, ""weights"": ""uniform""}",0.37706390976047066,"[0.3942408768961048, 0.31438523046844413, 0.42256562191686287]"
charpy_without_100,2,KNN,"{""n_neighbors"": 3, ""weights"": ""distance""}",0.368624940536936,"[0.38651190723566065, 0.3052474725571124, 0.414115441818035]"
charpy_without_100,2,KNN,"{""n_neighbors"": 7, ""weights"": ""uniform""}",0.41643442583349133,"[0.48761150991409735, 0.3403406340338148, 0.42135113355256176]"
charpy_without_100,2,KNN,"{""n_neighbors"": 7, ""weights"": ""distance""}",0.3976903036880086,"[0.45963409998865623, 0.32323128813344587, 0.4102055229419237]"
charpy_without_100,2,KNN,"{""n_neighbors"": 15, ""weights"": ""uniform""}",0.5065961629582201,"[0.5933743535449482, 0.4284925170001435, 0.49792161832956844]"
charpy_without_100,2,KNN,"{""n_neighbors"": 15, ""weights"": ""distance""}",0.4582309014191048,"[0.530157544737668, 0.38450234220292323, 0.4600328173167232]"
charpy_without_100,2,SVR_RBF,"{""estimator__C"": 1, ""estimator__epsilon"": 0.05}",0.357960891776754,"[0.45308247811788943, 0.28110460119194586, 0.33969559602042665]"
charpy_without_100,2,SVR_RBF,"{""estimator__C"": 1, ""estimator__epsilon"": 0.2}",0.3739579662126355,"[0.47788517236195277, 0.2893513589055379, 0.35463736737041573]"
charpy_without_100,2,SVR_RBF,"{""estimator__C"": 10, ""estimator__epsilon"": 0.05}",0.37251511897033507,"[0.4387880804516795, 0.3558502843147952, 0.3229069921445304]"
charpy_without_100,2,SVR_RBF,"{""estimator__C"": 10, ""estimator__epsilon"": 0.2}",0.37305919275099386,"[0.4364991370412465, 0.356492956420129, 0.32618548479160603]"
charpy_without_100,2,SVR_RBF,"{""estimator__C"": 100, ""estimator__epsilon"": 0.05}",0.3916896556304666,"[0.44197386283981965, 0.43040807981640183, 0.3026870242351783]"
charpy_without_100,2,SVR_RBF,"{""estimator__C"": 100, ""estimator__epsilon"": 0.2}",0.4202975073444524,"[0.42644643686430467, 0.4826805438852126, 0.35176554128384013]"
charpy_without_100,2,DecisionTree,"{""max_depth"": 3, ""min_samples_leaf"": 2}",0.5095753093204092,"[0.621737562033087, 0.4635583152894317, 0.44343005063870866]"
charpy_without_100,2,DecisionTree,"{""max_depth"": 3, ""min_samples_leaf"": 8}",0.5107108115156239,"[0.621737562033087, 0.46307368414786254, 0.44732118836592205]"
charpy_without_100,2,DecisionTree,"{""max_depth"": 6, ""min_samples_leaf"": 2}",0.4664536736536138,"[0.6120722891902095, 0.37394479863883273, 0.4133439331317993]"
charpy_without_100,2,DecisionTree,"{""max_depth"": 6, ""min_samples_leaf"": 8}",0.4992217603893549,"[0.6624891437998075, 0.39997328256639403, 0.4352028548018631]"
charpy_without_100,2,DecisionTree,"{""max_depth"": null, ""min_samples_leaf"": 2}",0.4505926470779231,"[0.5908996050985255, 0.33537881494424826, 0.42549952119099577]"
charpy_without_100,2,DecisionTree,"{""max_depth"": null, ""min_samples_leaf"": 8}",0.49965831685113576,"[0.6657212963283817, 0.3996260030164117, 0.43362765120861385]"
charpy_without_100,2,Bagging,"{""estimator__max_depth"": 6, ""max_samples"": 0.6}",0.38018027837250107,"[0.4906145051959434, 0.3187920454362981, 0.33113428448526194]"
charpy_without_100,2,Bagging,"{""estimator__max_depth"": 6, ""max_samples"": 1.0}",0.3789416231851777,"[0.4901119234242201, 0.3278743495480841, 0.318838596583229]"
charpy_without_100,2,Bagging,"{""estimator__max_depth"": null, ""max_samples"": 0.6}",0.3753641623301278,"[0.4877230844700171, 0.3111149518495744, 0.327254450670792]"
charpy_without_100,2,Bagging,"{""estimator__max_depth"": null, ""max_samples"": 1.0}",0.36988579670977845,"[0.4800291419556817, 0.3213723018314739, 0.3082559463421799]"
charpy_without_100,2,RandomForest,"{""max_features"": 0.5, ""min_samples_leaf"": 2}",0.34841977126616047,"[0.4449498887834388, 0.28842681256546976, 0.3118826124495729]"
charpy_without_100,2,RandomForest,"{""max_features"": 0.5, ""min_samples_leaf"": 8}",0.40172434798558637,"[0.5061184643427789, 0.3374353237983808, 0.36161925581559945]"
charpy_without_100,2,RandomForest,"{""max_features"": 1.0, ""min_samples_leaf"": 2}",0.3673927747162957,"[0.47778311548641095, 0.31735818691439655, 0.30703702174807956]"
charpy_without_100,2,RandomForest,"{""max_features"": 1.0, ""min_samples_leaf"": 8}",0.40953121155694805,"[0.5283580444489445, 0.34479495752605505, 0.3554406326958446]"
charpy_without_100,2,ExtraTrees,"{""max_features"": 0.5, ""min_samples_leaf"": 2}",0.32674847559699843,"[0.4247481086077976, 0.26791099027664006, 0.2875863279065575]"
charpy_without_100,2,ExtraTrees,"{""max_features"": 0.5, ""min_samples_leaf"": 8}",0.3993972262442025,"[0.4972598880688735, 0.33266131401649474, 0.3682704766472392]"
charpy_without_100,2,ExtraTrees,"{""max_features"": 1.0, ""min_samples_leaf"": 2}",0.343226025350893,"[0.43824336314175083, 0.2880421867577641, 0.30339252615316425]"
charpy_without_100,2,ExtraTrees,"{""max_features"": 1.0, ""min_samples_leaf"": 8}",0.3930360062671972,"[0.48658991623114733, 0.33787711541223625, 0.3546409871582081]"
charpy_without_100,3,Dummy_mean,{},0.8775397739187635,"[0.9255865711192921, 0.8728870479715696, 0.8341457026654288]"
charpy_without_100,3,OLS,{},2.9748771491211294,"[1.1236749869648892, 0.9138264530452259, 6.8871300073532735]"
charpy_without_100,3,Ridge,"{""alpha"": 0.1}",0.5719487921999773,"[0.5607709259468706, 0.4150562530674441, 0.7400191975856172]"
charpy_without_100,3,Ridge,"{""alpha"": 1}",0.5373583343226126,"[0.5567972204723769, 0.41645593622812416, 0.638821846267337]"
charpy_without_100,3,Ridge,"{""alpha"": 10}",0.49162589952343483,"[0.5544346787969763, 0.44140125391974294, 0.4790417658535852]"
charpy_without_100,3,Ridge,"{""alpha"": 100}",0.5124364725065272,"[0.5683964919040478, 0.5143708984013456, 0.45454202721418846]"
charpy_without_100,3,Ridge,"{""alpha"": 1000}",0.6684938127900139,"[0.7268073059091577, 0.6894491360423184, 0.5892249964185656]"
charpy_without_100,3,KNN,"{""n_neighbors"": 3, ""weights"": ""uniform""}",0.3127997235817377,"[0.29781421992266327, 0.33509942802651244, 0.3054855227960373]"
charpy_without_100,3,KNN,"{""n_neighbors"": 3, ""weights"": ""distance""}",0.30374960128225165,"[0.2914795020157783, 0.3180571577621267, 0.30171214406885]"
charpy_without_100,3,KNN,"{""n_neighbors"": 7, ""weights"": ""uniform""}",0.4165862848644857,"[0.43221889630118565, 0.43891038022073053, 0.37862957807154085]"
charpy_without_100,3,KNN,"{""n_neighbors"": 7, ""weights"": ""distance""}",0.3781082942186627,"[0.38831790862617477, 0.3899419373206551, 0.35606503670915823]"
charpy_without_100,3,KNN,"{""n_neighbors"": 15, ""weights"": ""uniform""}",0.5282592541190451,"[0.550487776274156, 0.5416620693490485, 0.4926279167339308]"
charpy_without_100,3,KNN,"{""n_neighbors"": 15, ""weights"": ""distance""}",0.472892628187485,"[0.4789894014849311, 0.48318855874095495, 0.45649992433656905]"
charpy_without_100,3,SVR_RBF,"{""estimator__C"": 1, ""estimator__epsilon"": 0.05}",0.34554166634363465,"[0.3992863171976068, 0.32141814614172104, 0.3159205356915763]"
charpy_without_100,3,SVR_RBF,"{""estimator__C"": 1, ""estimator__epsilon"": 0.2}",0.35765121071037087,"[0.41868563799191366, 0.3275608955364968, 0.3267070986027021]"
charpy_without_100,3,SVR_RBF,"{""estimator__C"": 10, ""estimator__epsilon"": 0.05}",0.3240298992686679,"[0.3652952105778906, 0.31337917252063613, 0.29341531470747695]"
charpy_without_100,3,SVR_RBF,"{""estimator__C"": 10, ""estimator__epsilon"": 0.2}",0.32914545906861514,"[0.38159391950837157, 0.29227812260338987, 0.31356433509408393]"
charpy_without_100,3,SVR_RBF,"{""estimator__C"": 100, ""estimator__epsilon"": 0.05}",0.32768892573521385,"[0.33952336691697693, 0.32159143914715077, 0.32195197114151386]"
charpy_without_100,3,SVR_RBF,"{""estimator__C"": 100, ""estimator__epsilon"": 0.2}",0.3424728580688023,"[0.3449740429058405, 0.32513716902691914, 0.357307362273647]"
charpy_without_100,3,DecisionTree,"{""max_depth"": 3, ""min_samples_leaf"": 2}",0.5333647721744883,"[0.623779469328948, 0.4900172308428701, 0.48629761635164676]"
charpy_without_100,3,DecisionTree,"{""max_depth"": 3, ""min_samples_leaf"": 8}",0.5279247007464306,"[0.623779469328948, 0.47369701655869706, 0.48629761635164676]"
charpy_without_100,3,DecisionTree,"{""max_depth"": 6, ""min_samples_leaf"": 2}",0.4432404780284718,"[0.4718719874182554, 0.4042479545641348, 0.4536014921030252]"
charpy_without_100,3,DecisionTree,"{""max_depth"": 6, ""min_samples_leaf"": 8}",0.499315081544786,"[0.6367231065549125, 0.41814540359761604, 0.4430767344818293]"
charpy_without_100,3,DecisionTree,"{""max_depth"": null, ""min_samples_leaf"": 2}",0.42852763974353564,"[0.4526962912427981, 0.38510545064795626, 0.44778117733985245]"
charpy_without_100,3,DecisionTree,"{""max_depth"": null, ""min_samples_leaf"": 8}",0.5067610298744271,"[0.6321530544728986, 0.440217342138616, 0.44791269301176645]"
charpy_without_100,3,Bagging,"{""estimator__max_depth"": 6, ""max_samples"": 0.6}",0.3793038575150918,"[0.49301200557422536, 0.2896263913726113, 0.3552731755984389]"
charpy_without_100,3,Bagging,"{""estimator__max_depth"": 6, ""max_samples"": 1.0}",0.3700241467472307,"[0.4755152511408244, 0.27181915420474917, 0.36273803489611856]"
charpy_without_100,3,Bagging,"{""estimator__max_depth"": null, ""max_samples"": 0.6}",0.37558757667267,"[0.4876922081083385, 0.2840548741391182, 0.35501564777055333]"
charpy_without_100,3,Bagging,"{""estimator__max_depth"": null, ""max_samples"": 1.0}",0.3586219228170282,"[0.46346922859494305, 0.2558929685277495, 0.3565035713283921]"
charpy_without_100,3,RandomForest,"{""max_features"": 0.5, ""min_samples_leaf"": 2}",0.3322781764869381,"[0.40865492967576683, 0.2518296884081352, 0.3363499113769123]"
charpy_without_100,3,RandomForest,"{""max_features"": 0.5, ""min_samples_leaf"": 8}",0.3943184097788713,"[0.4893150575161358, 0.32036512403099415, 0.373275047789484]"
charpy_without_100,3,RandomForest,"{""max_features"": 1.0, ""min_samples_leaf"": 2}",0.36285039766587435,"[0.46987579488512543, 0.26084900635870695, 0.35782639175379083]"
charpy_without_100,3,RandomForest,"{""max_features"": 1.0, ""min_samples_leaf"": 8}",0.4085086281177614,"[0.5214335990324414, 0.31875729324817603, 0.38533499207266675]"
charpy_without_100,3,ExtraTrees,"{""max_features"": 0.5, ""min_samples_leaf"": 2}",0.3158475285107362,"[0.37545346167781835, 0.24168087924044857, 0.3304082446139417]"
charpy_without_100,3,ExtraTrees,"{""max_features"": 0.5, ""min_samples_leaf"": 8}",0.38849707923554133,"[0.4568824024044912, 0.35352307624524015, 0.3550857590568927]"
charpy_without_100,3,ExtraTrees,"{""max_features"": 1.0, ""min_samples_leaf"": 2}",0.3210457661858479,"[0.3795395183659127, 0.22263238776128677, 0.3609653924303442]"
charpy_without_100,3,ExtraTrees,"{""max_features"": 1.0, ""min_samples_leaf"": 8}",0.3670627436959322,"[0.44692348946718874, 0.2889068522503611, 0.3653578893702469]"
charpy_without_100,4,Dummy_mean,{},0.8552953005952815,"[0.8988955430749446, 0.816657891061095, 0.8503324676498049]"
charpy_without_100,4,OLS,{},0.9095061387913149,"[1.3131651023388766, 0.7387312420660915, 0.6766220719689765]"
charpy_without_100,4,Ridge,"{""alpha"": 0.1}",0.6132004480517099,"[0.7242879596693425, 0.5924538678121336, 0.5228595166736535]"
charpy_without_100,4,Ridge,"{""alpha"": 1}",0.5578972932602458,"[0.6732365390910174, 0.49112147672067, 0.5093338639690501]"
charpy_without_100,4,Ridge,"{""alpha"": 10}",0.5408802771482605,"[0.6769206529777777, 0.45847995931794194, 0.487240219149062]"
charpy_without_100,4,Ridge,"{""alpha"": 100}",0.5264838017701498,"[0.6151719029413381, 0.5124951792159904, 0.4517843231531209]"
charpy_without_100,4,Ridge,"{""alpha"": 1000}",0.6576805997650594,"[0.7106498231257976, 0.6618993568738787, 0.6004926192955019]"
charpy_without_100,4,KNN,"{""n_neighbors"": 3, ""weights"": ""uniform""}",0.4176992734595948,"[0.5672029287792303, 0.4193204650952291, 0.26657442650432506]"
charpy_without_100,4,KNN,"{""n_neighbors"": 3, ""weights"": ""distance""}",0.4118529753226545,"[0.5664860625966932, 0.41339275672881887, 0.2556801066424515]"
charpy_without_100,4,KNN,"{""n_neighbors"": 7, ""weights"": ""uniform""}",0.45027097264488436,"[0.577475003300538, 0.44854269192602064, 0.32479522270809447]"
charpy_without_100,4,KNN,"{""n_neighbors"": 7, ""weights"": ""distance""}",0.43557285329128453,"[0.5678356562237181, 0.4334823123177723, 0.3054005913323631]"
charpy_without_100,4,KNN,"{""n_neighbors"": 15, ""weights"": ""uniform""}",0.5384133337366014,"[0.6281110660142388, 0.5524076356943093, 0.4347212995012559]"
charpy_without_100,4,KNN,"{""n_neighbors"": 15, ""weights"": ""distance""}",0.5004092237058428,"[0.5973228143029341, 0.5123522491411006, 0.3915526076734938]"
charpy_without_100,4,SVR_RBF,"{""estimator__C"": 1, ""estimator__epsilon"": 0.05}",0.40561069378491066,"[0.5303934299351007, 0.380398755711789, 0.3060398957078422]"
charpy_without_100,4,SVR_RBF,"{""estimator__C"": 1, ""estimator__epsilon"": 0.2}",0.41875708960341934,"[0.5404606079676675, 0.4009792846307792, 0.3148313762118113]"
charpy_without_100,4,SVR_RBF,"{""estimator__C"": 10, ""estimator__epsilon"": 0.05}",0.3991579042437521,"[0.5158345410321262, 0.40239315030462347, 0.2792460213945065]"
charpy_without_100,4,SVR_RBF,"{""estimator__C"": 10, ""estimator__epsilon"": 0.2}",0.4073567470949464,"[0.5168794786704954, 0.40913257206053844, 0.29605819055380533]"
charpy_without_100,4,SVR_RBF,"{""estimator__C"": 100, ""estimator__epsilon"": 0.05}",0.3668722747080418,"[0.44437202587804603, 0.40739647303054255, 0.24884832521553701]"
charpy_without_100,4,SVR_RBF,"{""estimator__C"": 100, ""estimator__epsilon"": 0.2}",0.40195175023370183,"[0.4997996385510918, 0.4157493266053293, 0.29030628554468446]"
charpy_without_100,4,DecisionTree,"{""max_depth"": 3, ""min_samples_leaf"": 2}",0.5190322400729682,"[0.6489716904987985, 0.5251477707590461, 0.3829772589610601]"
charpy_without_100,4,DecisionTree,"{""max_depth"": 3, ""min_samples_leaf"": 8}",0.5170548690536116,"[0.6489716904987985, 0.5192156577009764, 0.3829772589610601]"
charpy_without_100,4,DecisionTree,"{""max_depth"": 6, ""min_samples_leaf"": 2}",0.5335562639729885,"[0.7367541254864898, 0.5512856413467083, 0.3126290250857673]"
charpy_without_100,4,DecisionTree,"{""max_depth"": 6, ""min_samples_leaf"": 8}",0.47881719949656953,"[0.6300135245178708, 0.46976339051780147, 0.3366746834540361]"
charpy_without_100,4,DecisionTree,"{""max_depth"": null, ""min_samples_leaf"": 2}",0.5102929274138278,"[0.7102279654195482, 0.5311991097376529, 0.2894517070842825]"
charpy_without_100,4,DecisionTree,"{""max_depth"": null, ""min_samples_leaf"": 8}",0.4900137645547411,"[0.6676849880957685, 0.4729977895888965, 0.3293585159795583]"
charpy_without_100,4,Bagging,"{""estimator__max_depth"": 6, ""max_samples"": 0.6}",0.43699987204385354,"[0.5800330703326245, 0.44551989572362366, 0.2854466500753126]"
charpy_without_100,4,Bagging,"{""estimator__max_depth"": 6, ""max_samples"": 1.0}",0.43462234985075865,"[0.596507300152079, 0.44106388243158956, 0.26629586696860746]"
charpy_without_100,4,Bagging,"{""estimator__max_depth"": null, ""max_samples"": 0.6}",0.43064206960410706,"[0.5744312266287567, 0.44241590918338425, 0.2750790730001802]"
charpy_without_100,4,Bagging,"{""estimator__max_depth"": null, ""max_samples"": 1.0}",0.4273852443313088,"[0.5946357591871434, 0.43778546225243925, 0.24973451155434376]"
charpy_without_100,4,RandomForest,"{""max_features"": 0.5, ""min_samples_leaf"": 2}",0.39447842905968056,"[0.5292472654083321, 0.39951975951093543, 0.2546682622597741]"
charpy_without_100,4,RandomForest,"{""max_features"": 0.5, ""min_samples_leaf"": 8}",0.43309794049925054,"[0.5502771226003363, 0.4289642237931385, 0.32005247510427687]"
charpy_without_100,4,RandomForest,"{""max_features"": 1.0, ""min_samples_leaf"": 2}",0.42662150605815424,"[0.5962217044668581, 0.4325166421202787, 0.2511261715873261]"
charpy_without_100,4,RandomForest,"{""max_features"": 1.0, ""min_samples_leaf"": 8}",0.45501881558814583,"[0.6091828807019894, 0.44984457208435163, 0.30602899397809635]"
charpy_without_100,4,ExtraTrees,"{""max_features"": 0.5, ""min_samples_leaf"": 2}",0.38065300455224405,"[0.49898438217470364, 0.410072191306921, 0.23290244017510747]"
charpy_without_100,4,ExtraTrees,"{""max_features"": 0.5, ""min_samples_leaf"": 8}",0.4194126607450217,"[0.5119496329528559, 0.43235674784653577, 0.3139316014356735]"
charpy_without_100,4,ExtraTrees,"{""max_features"": 1.0, ""min_samples_leaf"": 2}",0.39991863435061803,"[0.5414733655000442, 0.4318262144890793, 0.22645632306273056]"
charpy_without_100,4,ExtraTrees,"{""max_features"": 1.0, ""min_samples_leaf"": 8}",0.41578196314104904,"[0.5326460158696635, 0.44400569461759576, 0.2706941789358877]"
charpy_without_100,5,Dummy_mean,{},0.869343505297215,"[0.9475220888301431, 0.8195053662593943, 0.8410030608021078]"
charpy_without_100,5,OLS,{},1.2259949360885403,"[1.5552077567703764, 1.0369724902499882, 1.0858045612452563]"
charpy_without_100,5,Ridge,"{""alpha"": 0.1}",0.7422211732090579,"[0.5939849618581411, 0.4452812918601372, 1.1873972659088954]"
charpy_without_100,5,Ridge,"{""alpha"": 1}",0.7305471110945977,"[0.6155812304372353, 0.42806186433724575, 1.1479982385093122]"
charpy_without_100,5,Ridge,"{""alpha"": 10}",0.6075318607231762,"[0.6226147093001544, 0.4435998125297124, 0.7563810603396618]"
charpy_without_100,5,Ridge,"{""alpha"": 100}",0.532352127970022,"[0.6369662841954036, 0.4952727538850588, 0.46481734582960366]"
charpy_without_100,5,Ridge,"{""alpha"": 1000}",0.6652614216332119,"[0.7803344187915913, 0.6414210994159625, 0.5740287466920817]"
charpy_without_100,5,KNN,"{""n_neighbors"": 3, ""weights"": ""uniform""}",0.42768690763066797,"[0.466044183478781, 0.4374440217083071, 0.37957251770491596]"
charpy_without_100,5,KNN,"{""n_neighbors"": 3, ""weights"": ""distance""}",0.41916094860162106,"[0.4574494882513305, 0.42854068857374206, 0.37149266897979055]"
charpy_without_100,5,KNN,"{""n_neighbors"": 7, ""weights"": ""uniform""}",0.47972696616565974,"[0.5506519337012633, 0.4631300764563571, 0.42539888833935874]"
charpy_without_100,5,KNN,"{""n_neighbors"": 7, ""weights"": ""distance""}",0.4501561666388472,"[0.5218398334173674, 0.4382815417976064, 0.39034712470156785]"
charpy_without_100,5,KNN,"{""n_neighbors"": 15, ""weights"": ""uniform""}",0.5659202428785929,"[0.6559647336261949, 0.550967425282225, 0.4908285697273587]"
charpy_without_100,5,KNN,"{""n_neighbors"": 15, ""weights"": ""distance""}",0.5104013543490883,"[0.5929838297796045, 0.49785504342394143, 0.4403651898437191]"
charpy_without_100,5,SVR_RBF,"{""estimator__C"": 1, ""estimator__epsilon"": 0.05}",0.4163087685951168,"[0.5191534114669154, 0.39275810291179497, 0.33701479140664]"
charpy_without_100,5,SVR_RBF,"{""estimator__C"": 1, ""estimator__epsilon"": 0.2}",0.4198977425813799,"[0.5298657686905459, 0.3969284535766648, 0.332899005476929]"
charpy_without_100,5,SVR_RBF,"{""estimator__C"": 10, ""estimator__epsilon"": 0.05}",0.38549622072362894,"[0.47904004277061785, 0.3702997641637996, 0.30714885523646923]"
charpy_without_100,5,SVR_RBF,"{""estimator__C"": 10, ""estimator__epsilon"": 0.2}",0.40750410920354957,"[0.4906731892840606, 0.4027867802864216, 0.32905235804016636]"
charpy_without_100,5,SVR_RBF,"{""estimator__C"": 100, ""estimator__epsilon"": 0.05}",0.40692352243864044,"[0.48008545442400835, 0.3763166055452607, 0.3643685073466524]"
charpy_without_100,5,SVR_RBF,"{""estimator__C"": 100, ""estimator__epsilon"": 0.2}",0.4263301718925064,"[0.4841035524270682, 0.41815415975598613, 0.3767328034944648]"
charpy_without_100,5,DecisionTree,"{""max_depth"": 3, ""min_samples_leaf"": 2}",0.5253305358446763,"[0.6417148573634447, 0.4738305242333594, 0.4604462259372246]"
charpy_without_100,5,DecisionTree,"{""max_depth"": 3, ""min_samples_leaf"": 8}",0.5253305358446763,"[0.6417148573634447, 0.4738305242333594, 0.4604462259372246]"
charpy_without_100,5,DecisionTree,"{""max_depth"": 6, ""min_samples_leaf"": 2}",0.4504663656980326,"[0.5077866232414068, 0.4376836212246147, 0.4059288526280763]"
charpy_without_100,5,DecisionTree,"{""max_depth"": 6, ""min_samples_leaf"": 8}",0.4286023101840999,"[0.5468691129431379, 0.41025879431114204, 0.32867902329801973]"
charpy_without_100,5,DecisionTree,"{""max_depth"": null, ""min_samples_leaf"": 2}",0.45805779182766565,"[0.5035558741290991, 0.4312794993014005, 0.4393380020524975]"
charpy_without_100,5,DecisionTree,"{""max_depth"": null, ""min_samples_leaf"": 8}",0.424350986399084,"[0.5414129341390488, 0.4074035671034177, 0.32423645795478534]"
charpy_without_100,5,Bagging,"{""estimator__max_depth"": 6, ""max_samples"": 0.6}",0.3889351098380735,"[0.5082386579082493, 0.3251630805276828, 0.3334035910782883]"
charpy_without_100,5,Bagging,"{""estimator__max_depth"": 6, ""max_samples"": 1.0}",0.3929757197707497,"[0.5134124816473103, 0.3391007577391649, 0.3264139199257737]"
charpy_without_100,5,Bagging,"{""estimator__max_depth"": null, ""max_samples"": 0.6}",0.3850367988641909,"[0.5078188536177943, 0.3177373067169209, 0.3295542362578574]"
charpy_without_100,5,Bagging,"{""estimator__max_depth"": null, ""max_samples"": 1.0}",0.38866690492050826,"[0.513747645502974, 0.334631149036375, 0.31762192022217567]"
charpy_without_100,5,RandomForest,"{""max_features"": 0.5, ""min_samples_leaf"": 2}",0.3738228578200384,"[0.4715989963441569, 0.32517146367376754, 0.32469811344219063]"
charpy_without_100,5,RandomForest,"{""max_features"": 0.5, ""min_samples_leaf"": 8}",0.4072656754253543,"[0.5189783151777637, 0.3629644325480314, 0.33985427855026784]"
charpy_without_100,5,RandomForest,"{""max_features"": 1.0, ""min_samples_leaf"": 2}",0.3893355001802732,"[0.5105899372273308, 0.3363584021740325, 0.3210581611394562]"
charpy_without_100,5,RandomForest,"{""max_features"": 1.0, ""min_samples_leaf"": 8}",0.40594808119442966,"[0.5275525274259424, 0.35572760924824026, 0.33456410690910643]"
charpy_without_100,5,ExtraTrees,"{""max_features"": 0.5, ""min_samples_leaf"": 2}",0.3883208415932078,"[0.4649535619678684, 0.37501060409874326, 0.32499835871301175]"
charpy_without_100,5,ExtraTrees,"{""max_features"": 0.5, ""min_samples_leaf"": 8}",0.4267444083413506,"[0.533067336130367, 0.4205258238850397, 0.3266400650086452]"
charpy_without_100,5,ExtraTrees,"{""max_features"": 1.0, ""min_samples_leaf"": 2}",0.4093082484390287,"[0.5086374494356826, 0.397577131169379, 0.32171016471202446]"
charpy_without_100,5,ExtraTrees,"{""max_features"": 1.0, ""min_samples_leaf"": 8}",0.42859153289758883,"[0.5351099579217586, 0.4407619866563633, 0.30990265411464457]"
