task,model,outer_fold,inner_fold,n_labeled_train,n_unlabeled,n_validation,train_row_ids,validation_row_ids,unlabeled_row_ids,n_nodes,n_edges,n_components,components_without_label,penalty_norm,sigma
strength,Nystroem_Ridge_control,1,1,354,0,178,"[3, 5, 6, 8, 12, 13, 17, 18, 22, 24, 34, 36, 37, 39, 40, 42, 43, 45, 46, 48, 55, 57, 58, 59, 60, 61, 62, 63, 64, 65, 68, 69, 70, 78, 82, 90, 98, 102, 106, 127, 133, 136, 144, 148, 152, 164, 168, 172, 176, 180, 184, 192, 204, 212, 219, 220, 222, 223, 230, 231, 233, 234, 235, 236, 241, 242, 244, 245, 250, 251, 259, 260, 268, 269, 281, 284, 286, 289, 292, 296, 299, 302, 305, 309, 312, 316, 333, 335, 336, 338, 345, 347, 351, 353, 354, 356, 360, 362, 369, 371, 372, 374, 375, 377, 378, 380, 381, 383, 393, 395, 402, 404, 411, 413, 414, 416, 420, 422, 432, 434, 435, 437, 438, 440, 450, 452, 453, 456, 457, 458, 459, 461, 462, 464, 465, 472, 486, 499, 513, 520, 534, 554, 579, 583, 591, 595, 603, 607, 611, 615, 617, 630, 632, 639, 641, 645, 647, 660, 662, 669, 671, 672, 674, 676, 677, 678, 680, 681, 684, 686, 687, 690, 693, 696, 697, 700, 701, 714, 715, 716, 717, 718, 720, 721, 724, 726, 729, 896, 898, 901, 902, 903, 904, 905, 907, 908, 909, 910, 911, 912, 917, 919, 925, 931, 932, 937, 938, 941, 942, 943, 944, 945, 955, 960, 965, 970, 975, 980, 995, 1005, 1010, 1015, 1020, 1024, 1025, 1028, 1030, 1035, 1036, 1038, 1040, 1042, 1048, 1052, 1062, 1064, 1084, 1086, 1087, 1088, 1093, 1094, 1097, 1098, 1099, 1126, 1127, 1128, 1129, 1134, 1135, 1136, 1137, 1144, 1145, 1146, 1147, 1148, 1149, 1153, 1156, 1157, 1160, 1161, 1220, 1221, 1228, 1229, 1238, 1243, 1291, 1292, 1293, 1297, 1298, 1299, 1303, 1304, 1336, 1346, 1356, 1381, 1382, 1383, 1385, 1390, 1392, 1393, 1394, 1395, 1399, 1402, 1403, 1404, 1408, 1437, 1438, 1443, 1444, 1445, 1446, 1447, 1448, 1449, 1450, 1452, 1455, 1456, 1457, 1458, 1459, 1460, 1461, 1462, 1463, 1464, 1465, 1466, 1469, 1470, 1471, 1472, 1473, 1474, 1479, 1480, 1481, 1482, 1487, 1493, 1496, 1499, 1502, 1511, 1517, 1523, 1532, 1541, 1544, 1550, 1553, 1562, 1568, 1577, 1583, 1586, 1601, 1604, 1613, 1616, 1619, 1628, 1631, 1634]","[0, 2, 19, 21, 25, 27, 31, 33, 49, 51, 94, 114, 130, 156, 188, 216, 217, 238, 239, 256, 257, 265, 266, 274, 278, 326, 330, 339, 363, 365, 384, 386, 387, 389, 390, 392, 417, 419, 423, 425, 429, 431, 447, 449, 455, 493, 506, 527, 541, 548, 561, 575, 599, 618, 620, 621, 623, 627, 629, 633, 635, 636, 638, 648, 650, 651, 653, 654, 656, 663, 665, 675, 679, 682, 685, 689, 698, 699, 702, 703, 704, 705, 706, 707, 712, 719, 727, 728, 730, 897, 899, 906, 913, 914, 921, 923, 927, 933, 934, 935, 936, 939, 940, 950, 990, 1029, 1031, 1032, 1033, 1046, 1054, 1056, 1058, 1085, 1089, 1090, 1091, 1092, 1138, 1139, 1140, 1141, 1150, 1159, 1163, 1165, 1222, 1223, 1226, 1227, 1230, 1231, 1232, 1249, 1305, 1307, 1319, 1328, 1367, 1377, 1378, 1379, 1380, 1384, 1386, 1388, 1389, 1397, 1400, 1401, 1439, 1440, 1467, 1468, 1475, 1476, 1477, 1478, 1483, 1484, 1485, 1486, 1490, 1508, 1520, 1526, 1529, 1538, 1565, 1571, 1589, 1595, 1598, 1607, 1610, 1625, 1637, 1640]",[],,,,,,
strength,Nystroem_Ridge_control,1,2,355,0,177,"[0, 2, 3, 5, 19, 21, 22, 24, 25, 27, 31, 33, 37, 39, 43, 45, 49, 51, 55, 57, 58, 59, 64, 65, 68, 69, 70, 82, 94, 98, 102, 114, 127, 130, 133, 136, 152, 156, 164, 168, 184, 188, 192, 204, 212, 216, 217, 219, 220, 230, 231, 235, 236, 238, 239, 250, 251, 256, 257, 265, 266, 268, 269, 274, 278, 281, 284, 286, 289, 292, 296, 305, 309, 326, 330, 333, 335, 336, 338, 339, 345, 347, 363, 365, 372, 374, 375, 377, 381, 383, 384, 386, 387, 389, 390, 392, 393, 395, 402, 404, 414, 416, 417, 419, 423, 425, 429, 431, 432, 434, 447, 449, 455, 457, 458, 459, 462, 464, 472, 486, 493, 499, 506, 513, 520, 527, 541, 548, 554, 561, 575, 599, 607, 611, 618, 620, 621, 623, 627, 629, 630, 632, 633, 635, 636, 638, 639, 641, 648, 650, 651, 653, 654, 656, 663, 665, 669, 671, 672, 674, 675, 676, 679, 681, 682, 685, 689, 690, 693, 696, 697, 698, 699, 700, 701, 702, 703, 704, 705, 706, 707, 712, 714, 716, 717, 718, 719, 724, 727, 728, 729, 730, 896, 897, 899, 903, 906, 909, 910, 911, 912, 913, 914, 921, 923, 927, 933, 934, 935, 936, 939, 940, 950, 955, 980, 990, 995, 1010, 1020, 1024, 1029, 1031, 1032, 1033, 1035, 1038, 1046, 1052, 1054, 1056, 1058, 1064, 1084, 1085, 1087, 1089, 1090, 1091, 1092, 1094, 1098, 1128, 1129, 1134, 1135, 1138, 1139, 1140, 1141, 1148, 1149, 1150, 1157, 1159, 1161, 1163, 1165, 1220, 1221, 1222, 1223, 1226, 1227, 1228, 1229, 1230, 1231, 1232, 1249, 1291, 1292, 1293, 1303, 1304, 1305, 1307, 1319, 1328, 1336, 1356, 1367, 1377, 1378, 1379, 1380, 1381, 1383, 1384, 1386, 1388, 1389, 1392, 1393, 1395, 1397, 1400, 1401, 1403, 1408, 1437, 1438, 1439, 1440, 1445, 1446, 1452, 1455, 1456, 1457, 1458, 1467, 1468, 1471, 1472, 1475, 1476, 1477, 1478, 1479, 1480, 1483, 1484, 1485, 1486, 1487, 1490, 1496, 1499, 1508, 1517, 1520, 1523, 1526, 1529, 1532, 1538, 1544, 1553, 1562, 1565, 1568, 1571, 1577, 1586, 1589, 1595, 1598, 1601, 1607, 1610, 1613, 1616, 1625, 1637, 1640]","[6, 8, 12, 13, 17, 18, 34, 36, 40, 42, 46, 48, 60, 61, 62, 63, 78, 90, 106, 144, 148, 172, 176, 180, 222, 223, 233, 234, 241, 242, 244, 245, 259, 260, 299, 302, 312, 316, 351, 353, 354, 356, 360, 362, 369, 371, 378, 380, 411, 413, 420, 422, 435, 437, 438, 440, 450, 452, 453, 456, 461, 465, 534, 579, 583, 591, 595, 603, 615, 617, 645, 647, 660, 662, 677, 678, 680, 684, 686, 687, 715, 720, 721, 726, 898, 901, 902, 904, 905, 907, 908, 917, 919, 925, 931, 932, 937, 938, 941, 942, 943, 944, 945, 960, 965, 970, 975, 1005, 1015, 1025, 1028, 1030, 1036, 1040, 1042, 1048, 1062, 1086, 1088, 1093, 1097, 1099, 1126, 1127, 1136, 1137, 1144, 1145, 1146, 1147, 1153, 1156, 1160, 1238, 1243, 1297, 1298, 1299, 1346, 1382, 1385, 1390, 1394, 1399, 1402, 1404, 1443, 1444, 1447, 1448, 1449, 1450, 1459, 1460, 1461, 1462, 1463, 1464, 1465, 1466, 1469, 1470, 1473, 1474, 1481, 1482, 1493, 1502, 1511, 1541, 1550, 1583, 1604, 1619, 1628, 1631, 1634]",[],,,,,,
strength,Nystroem_Ridge_control,1,3,355,0,177,"[0, 2, 6, 8, 12, 13, 17, 18, 19, 21, 25, 27, 31, 33, 34, 36, 40, 42, 46, 48, 49, 51, 60, 61, 62, 63, 78, 90, 94, 106, 114, 130, 144, 148, 156, 172, 176, 180, 188, 216, 217, 222, 223, 233, 234, 238, 239, 241, 242, 244, 245, 256, 257, 259, 260, 265, 266, 274, 278, 299, 302, 312, 316, 326, 330, 339, 351, 353, 354, 356, 360, 362, 363, 365, 369, 371, 378, 380, 384, 386, 387, 389, 390, 392, 411, 413, 417, 419, 420, 422, 423, 425, 429, 431, 435, 437, 438, 440, 447, 449, 450, 452, 453, 455, 456, 461, 465, 493, 506, 527, 534, 541, 548, 561, 575, 579, 583, 591, 595, 599, 603, 615, 617, 618, 620, 621, 623, 627, 629, 633, 635, 636, 638, 645, 647, 648, 650, 651, 653, 654, 656, 660, 662, 663, 665, 675, 677, 678, 679, 680, 682, 684, 685, 686, 687, 689, 698, 699, 702, 703, 704, 705, 706, 707, 712, 715, 719, 720, 721, 726, 727, 728, 730, 897, 898, 899, 901, 902, 904, 905, 906, 907, 908, 913, 914, 917, 919, 921, 923, 925, 927, 931, 932, 933, 934, 935, 936, 937, 938, 939, 940, 941, 942, 943, 944, 945, 950, 960, 965, 970, 975, 990, 1005, 1015, 1025, 1028, 1029, 1030, 1031, 1032, 1033, 1036, 1040, 1042, 1046, 1048, 1054, 1056, 1058, 1062, 1085, 1086, 1088, 1089, 1090, 1091, 1092, 1093, 1097, 1099, 1126, 1127, 1136, 1137, 1138, 1139, 1140, 1141, 1144, 1145, 1146, 1147, 1150, 1153, 1156, 1159, 1160, 1163, 1165, 1222, 1223, 1226, 1227, 1230, 1231, 1232, 1238, 1243, 1249, 1297, 1298, 1299, 1305, 1307, 1319, 1328, 1346, 1367, 1377, 1378, 1379, 1380, 1382, 1384, 1385, 1386, 1388, 1389, 1390, 1394, 1397, 1399, 1400, 1401, 1402, 1404, 1439, 1440, 1443, 1444, 1447, 1448, 1449, 1450, 1459, 1460, 1461, 1462, 1463, 1464, 1465, 1466, 1467, 1468, 1469, 1470, 1473, 1474, 1475, 1476, 1477, 1478, 1481, 1482, 1483, 1484, 1485, 1486, 1490, 1493, 1502, 1508, 1511, 1520, 1526, 1529, 1538, 1541, 1550, 1565, 1571, 1583, 1589, 1595, 1598, 1604, 1607, 1610, 1619, 1625, 1628, 1631, 1634, 1637, 1640]","[3, 5, 22, 24, 37, 39, 43, 45, 55, 57, 58, 59, 64, 65, 68, 69, 70, 82, 98, 102, 127, 133, 136, 152, 164, 168, 184, 192, 204, 212, 219, 220, 230, 231, 235, 236, 250, 251, 268, 269, 281, 284, 286, 289, 292, 296, 305, 309, 333, 335, 336, 338, 345, 347, 372, 374, 375, 377, 381, 383, 393, 395, 402, 404, 414, 416, 432, 434, 457, 458, 459, 462, 464, 472, 486, 499, 513, 520, 554, 607, 611, 630, 632, 639, 641, 669, 671, 672, 674, 676, 681, 690, 693, 696, 697, 700, 701, 714, 716, 717, 718, 724, 729, 896, 903, 909, 910, 911, 912, 955, 980, 995, 1010, 1020, 1024, 1035, 1038, 1052, 1064, 1084, 1087, 1094, 1098, 1128, 1129, 1134, 1135, 1148, 1149, 1157, 1161, 1220, 1221, 1228, 1229, 1291, 1292, 1293, 1303, 1304, 1336, 1356, 1381, 1383, 1392, 1393, 1395, 1403, 1408, 1437, 1438, 1445, 1446, 1452, 1455, 1456, 1457, 1458, 1471, 1472, 1479, 1480, 1487, 1496, 1499, 1517, 1523, 1532, 1544, 1553, 1562, 1568, 1577, 1586, 1601, 1613, 1616]",[],,,,,,
strength,Nystroem_Ridge_control,1,0,532,0,133,"[0, 2, 3, 5, 6, 8, 12, 13, 17, 18, 19, 21, 22, 24, 25, 27, 31, 33, 34, 36, 37, 39, 40, 42, 43, 45, 46, 48, 49, 51, 55, 57, 58, 59, 60, 61, 62, 63, 64, 65, 68, 69, 70, 78, 82, 90, 94, 98, 102, 106, 114, 127, 130, 133, 136, 144, 148, 152, 156, 164, 168, 172, 176, 180, 184, 188, 192, 204, 212, 216, 217, 219, 220, 222, 223, 230, 231, 233, 234, 235, 236, 238, 239, 241, 242, 244, 245, 250, 251, 256, 257, 259, 260, 265, 266, 268, 269, 274, 278, 281, 284, 286, 289, 292, 296, 299, 302, 305, 309, 312, 316, 326, 330, 333, 335, 336, 338, 339, 345, 347, 351, 353, 354, 356, 360, 362, 363, 365, 369, 371, 372, 374, 375, 377, 378, 380, 381, 383, 384, 386, 387, 389, 390, 392, 393, 395, 402, 404, 411, 413, 414, 416, 417, 419, 420, 422, 423, 425, 429, 431, 432, 434, 435, 437, 438, 440, 447, 449, 450, 452, 453, 455, 456, 457, 458, 459, 461, 462, 464, 465, 472, 486, 493, 499, 506, 513, 520, 527, 534, 541, 548, 554, 561, 575, 579, 583, 591, 595, 599, 603, 607, 611, 615, 617, 618, 620, 621, 623, 627, 629, 630, 632, 633, 635, 636, 638, 639, 641, 645, 647, 648, 650, 651, 653, 654, 656, 660, 662, 663, 665, 669, 671, 672, 674, 675, 676, 677, 678, 679, 680, 681, 682, 684, 685, 686, 687, 689, 690, 693, 696, 697, 698, 699, 700, 701, 702, 703, 704, 705, 706, 707, 712, 714, 715, 716, 717, 718, 719, 720, 721, 724, 726, 727, 728, 729, 730, 896, 897, 898, 899, 901, 902, 903, 904, 905, 906, 907, 908, 909, 910, 911, 912, 913, 914, 917, 919, 921, 923, 925, 927, 931, 932, 933, 934, 935, 936, 937, 938, 939, 940, 941, 942, 943, 944, 945, 950, 955, 960, 965, 970, 975, 980, 990, 995, 1005, 1010, 1015, 1020, 1024, 1025, 1028, 1029, 1030, 1031, 1032, 1033, 1035, 1036, 1038, 1040, 1042, 1046, 1048, 1052, 1054, 1056, 1058, 1062, 1064, 1084, 1085, 1086, 1087, 1088, 1089, 1090, 1091, 1092, 1093, 1094, 1097, 1098, 1099, 1126, 1127, 1128, 1129, 1134, 1135, 1136, 1137, 1138, 1139, 1140, 1141, 1144, 1145, 1146, 1147, 1148, 1149, 1150, 1153, 1156, 1157, 1159, 1160, 1161, 1163, 1165, 1220, 1221, 1222, 1223, 1226, 1227, 1228, 1229, 1230, 1231, 1232, 1238, 1243, 1249, 1291, 1292, 1293, 1297, 1298, 1299, 1303, 1304, 1305, 1307, 1319, 1328, 1336, 1346, 1356, 1367, 1377, 1378, 1379, 1380, 1381, 1382, 1383, 1384, 1385, 1386, 1388, 1389, 1390, 1392, 1393, 1394, 1395, 1397, 1399, 1400, 1401, 1402, 1403, 1404, 1408, 1437, 1438, 1439, 1440, 1443, 1444, 1445, 1446, 1447, 1448, 1449, 1450, 1452, 1455, 1456, 1457, 1458, 1459, 1460, 1461, 1462, 1463, 1464, 1465, 1466, 1467, 1468, 1469, 1470, 1471, 1472, 1473, 1474, 1475, 1476, 1477, 1478, 1479, 1480, 1481, 1482, 1483, 1484, 1485, 1486, 1487, 1490, 1493, 1496, 1499, 1502, 1508, 1511, 1517, 1520, 1523, 1526, 1529, 1532, 1538, 1541, 1544, 1550, 1553, 1562, 1565, 1568, 1571, 1577, 1583, 1586, 1589, 1595, 1598, 1601, 1604, 1607, 1610, 1613, 1616, 1619, 1625, 1628, 1631, 1634, 1637, 1640]","[9, 11, 14, 16, 28, 30, 52, 54, 66, 67, 74, 86, 110, 118, 121, 124, 140, 160, 196, 200, 208, 225, 226, 228, 229, 247, 248, 253, 254, 262, 263, 271, 272, 319, 323, 342, 344, 348, 350, 357, 359, 366, 368, 396, 398, 399, 401, 405, 407, 408, 410, 426, 428, 441, 443, 444, 446, 454, 460, 463, 479, 568, 587, 624, 626, 642, 644, 657, 659, 666, 668, 683, 688, 691, 692, 694, 695, 708, 709, 710, 711, 713, 722, 723, 725, 731, 895, 900, 915, 916, 929, 985, 1000, 1026, 1027, 1044, 1050, 1060, 1066, 1095, 1096, 1130, 1131, 1132, 1133, 1142, 1143, 1158, 1162, 1164, 1224, 1225, 1285, 1286, 1287, 1306, 1387, 1391, 1396, 1398, 1441, 1442, 1453, 1454, 1505, 1535, 1547, 1556, 1559, 1574, 1580, 1592, 1622]",[],532.0,0.0,0.0,0.0,0.0,
strength,Graph_labeled_only,1,1,354,0,178,"[3, 5, 6, 8, 12, 13, 17, 18, 22, 24, 34, 36, 37, 39, 40, 42, 43, 45, 46, 48, 55, 57, 58, 59, 60, 61, 62, 63, 64, 65, 68, 69, 70, 78, 82, 90, 98, 102, 106, 127, 133, 136, 144, 148, 152, 164, 168, 172, 176, 180, 184, 192, 204, 212, 219, 220, 222, 223, 230, 231, 233, 234, 235, 236, 241, 242, 244, 245, 250, 251, 259, 260, 268, 269, 281, 284, 286, 289, 292, 296, 299, 302, 305, 309, 312, 316, 333, 335, 336, 338, 345, 347, 351, 353, 354, 356, 360, 362, 369, 371, 372, 374, 375, 377, 378, 380, 381, 383, 393, 395, 402, 404, 411, 413, 414, 416, 420, 422, 432, 434, 435, 437, 438, 440, 450, 452, 453, 456, 457, 458, 459, 461, 462, 464, 465, 472, 486, 499, 513, 520, 534, 554, 579, 583, 591, 595, 603, 607, 611, 615, 617, 630, 632, 639, 641, 645, 647, 660, 662, 669, 671, 672, 674, 676, 677, 678, 680, 681, 684, 686, 687, 690, 693, 696, 697, 700, 701, 714, 715, 716, 717, 718, 720, 721, 724, 726, 729, 896, 898, 901, 902, 903, 904, 905, 907, 908, 909, 910, 911, 912, 917, 919, 925, 931, 932, 937, 938, 941, 942, 943, 944, 945, 955, 960, 965, 970, 975, 980, 995, 1005, 1010, 1015, 1020, 1024, 1025, 1028, 1030, 1035, 1036, 1038, 1040, 1042, 1048, 1052, 1062, 1064, 1084, 1086, 1087, 1088, 1093, 1094, 1097, 1098, 1099, 1126, 1127, 1128, 1129, 1134, 1135, 1136, 1137, 1144, 1145, 1146, 1147, 1148, 1149, 1153, 1156, 1157, 1160, 1161, 1220, 1221, 1228, 1229, 1238, 1243, 1291, 1292, 1293, 1297, 1298, 1299, 1303, 1304, 1336, 1346, 1356, 1381, 1382, 1383, 1385, 1390, 1392, 1393, 1394, 1395, 1399, 1402, 1403, 1404, 1408, 1437, 1438, 1443, 1444, 1445, 1446, 1447, 1448, 1449, 1450, 1452, 1455, 1456, 1457, 1458, 1459, 1460, 1461, 1462, 1463, 1464, 1465, 1466, 1469, 1470, 1471, 1472, 1473, 1474, 1479, 1480, 1481, 1482, 1487, 1493, 1496, 1499, 1502, 1511, 1517, 1523, 1532, 1541, 1544, 1550, 1553, 1562, 1568, 1577, 1583, 1586, 1601, 1604, 1613, 1616, 1619, 1628, 1631, 1634]","[0, 2, 19, 21, 25, 27, 31, 33, 49, 51, 94, 114, 130, 156, 188, 216, 217, 238, 239, 256, 257, 265, 266, 274, 278, 326, 330, 339, 363, 365, 384, 386, 387, 389, 390, 392, 417, 419, 423, 425, 429, 431, 447, 449, 455, 493, 506, 527, 541, 548, 561, 575, 599, 618, 620, 621, 623, 627, 629, 633, 635, 636, 638, 648, 650, 651, 653, 654, 656, 663, 665, 675, 679, 682, 685, 689, 698, 699, 702, 703, 704, 705, 706, 707, 712, 719, 727, 728, 730, 897, 899, 906, 913, 914, 921, 923, 927, 933, 934, 935, 936, 939, 940, 950, 990, 1029, 1031, 1032, 1033, 1046, 1054, 1056, 1058, 1085, 1089, 1090, 1091, 1092, 1138, 1139, 1140, 1141, 1150, 1159, 1163, 1165, 1222, 1223, 1226, 1227, 1230, 1231, 1232, 1249, 1305, 1307, 1319, 1328, 1367, 1377, 1378, 1379, 1380, 1384, 1386, 1388, 1389, 1397, 1400, 1401, 1439, 1440, 1467, 1468, 1475, 1476, 1477, 1478, 1483, 1484, 1485, 1486, 1490, 1508, 1520, 1526, 1529, 1538, 1565, 1571, 1589, 1595, 1598, 1607, 1610, 1625, 1637, 1640]",[],,,,,,
strength,Graph_labeled_only,1,2,355,0,177,"[0, 2, 3, 5, 19, 21, 22, 24, 25, 27, 31, 33, 37, 39, 43, 45, 49, 51, 55, 57, 58, 59, 64, 65, 68, 69, 70, 82, 94, 98, 102, 114, 127, 130, 133, 136, 152, 156, 164, 168, 184, 188, 192, 204, 212, 216, 217, 219, 220, 230, 231, 235, 236, 238, 239, 250, 251, 256, 257, 265, 266, 268, 269, 274, 278, 281, 284, 286, 289, 292, 296, 305, 309, 326, 330, 333, 335, 336, 338, 339, 345, 347, 363, 365, 372, 374, 375, 377, 381, 383, 384, 386, 387, 389, 390, 392, 393, 395, 402, 404, 414, 416, 417, 419, 423, 425, 429, 431, 432, 434, 447, 449, 455, 457, 458, 459, 462, 464, 472, 486, 493, 499, 506, 513, 520, 527, 541, 548, 554, 561, 575, 599, 607, 611, 618, 620, 621, 623, 627, 629, 630, 632, 633, 635, 636, 638, 639, 641, 648, 650, 651, 653, 654, 656, 663, 665, 669, 671, 672, 674, 675, 676, 679, 681, 682, 685, 689, 690, 693, 696, 697, 698, 699, 700, 701, 702, 703, 704, 705, 706, 707, 712, 714, 716, 717, 718, 719, 724, 727, 728, 729, 730, 896, 897, 899, 903, 906, 909, 910, 911, 912, 913, 914, 921, 923, 927, 933, 934, 935, 936, 939, 940, 950, 955, 980, 990, 995, 1010, 1020, 1024, 1029, 1031, 1032, 1033, 1035, 1038, 1046, 1052, 1054, 1056, 1058, 1064, 1084, 1085, 1087, 1089, 1090, 1091, 1092, 1094, 1098, 1128, 1129, 1134, 1135, 1138, 1139, 1140, 1141, 1148, 1149, 1150, 1157, 1159, 1161, 1163, 1165, 1220, 1221, 1222, 1223, 1226, 1227, 1228, 1229, 1230, 1231, 1232, 1249, 1291, 1292, 1293, 1303, 1304, 1305, 1307, 1319, 1328, 1336, 1356, 1367, 1377, 1378, 1379, 1380, 1381, 1383, 1384, 1386, 1388, 1389, 1392, 1393, 1395, 1397, 1400, 1401, 1403, 1408, 1437, 1438, 1439, 1440, 1445, 1446, 1452, 1455, 1456, 1457, 1458, 1467, 1468, 1471, 1472, 1475, 1476, 1477, 1478, 1479, 1480, 1483, 1484, 1485, 1486, 1487, 1490, 1496, 1499, 1508, 1517, 1520, 1523, 1526, 1529, 1532, 1538, 1544, 1553, 1562, 1565, 1568, 1571, 1577, 1586, 1589, 1595, 1598, 1601, 1607, 1610, 1613, 1616, 1625, 1637, 1640]","[6, 8, 12, 13, 17, 18, 34, 36, 40, 42, 46, 48, 60, 61, 62, 63, 78, 90, 106, 144, 148, 172, 176, 180, 222, 223, 233, 234, 241, 242, 244, 245, 259, 260, 299, 302, 312, 316, 351, 353, 354, 356, 360, 362, 369, 371, 378, 380, 411, 413, 420, 422, 435, 437, 438, 440, 450, 452, 453, 456, 461, 465, 534, 579, 583, 591, 595, 603, 615, 617, 645, 647, 660, 662, 677, 678, 680, 684, 686, 687, 715, 720, 721, 726, 898, 901, 902, 904, 905, 907, 908, 917, 919, 925, 931, 932, 937, 938, 941, 942, 943, 944, 945, 960, 965, 970, 975, 1005, 1015, 1025, 1028, 1030, 1036, 1040, 1042, 1048, 1062, 1086, 1088, 1093, 1097, 1099, 1126, 1127, 1136, 1137, 1144, 1145, 1146, 1147, 1153, 1156, 1160, 1238, 1243, 1297, 1298, 1299, 1346, 1382, 1385, 1390, 1394, 1399, 1402, 1404, 1443, 1444, 1447, 1448, 1449, 1450, 1459, 1460, 1461, 1462, 1463, 1464, 1465, 1466, 1469, 1470, 1473, 1474, 1481, 1482, 1493, 1502, 1511, 1541, 1550, 1583, 1604, 1619, 1628, 1631, 1634]",[],,,,,,
strength,Graph_labeled_only,1,3,355,0,177,"[0, 2, 6, 8, 12, 13, 17, 18, 19, 21, 25, 27, 31, 33, 34, 36, 40, 42, 46, 48, 49, 51, 60, 61, 62, 63, 78, 90, 94, 106, 114, 130, 144, 148, 156, 172, 176, 180, 188, 216, 217, 222, 223, 233, 234, 238, 239, 241, 242, 244, 245, 256, 257, 259, 260, 265, 266, 274, 278, 299, 302, 312, 316, 326, 330, 339, 351, 353, 354, 356, 360, 362, 363, 365, 369, 371, 378, 380, 384, 386, 387, 389, 390, 392, 411, 413, 417, 419, 420, 422, 423, 425, 429, 431, 435, 437, 438, 440, 447, 449, 450, 452, 453, 455, 456, 461, 465, 493, 506, 527, 534, 541, 548, 561, 575, 579, 583, 591, 595, 599, 603, 615, 617, 618, 620, 621, 623, 627, 629, 633, 635, 636, 638, 645, 647, 648, 650, 651, 653, 654, 656, 660, 662, 663, 665, 675, 677, 678, 679, 680, 682, 684, 685, 686, 687, 689, 698, 699, 702, 703, 704, 705, 706, 707, 712, 715, 719, 720, 721, 726, 727, 728, 730, 897, 898, 899, 901, 902, 904, 905, 906, 907, 908, 913, 914, 917, 919, 921, 923, 925, 927, 931, 932, 933, 934, 935, 936, 937, 938, 939, 940, 941, 942, 943, 944, 945, 950, 960, 965, 970, 975, 990, 1005, 1015, 1025, 1028, 1029, 1030, 1031, 1032, 1033, 1036, 1040, 1042, 1046, 1048, 1054, 1056, 1058, 1062, 1085, 1086, 1088, 1089, 1090, 1091, 1092, 1093, 1097, 1099, 1126, 1127, 1136, 1137, 1138, 1139, 1140, 1141, 1144, 1145, 1146, 1147, 1150, 1153, 1156, 1159, 1160, 1163, 1165, 1222, 1223, 1226, 1227, 1230, 1231, 1232, 1238, 1243, 1249, 1297, 1298, 1299, 1305, 1307, 1319, 1328, 1346, 1367, 1377, 1378, 1379, 1380, 1382, 1384, 1385, 1386, 1388, 1389, 1390, 1394, 1397, 1399, 1400, 1401, 1402, 1404, 1439, 1440, 1443, 1444, 1447, 1448, 1449, 1450, 1459, 1460, 1461, 1462, 1463, 1464, 1465, 1466, 1467, 1468, 1469, 1470, 1473, 1474, 1475, 1476, 1477, 1478, 1481, 1482, 1483, 1484, 1485, 1486, 1490, 1493, 1502, 1508, 1511, 1520, 1526, 1529, 1538, 1541, 1550, 1565, 1571, 1583, 1589, 1595, 1598, 1604, 1607, 1610, 1619, 1625, 1628, 1631, 1634, 1637, 1640]","[3, 5, 22, 24, 37, 39, 43, 45, 55, 57, 58, 59, 64, 65, 68, 69, 70, 82, 98, 102, 127, 133, 136, 152, 164, 168, 184, 192, 204, 212, 219, 220, 230, 231, 235, 236, 250, 251, 268, 269, 281, 284, 286, 289, 292, 296, 305, 309, 333, 335, 336, 338, 345, 347, 372, 374, 375, 377, 381, 383, 393, 395, 402, 404, 414, 416, 432, 434, 457, 458, 459, 462, 464, 472, 486, 499, 513, 520, 554, 607, 611, 630, 632, 639, 641, 669, 671, 672, 674, 676, 681, 690, 693, 696, 697, 700, 701, 714, 716, 717, 718, 724, 729, 896, 903, 909, 910, 911, 912, 955, 980, 995, 1010, 1020, 1024, 1035, 1038, 1052, 1064, 1084, 1087, 1094, 1098, 1128, 1129, 1134, 1135, 1148, 1149, 1157, 1161, 1220, 1221, 1228, 1229, 1291, 1292, 1293, 1303, 1304, 1336, 1356, 1381, 1383, 1392, 1393, 1395, 1403, 1408, 1437, 1438, 1445, 1446, 1452, 1455, 1456, 1457, 1458, 1471, 1472, 1479, 1480, 1487, 1496, 1499, 1517, 1523, 1532, 1544, 1553, 1562, 1568, 1577, 1586, 1601, 1613, 1616]",[],,,,,,
strength,Graph_labeled_only,1,0,532,0,133,"[0, 2, 3, 5, 6, 8, 12, 13, 17, 18, 19, 21, 22, 24, 25, 27, 31, 33, 34, 36, 37, 39, 40, 42, 43, 45, 46, 48, 49, 51, 55, 57, 58, 59, 60, 61, 62, 63, 64, 65, 68, 69, 70, 78, 82, 90, 94, 98, 102, 106, 114, 127, 130, 133, 136, 144, 148, 152, 156, 164, 168, 172, 176, 180, 184, 188, 192, 204, 212, 216, 217, 219, 220, 222, 223, 230, 231, 233, 234, 235, 236, 238, 239, 241, 242, 244, 245, 250, 251, 256, 257, 259, 260, 265, 266, 268, 269, 274, 278, 281, 284, 286, 289, 292, 296, 299, 302, 305, 309, 312, 316, 326, 330, 333, 335, 336, 338, 339, 345, 347, 351, 353, 354, 356, 360, 362, 363, 365, 369, 371, 372, 374, 375, 377, 378, 380, 381, 383, 384, 386, 387, 389, 390, 392, 393, 395, 402, 404, 411, 413, 414, 416, 417, 419, 420, 422, 423, 425, 429, 431, 432, 434, 435, 437, 438, 440, 447, 449, 450, 452, 453, 455, 456, 457, 458, 459, 461, 462, 464, 465, 472, 486, 493, 499, 506, 513, 520, 527, 534, 541, 548, 554, 561, 575, 579, 583, 591, 595, 599, 603, 607, 611, 615, 617, 618, 620, 621, 623, 627, 629, 630, 632, 633, 635, 636, 638, 639, 641, 645, 647, 648, 650, 651, 653, 654, 656, 660, 662, 663, 665, 669, 671, 672, 674, 675, 676, 677, 678, 679, 680, 681, 682, 684, 685, 686, 687, 689, 690, 693, 696, 697, 698, 699, 700, 701, 702, 703, 704, 705, 706, 707, 712, 714, 715, 716, 717, 718, 719, 720, 721, 724, 726, 727, 728, 729, 730, 896, 897, 898, 899, 901, 902, 903, 904, 905, 906, 907, 908, 909, 910, 911, 912, 913, 914, 917, 919, 921, 923, 925, 927, 931, 932, 933, 934, 935, 936, 937, 938, 939, 940, 941, 942, 943, 944, 945, 950, 955, 960, 965, 970, 975, 980, 990, 995, 1005, 1010, 1015, 1020, 1024, 1025, 1028, 1029, 1030, 1031, 1032, 1033, 1035, 1036, 1038, 1040, 1042, 1046, 1048, 1052, 1054, 1056, 1058, 1062, 1064, 1084, 1085, 1086, 1087, 1088, 1089, 1090, 1091, 1092, 1093, 1094, 1097, 1098, 1099, 1126, 1127, 1128, 1129, 1134, 1135, 1136, 1137, 1138, 1139, 1140, 1141, 1144, 1145, 1146, 1147, 1148, 1149, 1150, 1153, 1156, 1157, 1159, 1160, 1161, 1163, 1165, 1220, 1221, 1222, 1223, 1226, 1227, 1228, 1229, 1230, 1231, 1232, 1238, 1243, 1249, 1291, 1292, 1293, 1297, 1298, 1299, 1303, 1304, 1305, 1307, 1319, 1328, 1336, 1346, 1356, 1367, 1377, 1378, 1379, 1380, 1381, 1382, 1383, 1384, 1385, 1386, 1388, 1389, 1390, 1392, 1393, 1394, 1395, 1397, 1399, 1400, 1401, 1402, 1403, 1404, 1408, 1437, 1438, 1439, 1440, 1443, 1444, 1445, 1446, 1447, 1448, 1449, 1450, 1452, 1455, 1456, 1457, 1458, 1459, 1460, 1461, 1462, 1463, 1464, 1465, 1466, 1467, 1468, 1469, 1470, 1471, 1472, 1473, 1474, 1475, 1476, 1477, 1478, 1479, 1480, 1481, 1482, 1483, 1484, 1485, 1486, 1487, 1490, 1493, 1496, 1499, 1502, 1508, 1511, 1517, 1520, 1523, 1526, 1529, 1532, 1538, 1541, 1544, 1550, 1553, 1562, 1565, 1568, 1571, 1577, 1583, 1586, 1589, 1595, 1598, 1601, 1604, 1607, 1610, 1613, 1616, 1619, 1625, 1628, 1631, 1634, 1637, 1640]","[9, 11, 14, 16, 28, 30, 52, 54, 66, 67, 74, 86, 110, 118, 121, 124, 140, 160, 196, 200, 208, 225, 226, 228, 229, 247, 248, 253, 254, 262, 263, 271, 272, 319, 323, 342, 344, 348, 350, 357, 359, 366, 368, 396, 398, 399, 401, 405, 407, 408, 410, 426, 428, 441, 443, 444, 446, 454, 460, 463, 479, 568, 587, 624, 626, 642, 644, 657, 659, 666, 668, 683, 688, 691, 692, 694, 695, 708, 709, 710, 711, 713, 722, 723, 725, 731, 895, 900, 915, 916, 929, 985, 1000, 1026, 1027, 1044, 1050, 1060, 1066, 1095, 1096, 1130, 1131, 1132, 1133, 1142, 1143, 1158, 1162, 1164, 1224, 1225, 1285, 1286, 1287, 1306, 1387, 1391, 1396, 1398, 1441, 1442, 1453, 1454, 1505, 1535, 1547, 1556, 1559, 1574, 1580, 1592, 1622]",[],532.0,3402.0,3.0,0.0,0.008380861044069446,2.084138151417564
strength,Graph_semi_supervised,1,1,354,695,178,"[3, 5, 6, 8, 12, 13, 17, 18, 22, 24, 34, 36, 37, 39, 40, 42, 43, 45, 46, 48, 55, 57, 58, 59, 60, 61, 62, 63, 64, 65, 68, 69, 70, 78, 82, 90, 98, 102, 106, 127, 133, 136, 144, 148, 152, 164, 168, 172, 176, 180, 184, 192, 204, 212, 219, 220, 222, 223, 230, 231, 233, 234, 235, 236, 241, 242, 244, 245, 250, 251, 259, 260, 268, 269, 281, 284, 286, 289, 292, 296, 299, 302, 305, 309, 312, 316, 333, 335, 336, 338, 345, 347, 351, 353, 354, 356, 360, 362, 369, 371, 372, 374, 375, 377, 378, 380, 381, 383, 393, 395, 402, 404, 411, 413, 414, 416, 420, 422, 432, 434, 435, 437, 438, 440, 450, 452, 453, 456, 457, 458, 459, 461, 462, 464, 465, 472, 486, 499, 513, 520, 534, 554, 579, 583, 591, 595, 603, 607, 611, 615, 617, 630, 632, 639, 641, 645, 647, 660, 662, 669, 671, 672, 674, 676, 677, 678, 680, 681, 684, 686, 687, 690, 693, 696, 697, 700, 701, 714, 715, 716, 717, 718, 720, 721, 724, 726, 729, 896, 898, 901, 902, 903, 904, 905, 907, 908, 909, 910, 911, 912, 917, 919, 925, 931, 932, 937, 938, 941, 942, 943, 944, 945, 955, 960, 965, 970, 975, 980, 995, 1005, 1010, 1015, 1020, 1024, 1025, 1028, 1030, 1035, 1036, 1038, 1040, 1042, 1048, 1052, 1062, 1064, 1084, 1086, 1087, 1088, 1093, 1094, 1097, 1098, 1099, 1126, 1127, 1128, 1129, 1134, 1135, 1136, 1137, 1144, 1145, 1146, 1147, 1148, 1149, 1153, 1156, 1157, 1160, 1161, 1220, 1221, 1228, 1229, 1238, 1243, 1291, 1292, 1293, 1297, 1298, 1299, 1303, 1304, 1336, 1346, 1356, 1381, 1382, 1383, 1385, 1390, 1392, 1393, 1394, 1395, 1399, 1402, 1403, 1404, 1408, 1437, 1438, 1443, 1444, 1445, 1446, 1447, 1448, 1449, 1450, 1452, 1455, 1456, 1457, 1458, 1459, 1460, 1461, 1462, 1463, 1464, 1465, 1466, 1469, 1470, 1471, 1472, 1473, 1474, 1479, 1480, 1481, 1482, 1487, 1493, 1496, 1499, 1502, 1511, 1517, 1523, 1532, 1541, 1544, 1550, 1553, 1562, 1568, 1577, 1583, 1586, 1601, 1604, 1613, 1616, 1619, 1628, 1631, 1634]","[0, 2, 19, 21, 25, 27, 31, 33, 49, 51, 94, 114, 130, 156, 188, 216, 217, 238, 239, 256, 257, 265, 266, 274, 278, 326, 330, 339, 363, 365, 384, 386, 387, 389, 390, 392, 417, 419, 423, 425, 429, 431, 447, 449, 455, 493, 506, 527, 541, 548, 561, 575, 599, 618, 620, 621, 623, 627, 629, 633, 635, 636, 638, 648, 650, 651, 653, 654, 656, 663, 665, 675, 679, 682, 685, 689, 698, 699, 702, 703, 704, 705, 706, 707, 712, 719, 727, 728, 730, 897, 899, 906, 913, 914, 921, 923, 927, 933, 934, 935, 936, 939, 940, 950, 990, 1029, 1031, 1032, 1033, 1046, 1054, 1056, 1058, 1085, 1089, 1090, 1091, 1092, 1138, 1139, 1140, 1141, 1150, 1159, 1163, 1165, 1222, 1223, 1226, 1227, 1230, 1231, 1232, 1249, 1305, 1307, 1319, 1328, 1367, 1377, 1378, 1379, 1380, 1384, 1386, 1388, 1389, 1397, 1400, 1401, 1439, 1440, 1467, 1468, 1475, 1476, 1477, 1478, 1483, 1484, 1485, 1486, 1490, 1508, 1520, 1526, 1529, 1538, 1565, 1571, 1589, 1595, 1598, 1607, 1610, 1625, 1637, 1640]","[4, 7, 23, 35, 38, 41, 44, 47, 56, 71, 72, 73, 79, 80, 81, 83, 84, 85, 91, 92, 93, 99, 100, 101, 103, 104, 105, 107, 108, 109, 128, 129, 134, 135, 137, 138, 139, 145, 146, 147, 149, 150, 151, 153, 154, 155, 165, 166, 167, 169, 170, 171, 173, 174, 175, 177, 178, 179, 181, 182, 183, 185, 186, 187, 193, 194, 195, 205, 206, 207, 213, 214, 215, 221, 224, 232, 237, 243, 246, 252, 261, 270, 282, 283, 285, 287, 288, 290, 291, 293, 294, 295, 297, 298, 300, 301, 303, 304, 306, 307, 308, 310, 311, 313, 314, 315, 317, 318, 334, 337, 346, 352, 355, 361, 370, 373, 376, 379, 382, 394, 403, 412, 415, 421, 433, 436, 439, 451, 466, 467, 468, 469, 470, 471, 473, 474, 475, 476, 477, 478, 487, 488, 489, 490, 491, 492, 500, 501, 502, 503, 504, 505, 514, 515, 516, 517, 518, 519, 521, 522, 523, 524, 525, 526, 535, 536, 537, 538, 539, 540, 555, 556, 557, 558, 559, 560, 580, 581, 582, 584, 585, 586, 592, 593, 594, 596, 597, 598, 604, 605, 606, 608, 609, 610, 612, 613, 614, 616, 631, 640, 646, 661, 670, 673, 732, 733, 734, 735, 736, 737, 738, 739, 740, 741, 742, 743, 744, 745, 746, 747, 748, 749, 750, 751, 752, 753, 754, 755, 756, 757, 758, 759, 760, 761, 762, 763, 764, 765, 766, 767, 768, 769, 770, 771, 772, 773, 774, 775, 776, 777, 778, 779, 780, 781, 782, 783, 784, 785, 786, 787, 788, 789, 790, 791, 792, 793, 794, 795, 796, 797, 798, 799, 800, 801, 802, 803, 804, 805, 806, 807, 808, 809, 810, 811, 812, 813, 814, 815, 816, 817, 818, 819, 820, 821, 822, 823, 824, 825, 826, 827, 828, 829, 830, 831, 832, 833, 834, 835, 836, 837, 838, 839, 840, 841, 842, 843, 844, 845, 846, 847, 848, 849, 850, 851, 852, 853, 854, 855, 856, 857, 858, 859, 860, 861, 862, 863, 864, 865, 866, 867, 868, 869, 870, 871, 872, 873, 874, 875, 876, 877, 878, 879, 880, 881, 882, 883, 884, 885, 886, 887, 888, 889, 890, 891, 892, 893, 894, 918, 920, 926, 946, 947, 948, 949, 956, 957, 958, 959, 961, 962, 963, 964, 966, 967, 968, 969, 971, 972, 973, 974, 976, 977, 978, 979, 981, 982, 983, 984, 996, 997, 998, 999, 1006, 1007, 1008, 1009, 1011, 1012, 1013, 1014, 1016, 1017, 1018, 1019, 1021, 1022, 1023, 1034, 1037, 1039, 1041, 1043, 1049, 1053, 1063, 1065, 1068, 1069, 1070, 1071, 1072, 1073, 1074, 1075, 1076, 1077, 1078, 1079, 1080, 1081, 1082, 1083, 1100, 1101, 1102, 1103, 1104, 1105, 1106, 1107, 1108, 1109, 1110, 1111, 1112, 1113, 1114, 1115, 1116, 1117, 1118, 1119, 1120, 1121, 1122, 1123, 1124, 1125, 1151, 1152, 1154, 1155, 1166, 1167, 1168, 1169, 1170, 1171, 1172, 1173, 1174, 1175, 1176, 1177, 1178, 1179, 1180, 1181, 1182, 1183, 1184, 1185, 1186, 1187, 1188, 1189, 1190, 1191, 1192, 1193, 1194, 1195, 1196, 1197, 1198, 1199, 1200, 1201, 1202, 1203, 1204, 1205, 1206, 1207, 1208, 1209, 1210, 1211, 1212, 1213, 1214, 1215, 1216, 1217, 1218, 1219, 1239, 1240, 1241, 1242, 1244, 1245, 1246, 1247, 1248, 1255, 1256, 1257, 1258, 1259, 1260, 1261, 1262, 1263, 1264, 1265, 1266, 1267, 1268, 1269, 1270, 1271, 1272, 1273, 1274, 1275, 1276, 1277, 1278, 1279, 1280, 1281, 1282, 1283, 1284, 1294, 1295, 1296, 1300, 1301, 1302, 1337, 1338, 1339, 1340, 1341, 1342, 1343, 1344, 1345, 1347, 1348, 1349, 1350, 1351, 1352, 1353, 1354, 1355, 1357, 1358, 1359, 1360, 1361, 1362, 1363, 1364, 1365, 1366, 1405, 1406, 1407, 1409, 1410, 1411, 1412, 1413, 1414, 1415, 1416, 1417, 1418, 1419, 1420, 1421, 1422, 1423, 1424, 1425, 1426, 1427, 1428, 1429, 1430, 1431, 1432, 1433, 1434, 1435, 1436, 1451, 1488, 1489, 1494, 1495, 1497, 1498, 1500, 1501, 1503, 1504, 1512, 1513, 1514, 1515, 1516, 1518, 1519, 1524, 1525, 1533, 1534, 1542, 1543, 1545, 1546, 1551, 1552, 1554, 1555, 1563, 1564, 1569, 1570, 1578, 1579, 1584, 1585, 1587, 1588, 1602, 1603, 1605, 1606, 1614, 1615, 1617, 1618, 1620, 1621, 1629, 1630, 1632, 1633, 1635, 1636, 1643, 1644, 1645, 1646, 1647, 1648, 1649, 1650, 1651]",,,,,,
strength,Graph_semi_supervised,1,2,355,719,177,"[0, 2, 3, 5, 19, 21, 22, 24, 25, 27, 31, 33, 37, 39, 43, 45, 49, 51, 55, 57, 58, 59, 64, 65, 68, 69, 70, 82, 94, 98, 102, 114, 127, 130, 133, 136, 152, 156, 164, 168, 184, 188, 192, 204, 212, 216, 217, 219, 220, 230, 231, 235, 236, 238, 239, 250, 251, 256, 257, 265, 266, 268, 269, 274, 278, 281, 284, 286, 289, 292, 296, 305, 309, 326, 330, 333, 335, 336, 338, 339, 345, 347, 363, 365, 372, 374, 375, 377, 381, 383, 384, 386, 387, 389, 390, 392, 393, 395, 402, 404, 414, 416, 417, 419, 423, 425, 429, 431, 432, 434, 447, 449, 455, 457, 458, 459, 462, 464, 472, 486, 493, 499, 506, 513, 520, 527, 541, 548, 554, 561, 575, 599, 607, 611, 618, 620, 621, 623, 627, 629, 630, 632, 633, 635, 636, 638, 639, 641, 648, 650, 651, 653, 654, 656, 663, 665, 669, 671, 672, 674, 675, 676, 679, 681, 682, 685, 689, 690, 693, 696, 697, 698, 699, 700, 701, 702, 703, 704, 705, 706, 707, 712, 714, 716, 717, 718, 719, 724, 727, 728, 729, 730, 896, 897, 899, 903, 906, 909, 910, 911, 912, 913, 914, 921, 923, 927, 933, 934, 935, 936, 939, 940, 950, 955, 980, 990, 995, 1010, 1020, 1024, 1029, 1031, 1032, 1033, 1035, 1038, 1046, 1052, 1054, 1056, 1058, 1064, 1084, 1085, 1087, 1089, 1090, 1091, 1092, 1094, 1098, 1128, 1129, 1134, 1135, 1138, 1139, 1140, 1141, 1148, 1149, 1150, 1157, 1159, 1161, 1163, 1165, 1220, 1221, 1222, 1223, 1226, 1227, 1228, 1229, 1230, 1231, 1232, 1249, 1291, 1292, 1293, 1303, 1304, 1305, 1307, 1319, 1328, 1336, 1356, 1367, 1377, 1378, 1379, 1380, 1381, 1383, 1384, 1386, 1388, 1389, 1392, 1393, 1395, 1397, 1400, 1401, 1403, 1408, 1437, 1438, 1439, 1440, 1445, 1446, 1452, 1455, 1456, 1457, 1458, 1467, 1468, 1471, 1472, 1475, 1476, 1477, 1478, 1479, 1480, 1483, 1484, 1485, 1486, 1487, 1490, 1496, 1499, 1508, 1517, 1520, 1523, 1526, 1529, 1532, 1538, 1544, 1553, 1562, 1565, 1568, 1571, 1577, 1586, 1589, 1595, 1598, 1601, 1607, 1610, 1613, 1616, 1625, 1637, 1640]","[6, 8, 12, 13, 17, 18, 34, 36, 40, 42, 46, 48, 60, 61, 62, 63, 78, 90, 106, 144, 148, 172, 176, 180, 222, 223, 233, 234, 241, 242, 244, 245, 259, 260, 299, 302, 312, 316, 351, 353, 354, 356, 360, 362, 369, 371, 378, 380, 411, 413, 420, 422, 435, 437, 438, 440, 450, 452, 453, 456, 461, 465, 534, 579, 583, 591, 595, 603, 615, 617, 645, 647, 660, 662, 677, 678, 680, 684, 686, 687, 715, 720, 721, 726, 898, 901, 902, 904, 905, 907, 908, 917, 919, 925, 931, 932, 937, 938, 941, 942, 943, 944, 945, 960, 965, 970, 975, 1005, 1015, 1025, 1028, 1030, 1036, 1040, 1042, 1048, 1062, 1086, 1088, 1093, 1097, 1099, 1126, 1127, 1136, 1137, 1144, 1145, 1146, 1147, 1153, 1156, 1160, 1238, 1243, 1297, 1298, 1299, 1346, 1382, 1385, 1390, 1394, 1399, 1402, 1404, 1443, 1444, 1447, 1448, 1449, 1450, 1459, 1460, 1461, 1462, 1463, 1464, 1465, 1466, 1469, 1470, 1473, 1474, 1481, 1482, 1493, 1502, 1511, 1541, 1550, 1583, 1604, 1619, 1628, 1631, 1634]","[1, 4, 20, 23, 26, 32, 38, 44, 50, 56, 71, 72, 73, 83, 84, 85, 95, 96, 97, 99, 100, 101, 103, 104, 105, 115, 116, 117, 128, 129, 131, 132, 134, 135, 137, 138, 139, 153, 154, 155, 157, 158, 159, 165, 166, 167, 169, 170, 171, 185, 186, 187, 189, 190, 191, 193, 194, 195, 205, 206, 207, 213, 214, 215, 218, 221, 232, 237, 240, 252, 258, 267, 270, 275, 276, 277, 279, 280, 282, 283, 285, 287, 288, 290, 291, 293, 294, 295, 297, 298, 306, 307, 308, 310, 311, 327, 328, 329, 331, 332, 334, 337, 340, 341, 346, 364, 373, 376, 382, 385, 388, 391, 394, 403, 415, 418, 424, 430, 433, 448, 473, 474, 475, 476, 477, 478, 487, 488, 489, 490, 491, 492, 494, 495, 496, 497, 498, 500, 501, 502, 503, 504, 505, 507, 508, 509, 510, 511, 512, 514, 515, 516, 517, 518, 519, 521, 522, 523, 524, 525, 526, 528, 529, 530, 531, 532, 533, 542, 543, 544, 545, 546, 547, 549, 550, 551, 552, 553, 555, 556, 557, 558, 559, 560, 562, 563, 564, 565, 566, 567, 576, 577, 578, 600, 601, 602, 608, 609, 610, 612, 613, 614, 619, 622, 628, 631, 634, 637, 640, 649, 652, 655, 664, 670, 673, 732, 733, 734, 735, 736, 737, 738, 739, 740, 741, 742, 743, 744, 745, 746, 747, 748, 749, 750, 751, 752, 753, 754, 755, 756, 757, 758, 759, 760, 761, 762, 763, 764, 765, 766, 767, 768, 769, 770, 771, 772, 773, 774, 775, 776, 777, 778, 779, 780, 781, 782, 783, 784, 785, 786, 787, 788, 789, 790, 791, 792, 793, 794, 795, 796, 797, 798, 799, 800, 801, 802, 803, 804, 805, 806, 807, 808, 809, 810, 811, 812, 813, 814, 815, 816, 817, 818, 819, 820, 821, 822, 823, 824, 825, 826, 827, 828, 829, 830, 831, 832, 833, 834, 835, 836, 837, 838, 839, 840, 841, 842, 843, 844, 845, 846, 847, 848, 849, 850, 851, 852, 853, 854, 855, 856, 857, 858, 859, 860, 861, 862, 863, 864, 865, 866, 867, 868, 869, 870, 871, 872, 873, 874, 875, 876, 877, 878, 879, 880, 881, 882, 883, 884, 885, 886, 887, 888, 889, 890, 891, 892, 893, 894, 922, 924, 928, 951, 952, 953, 954, 956, 957, 958, 959, 981, 982, 983, 984, 991, 992, 993, 994, 996, 997, 998, 999, 1011, 1012, 1013, 1014, 1021, 1022, 1023, 1034, 1039, 1047, 1053, 1055, 1057, 1059, 1065, 1068, 1069, 1070, 1071, 1072, 1073, 1074, 1075, 1076, 1077, 1078, 1079, 1080, 1081, 1082, 1083, 1100, 1101, 1102, 1103, 1104, 1105, 1106, 1107, 1108, 1109, 1110, 1111, 1112, 1113, 1114, 1115, 1116, 1117, 1118, 1119, 1120, 1121, 1122, 1123, 1124, 1125, 1151, 1152, 1154, 1155, 1166, 1167, 1168, 1169, 1170, 1171, 1172, 1173, 1174, 1175, 1176, 1177, 1178, 1179, 1180, 1181, 1182, 1183, 1184, 1185, 1186, 1187, 1188, 1189, 1190, 1191, 1192, 1193, 1194, 1195, 1196, 1197, 1198, 1199, 1200, 1201, 1202, 1203, 1204, 1205, 1206, 1207, 1208, 1209, 1210, 1211, 1212, 1213, 1214, 1215, 1216, 1217, 1218, 1219, 1233, 1234, 1235, 1236, 1237, 1250, 1251, 1252, 1253, 1254, 1255, 1256, 1257, 1258, 1259, 1260, 1261, 1262, 1263, 1264, 1265, 1266, 1267, 1268, 1269, 1270, 1271, 1272, 1273, 1274, 1275, 1276, 1277, 1278, 1279, 1280, 1281, 1282, 1283, 1284, 1294, 1295, 1296, 1308, 1309, 1310, 1311, 1312, 1313, 1314, 1315, 1316, 1317, 1318, 1320, 1321, 1322, 1323, 1324, 1325, 1326, 1327, 1329, 1330, 1331, 1332, 1333, 1334, 1335, 1337, 1338, 1339, 1340, 1341, 1342, 1343, 1344, 1345, 1357, 1358, 1359, 1360, 1361, 1362, 1363, 1364, 1365, 1366, 1368, 1369, 1370, 1371, 1372, 1373, 1374, 1375, 1376, 1405, 1406, 1407, 1409, 1410, 1411, 1412, 1413, 1414, 1415, 1416, 1417, 1418, 1419, 1420, 1421, 1422, 1423, 1424, 1425, 1426, 1427, 1428, 1429, 1430, 1431, 1432, 1433, 1434, 1435, 1436, 1451, 1488, 1489, 1491, 1492, 1497, 1498, 1500, 1501, 1509, 1510, 1514, 1515, 1516, 1518, 1519, 1521, 1522, 1524, 1525, 1527, 1528, 1530, 1531, 1533, 1534, 1539, 1540, 1545, 1546, 1554, 1555, 1563, 1564, 1566, 1567, 1569, 1570, 1572, 1573, 1578, 1579, 1587, 1588, 1590, 1591, 1596, 1597, 1599, 1600, 1602, 1603, 1608, 1609, 1611, 1612, 1614, 1615, 1617, 1618, 1626, 1627, 1638, 1639, 1641, 1642, 1643, 1644, 1645, 1646, 1647, 1648, 1649, 1650, 1651]",,,,,,
strength,Graph_semi_supervised,1,3,355,681,177,"[0, 2, 6, 8, 12, 13, 17, 18, 19, 21, 25, 27, 31, 33, 34, 36, 40, 42, 46, 48, 49, 51, 60, 61, 62, 63, 78, 90, 94, 106, 114, 130, 144, 148, 156, 172, 176, 180, 188, 216, 217, 222, 223, 233, 234, 238, 239, 241, 242, 244, 245, 256, 257, 259, 260, 265, 266, 274, 278, 299, 302, 312, 316, 326, 330, 339, 351, 353, 354, 356, 360, 362, 363, 365, 369, 371, 378, 380, 384, 386, 387, 389, 390, 392, 411, 413, 417, 419, 420, 422, 423, 425, 429, 431, 435, 437, 438, 440, 447, 449, 450, 452, 453, 455, 456, 461, 465, 493, 506, 527, 534, 541, 548, 561, 575, 579, 583, 591, 595, 599, 603, 615, 617, 618, 620, 621, 623, 627, 629, 633, 635, 636, 638, 645, 647, 648, 650, 651, 653, 654, 656, 660, 662, 663, 665, 675, 677, 678, 679, 680, 682, 684, 685, 686, 687, 689, 698, 699, 702, 703, 704, 705, 706, 707, 712, 715, 719, 720, 721, 726, 727, 728, 730, 897, 898, 899, 901, 902, 904, 905, 906, 907, 908, 913, 914, 917, 919, 921, 923, 925, 927, 931, 932, 933, 934, 935, 936, 937, 938, 939, 940, 941, 942, 943, 944, 945, 950, 960, 965, 970, 975, 990, 1005, 1015, 1025, 1028, 1029, 1030, 1031, 1032, 1033, 1036, 1040, 1042, 1046, 1048, 1054, 1056, 1058, 1062, 1085, 1086, 1088, 1089, 1090, 1091, 1092, 1093, 1097, 1099, 1126, 1127, 1136, 1137, 1138, 1139, 1140, 1141, 1144, 1145, 1146, 1147, 1150, 1153, 1156, 1159, 1160, 1163, 1165, 1222, 1223, 1226, 1227, 1230, 1231, 1232, 1238, 1243, 1249, 1297, 1298, 1299, 1305, 1307, 1319, 1328, 1346, 1367, 1377, 1378, 1379, 1380, 1382, 1384, 1385, 1386, 1388, 1389, 1390, 1394, 1397, 1399, 1400, 1401, 1402, 1404, 1439, 1440, 1443, 1444, 1447, 1448, 1449, 1450, 1459, 1460, 1461, 1462, 1463, 1464, 1465, 1466, 1467, 1468, 1469, 1470, 1473, 1474, 1475, 1476, 1477, 1478, 1481, 1482, 1483, 1484, 1485, 1486, 1490, 1493, 1502, 1508, 1511, 1520, 1526, 1529, 1538, 1541, 1550, 1565, 1571, 1583, 1589, 1595, 1598, 1604, 1607, 1610, 1619, 1625, 1628, 1631, 1634, 1637, 1640]","[3, 5, 22, 24, 37, 39, 43, 45, 55, 57, 58, 59, 64, 65, 68, 69, 70, 82, 98, 102, 127, 133, 136, 152, 164, 168, 184, 192, 204, 212, 219, 220, 230, 231, 235, 236, 250, 251, 268, 269, 281, 284, 286, 289, 292, 296, 305, 309, 333, 335, 336, 338, 345, 347, 372, 374, 375, 377, 381, 383, 393, 395, 402, 404, 414, 416, 432, 434, 457, 458, 459, 462, 464, 472, 486, 499, 513, 520, 554, 607, 611, 630, 632, 639, 641, 669, 671, 672, 674, 676, 681, 690, 693, 696, 697, 700, 701, 714, 716, 717, 718, 724, 729, 896, 903, 909, 910, 911, 912, 955, 980, 995, 1010, 1020, 1024, 1035, 1038, 1052, 1064, 1084, 1087, 1094, 1098, 1128, 1129, 1134, 1135, 1148, 1149, 1157, 1161, 1220, 1221, 1228, 1229, 1291, 1292, 1293, 1303, 1304, 1336, 1356, 1381, 1383, 1392, 1393, 1395, 1403, 1408, 1437, 1438, 1445, 1446, 1452, 1455, 1456, 1457, 1458, 1471, 1472, 1479, 1480, 1487, 1496, 1499, 1517, 1523, 1532, 1544, 1553, 1562, 1568, 1577, 1586, 1601, 1613, 1616]","[1, 7, 20, 26, 32, 35, 41, 47, 50, 79, 80, 81, 91, 92, 93, 95, 96, 97, 107, 108, 109, 115, 116, 117, 131, 132, 145, 146, 147, 149, 150, 151, 157, 158, 159, 173, 174, 175, 177, 178, 179, 181, 182, 183, 189, 190, 191, 218, 224, 240, 243, 246, 258, 261, 267, 275, 276, 277, 279, 280, 300, 301, 303, 304, 313, 314, 315, 317, 318, 327, 328, 329, 331, 332, 340, 341, 352, 355, 361, 364, 370, 379, 385, 388, 391, 412, 418, 421, 424, 430, 436, 439, 448, 451, 466, 467, 468, 469, 470, 471, 494, 495, 496, 497, 498, 507, 508, 509, 510, 511, 512, 528, 529, 530, 531, 532, 533, 535, 536, 537, 538, 539, 540, 542, 543, 544, 545, 546, 547, 549, 550, 551, 552, 553, 562, 563, 564, 565, 566, 567, 576, 577, 578, 580, 581, 582, 584, 585, 586, 592, 593, 594, 596, 597, 598, 600, 601, 602, 604, 605, 606, 616, 619, 622, 628, 634, 637, 646, 649, 652, 655, 661, 664, 732, 733, 734, 735, 736, 737, 738, 739, 740, 741, 742, 743, 744, 745, 746, 747, 748, 749, 750, 751, 752, 753, 754, 755, 756, 757, 758, 759, 760, 761, 762, 763, 764, 765, 766, 767, 768, 769, 770, 771, 772, 773, 774, 775, 776, 777, 778, 779, 780, 781, 782, 783, 784, 785, 786, 787, 788, 789, 790, 791, 792, 793, 794, 795, 796, 797, 798, 799, 800, 801, 802, 803, 804, 805, 806, 807, 808, 809, 810, 811, 812, 813, 814, 815, 816, 817, 818, 819, 820, 821, 822, 823, 824, 825, 826, 827, 828, 829, 830, 831, 832, 833, 834, 835, 836, 837, 838, 839, 840, 841, 842, 843, 844, 845, 846, 847, 848, 849, 850, 851, 852, 853, 854, 855, 856, 857, 858, 859, 860, 861, 862, 863, 864, 865, 866, 867, 868, 869, 870, 871, 872, 873, 874, 875, 876, 877, 878, 879, 880, 881, 882, 883, 884, 885, 886, 887, 888, 889, 890, 891, 892, 893, 894, 918, 920, 922, 924, 926, 928, 946, 947, 948, 949, 951, 952, 953, 954, 961, 962, 963, 964, 966, 967, 968, 969, 971, 972, 973, 974, 976, 977, 978, 979, 991, 992, 993, 994, 1006, 1007, 1008, 1009, 1016, 1017, 1018, 1019, 1034, 1037, 1041, 1043, 1047, 1049, 1055, 1057, 1059, 1063, 1068, 1069, 1070, 1071, 1072, 1073, 1074, 1075, 1076, 1077, 1078, 1079, 1080, 1081, 1082, 1083, 1100, 1101, 1102, 1103, 1104, 1105, 1106, 1107, 1108, 1109, 1110, 1111, 1112, 1113, 1114, 1115, 1116, 1117, 1118, 1119, 1120, 1121, 1122, 1123, 1124, 1125, 1151, 1152, 1154, 1155, 1166, 1167, 1168, 1169, 1170, 1171, 1172, 1173, 1174, 1175, 1176, 1177, 1178, 1179, 1180, 1181, 1182, 1183, 1184, 1185, 1186, 1187, 1188, 1189, 1190, 1191, 1192, 1193, 1194, 1195, 1196, 1197, 1198, 1199, 1200, 1201, 1202, 1203, 1204, 1205, 1206, 1207, 1208, 1209, 1210, 1211, 1212, 1213, 1214, 1215, 1216, 1217, 1218, 1219, 1233, 1234, 1235, 1236, 1237, 1239, 1240, 1241, 1242, 1244, 1245, 1246, 1247, 1248, 1250, 1251, 1252, 1253, 1254, 1255, 1256, 1257, 1258, 1259, 1260, 1261, 1262, 1263, 1264, 1265, 1266, 1267, 1268, 1269, 1270, 1271, 1272, 1273, 1274, 1275, 1276, 1277, 1278, 1279, 1280, 1281, 1282, 1283, 1284, 1300, 1301, 1302, 1308, 1309, 1310, 1311, 1312, 1313, 1314, 1315, 1316, 1317, 1318, 1320, 1321, 1322, 1323, 1324, 1325, 1326, 1327, 1329, 1330, 1331, 1332, 1333, 1334, 1335, 1347, 1348, 1349, 1350, 1351, 1352, 1353, 1354, 1355, 1368, 1369, 1370, 1371, 1372, 1373, 1374, 1375, 1376, 1405, 1406, 1407, 1409, 1410, 1411, 1412, 1413, 1414, 1415, 1416, 1417, 1418, 1419, 1420, 1421, 1422, 1423, 1424, 1425, 1426, 1427, 1428, 1429, 1430, 1431, 1432, 1433, 1434, 1435, 1436, 1491, 1492, 1494, 1495, 1503, 1504, 1509, 1510, 1512, 1513, 1514, 1515, 1516, 1521, 1522, 1527, 1528, 1530, 1531, 1539, 1540, 1542, 1543, 1551, 1552, 1566, 1567, 1572, 1573, 1584, 1585, 1590, 1591, 1596, 1597, 1599, 1600, 1605, 1606, 1608, 1609, 1611, 1612, 1620, 1621, 1626, 1627, 1629, 1630, 1632, 1633, 1635, 1636, 1638, 1639, 1641, 1642, 1643, 1644, 1645, 1646, 1647, 1648, 1649, 1650, 1651]",,,,,,
strength,Graph_semi_supervised,1,0,532,879,133,"[0, 2, 3, 5, 6, 8, 12, 13, 17, 18, 19, 21, 22, 24, 25, 27, 31, 33, 34, 36, 37, 39, 40, 42, 43, 45, 46, 48, 49, 51, 55, 57, 58, 59, 60, 61, 62, 63, 64, 65, 68, 69, 70, 78, 82, 90, 94, 98, 102, 106, 114, 127, 130, 133, 136, 144, 148, 152, 156, 164, 168, 172, 176, 180, 184, 188, 192, 204, 212, 216, 217, 219, 220, 222, 223, 230, 231, 233, 234, 235, 236, 238, 239, 241, 242, 244, 245, 250, 251, 256, 257, 259, 260, 265, 266, 268, 269, 274, 278, 281, 284, 286, 289, 292, 296, 299, 302, 305, 309, 312, 316, 326, 330, 333, 335, 336, 338, 339, 345, 347, 351, 353, 354, 356, 360, 362, 363, 365, 369, 371, 372, 374, 375, 377, 378, 380, 381, 383, 384, 386, 387, 389, 390, 392, 393, 395, 402, 404, 411, 413, 414, 416, 417, 419, 420, 422, 423, 425, 429, 431, 432, 434, 435, 437, 438, 440, 447, 449, 450, 452, 453, 455, 456, 457, 458, 459, 461, 462, 464, 465, 472, 486, 493, 499, 506, 513, 520, 527, 534, 541, 548, 554, 561, 575, 579, 583, 591, 595, 599, 603, 607, 611, 615, 617, 618, 620, 621, 623, 627, 629, 630, 632, 633, 635, 636, 638, 639, 641, 645, 647, 648, 650, 651, 653, 654, 656, 660, 662, 663, 665, 669, 671, 672, 674, 675, 676, 677, 678, 679, 680, 681, 682, 684, 685, 686, 687, 689, 690, 693, 696, 697, 698, 699, 700, 701, 702, 703, 704, 705, 706, 707, 712, 714, 715, 716, 717, 718, 719, 720, 721, 724, 726, 727, 728, 729, 730, 896, 897, 898, 899, 901, 902, 903, 904, 905, 906, 907, 908, 909, 910, 911, 912, 913, 914, 917, 919, 921, 923, 925, 927, 931, 932, 933, 934, 935, 936, 937, 938, 939, 940, 941, 942, 943, 944, 945, 950, 955, 960, 965, 970, 975, 980, 990, 995, 1005, 1010, 1015, 1020, 1024, 1025, 1028, 1029, 1030, 1031, 1032, 1033, 1035, 1036, 1038, 1040, 1042, 1046, 1048, 1052, 1054, 1056, 1058, 1062, 1064, 1084, 1085, 1086, 1087, 1088, 1089, 1090, 1091, 1092, 1093, 1094, 1097, 1098, 1099, 1126, 1127, 1128, 1129, 1134, 1135, 1136, 1137, 1138, 1139, 1140, 1141, 1144, 1145, 1146, 1147, 1148, 1149, 1150, 1153, 1156, 1157, 1159, 1160, 1161, 1163, 1165, 1220, 1221, 1222, 1223, 1226, 1227, 1228, 1229, 1230, 1231, 1232, 1238, 1243, 1249, 1291, 1292, 1293, 1297, 1298, 1299, 1303, 1304, 1305, 1307, 1319, 1328, 1336, 1346, 1356, 1367, 1377, 1378, 1379, 1380, 1381, 1382, 1383, 1384, 1385, 1386, 1388, 1389, 1390, 1392, 1393, 1394, 1395, 1397, 1399, 1400, 1401, 1402, 1403, 1404, 1408, 1437, 1438, 1439, 1440, 1443, 1444, 1445, 1446, 1447, 1448, 1449, 1450, 1452, 1455, 1456, 1457, 1458, 1459, 1460, 1461, 1462, 1463, 1464, 1465, 1466, 1467, 1468, 1469, 1470, 1471, 1472, 1473, 1474, 1475, 1476, 1477, 1478, 1479, 1480, 1481, 1482, 1483, 1484, 1485, 1486, 1487, 1490, 1493, 1496, 1499, 1502, 1508, 1511, 1517, 1520, 1523, 1526, 1529, 1532, 1538, 1541, 1544, 1550, 1553, 1562, 1565, 1568, 1571, 1577, 1583, 1586, 1589, 1595, 1598, 1601, 1604, 1607, 1610, 1613, 1616, 1619, 1625, 1628, 1631, 1634, 1637, 1640]","[9, 11, 14, 16, 28, 30, 52, 54, 66, 67, 74, 86, 110, 118, 121, 124, 140, 160, 196, 200, 208, 225, 226, 228, 229, 247, 248, 253, 254, 262, 263, 271, 272, 319, 323, 342, 344, 348, 350, 357, 359, 366, 368, 396, 398, 399, 401, 405, 407, 408, 410, 426, 428, 441, 443, 444, 446, 454, 460, 463, 479, 568, 587, 624, 626, 642, 644, 657, 659, 666, 668, 683, 688, 691, 692, 694, 695, 708, 709, 710, 711, 713, 722, 723, 725, 731, 895, 900, 915, 916, 929, 985, 1000, 1026, 1027, 1044, 1050, 1060, 1066, 1095, 1096, 1130, 1131, 1132, 1133, 1142, 1143, 1158, 1162, 1164, 1224, 1225, 1285, 1286, 1287, 1306, 1387, 1391, 1396, 1398, 1441, 1442, 1453, 1454, 1505, 1535, 1547, 1556, 1559, 1574, 1580, 1592, 1622]","[1, 4, 7, 20, 23, 26, 32, 35, 38, 41, 44, 47, 50, 56, 71, 72, 73, 79, 80, 81, 83, 84, 85, 91, 92, 93, 95, 96, 97, 99, 100, 101, 103, 104, 105, 107, 108, 109, 115, 116, 117, 128, 129, 131, 132, 134, 135, 137, 138, 139, 145, 146, 147, 149, 150, 151, 153, 154, 155, 157, 158, 159, 165, 166, 167, 169, 170, 171, 173, 174, 175, 177, 178, 179, 181, 182, 183, 185, 186, 187, 189, 190, 191, 193, 194, 195, 205, 206, 207, 213, 214, 215, 218, 221, 224, 232, 237, 240, 243, 246, 252, 258, 261, 267, 270, 275, 276, 277, 279, 280, 282, 283, 285, 287, 288, 290, 291, 293, 294, 295, 297, 298, 300, 301, 303, 304, 306, 307, 308, 310, 311, 313, 314, 315, 317, 318, 327, 328, 329, 331, 332, 334, 337, 340, 341, 346, 352, 355, 361, 364, 370, 373, 376, 379, 382, 385, 388, 391, 394, 403, 412, 415, 418, 421, 424, 430, 433, 436, 439, 448, 451, 466, 467, 468, 469, 470, 471, 473, 474, 475, 476, 477, 478, 487, 488, 489, 490, 491, 492, 494, 495, 496, 497, 498, 500, 501, 502, 503, 504, 505, 507, 508, 509, 510, 511, 512, 514, 515, 516, 517, 518, 519, 521, 522, 523, 524, 525, 526, 528, 529, 530, 531, 532, 533, 535, 536, 537, 538, 539, 540, 542, 543, 544, 545, 546, 547, 549, 550, 551, 552, 553, 555, 556, 557, 558, 559, 560, 562, 563, 564, 565, 566, 567, 576, 577, 578, 580, 581, 582, 584, 585, 586, 592, 593, 594, 596, 597, 598, 600, 601, 602, 604, 605, 606, 608, 609, 610, 612, 613, 614, 616, 619, 622, 628, 631, 634, 637, 640, 646, 649, 652, 655, 661, 664, 670, 673, 732, 733, 734, 735, 736, 737, 738, 739, 740, 741, 742, 743, 744, 745, 746, 747, 748, 749, 750, 751, 752, 753, 754, 755, 756, 757, 758, 759, 760, 761, 762, 763, 764, 765, 766, 767, 768, 769, 770, 771, 772, 773, 774, 775, 776, 777, 778, 779, 780, 781, 782, 783, 784, 785, 786, 787, 788, 789, 790, 791, 792, 793, 794, 795, 796, 797, 798, 799, 800, 801, 802, 803, 804, 805, 806, 807, 808, 809, 810, 811, 812, 813, 814, 815, 816, 817, 818, 819, 820, 821, 822, 823, 824, 825, 826, 827, 828, 829, 830, 831, 832, 833, 834, 835, 836, 837, 838, 839, 840, 841, 842, 843, 844, 845, 846, 847, 848, 849, 850, 851, 852, 853, 854, 855, 856, 857, 858, 859, 860, 861, 862, 863, 864, 865, 866, 867, 868, 869, 870, 871, 872, 873, 874, 875, 876, 877, 878, 879, 880, 881, 882, 883, 884, 885, 886, 887, 888, 889, 890, 891, 892, 893, 894, 918, 920, 922, 924, 926, 928, 946, 947, 948, 949, 951, 952, 953, 954, 956, 957, 958, 959, 961, 962, 963, 964, 966, 967, 968, 969, 971, 972, 973, 974, 976, 977, 978, 979, 981, 982, 983, 984, 991, 992, 993, 994, 996, 997, 998, 999, 1006, 1007, 1008, 1009, 1011, 1012, 1013, 1014, 1016, 1017, 1018, 1019, 1021, 1022, 1023, 1034, 1037, 1039, 1041, 1043, 1047, 1049, 1053, 1055, 1057, 1059, 1063, 1065, 1068, 1069, 1070, 1071, 1072, 1073, 1074, 1075, 1076, 1077, 1078, 1079, 1080, 1081, 1082, 1083, 1100, 1101, 1102, 1103, 1104, 1105, 1106, 1107, 1108, 1109, 1110, 1111, 1112, 1113, 1114, 1115, 1116, 1117, 1118, 1119, 1120, 1121, 1122, 1123, 1124, 1125, 1151, 1152, 1154, 1155, 1166, 1167, 1168, 1169, 1170, 1171, 1172, 1173, 1174, 1175, 1176, 1177, 1178, 1179, 1180, 1181, 1182, 1183, 1184, 1185, 1186, 1187, 1188, 1189, 1190, 1191, 1192, 1193, 1194, 1195, 1196, 1197, 1198, 1199, 1200, 1201, 1202, 1203, 1204, 1205, 1206, 1207, 1208, 1209, 1210, 1211, 1212, 1213, 1214, 1215, 1216, 1217, 1218, 1219, 1233, 1234, 1235, 1236, 1237, 1239, 1240, 1241, 1242, 1244, 1245, 1246, 1247, 1248, 1250, 1251, 1252, 1253, 1254, 1255, 1256, 1257, 1258, 1259, 1260, 1261, 1262, 1263, 1264, 1265, 1266, 1267, 1268, 1269, 1270, 1271, 1272, 1273, 1274, 1275, 1276, 1277, 1278, 1279, 1280, 1281, 1282, 1283, 1284, 1294, 1295, 1296, 1300, 1301, 1302, 1308, 1309, 1310, 1311, 1312, 1313, 1314, 1315, 1316, 1317, 1318, 1320, 1321, 1322, 1323, 1324, 1325, 1326, 1327, 1329, 1330, 1331, 1332, 1333, 1334, 1335, 1337, 1338, 1339, 1340, 1341, 1342, 1343, 1344, 1345, 1347, 1348, 1349, 1350, 1351, 1352, 1353, 1354, 1355, 1357, 1358, 1359, 1360, 1361, 1362, 1363, 1364, 1365, 1366, 1368, 1369, 1370, 1371, 1372, 1373, 1374, 1375, 1376, 1405, 1406, 1407, 1409, 1410, 1411, 1412, 1413, 1414, 1415, 1416, 1417, 1418, 1419, 1420, 1421, 1422, 1423, 1424, 1425, 1426, 1427, 1428, 1429, 1430, 1431, 1432, 1433, 1434, 1435, 1436, 1451, 1488, 1489, 1491, 1492, 1494, 1495, 1497, 1498, 1500, 1501, 1503, 1504, 1509, 1510, 1512, 1513, 1514, 1515, 1516, 1518, 1519, 1521, 1522, 1524, 1525, 1527, 1528, 1530, 1531, 1533, 1534, 1539, 1540, 1542, 1543, 1545, 1546, 1551, 1552, 1554, 1555, 1563, 1564, 1566, 1567, 1569, 1570, 1572, 1573, 1578, 1579, 1584, 1585, 1587, 1588, 1590, 1591, 1596, 1597, 1599, 1600, 1602, 1603, 1605, 1606, 1608, 1609, 1611, 1612, 1614, 1615, 1617, 1618, 1620, 1621, 1626, 1627, 1629, 1630, 1632, 1633, 1635, 1636, 1638, 1639, 1641, 1642, 1643, 1644, 1645, 1646, 1647, 1648, 1649, 1650, 1651]",1411.0,8972.0,16.0,4.0,0.0029814809074458367,1.4668799769007583
strength,Nystroem_Ridge_control,2,1,354,0,178,"[3, 5, 9, 11, 12, 13, 14, 16, 22, 24, 28, 30, 34, 36, 37, 39, 40, 42, 43, 45, 55, 57, 58, 59, 64, 65, 66, 67, 70, 78, 82, 86, 90, 98, 106, 110, 118, 121, 124, 127, 136, 144, 148, 152, 164, 168, 172, 176, 180, 184, 192, 196, 208, 212, 219, 220, 225, 226, 228, 229, 235, 236, 241, 242, 244, 245, 247, 248, 250, 251, 253, 254, 259, 260, 268, 269, 286, 289, 292, 296, 312, 316, 319, 323, 333, 335, 336, 338, 345, 347, 351, 353, 354, 356, 360, 362, 369, 371, 375, 377, 378, 380, 381, 383, 393, 395, 396, 398, 399, 401, 402, 404, 405, 407, 414, 416, 420, 422, 432, 434, 435, 437, 438, 440, 444, 446, 450, 452, 453, 457, 458, 459, 460, 461, 463, 464, 465, 472, 479, 486, 513, 520, 554, 568, 579, 587, 591, 595, 603, 615, 617, 624, 626, 630, 632, 639, 641, 642, 644, 645, 647, 657, 659, 666, 668, 672, 674, 677, 680, 681, 683, 684, 687, 690, 691, 692, 693, 694, 695, 696, 697, 708, 709, 710, 711, 713, 714, 715, 716, 717, 720, 722, 723, 724, 725, 726, 729, 895, 896, 898, 900, 902, 903, 905, 909, 910, 911, 912, 915, 916, 919, 925, 929, 931, 932, 937, 938, 941, 942, 943, 944, 945, 955, 960, 965, 970, 975, 980, 995, 1000, 1005, 1025, 1026, 1028, 1030, 1035, 1036, 1038, 1040, 1050, 1052, 1064, 1084, 1086, 1087, 1088, 1093, 1095, 1096, 1098, 1099, 1126, 1127, 1130, 1131, 1136, 1137, 1144, 1145, 1146, 1147, 1148, 1149, 1156, 1157, 1160, 1162, 1164, 1220, 1221, 1228, 1229, 1238, 1243, 1285, 1286, 1287, 1297, 1298, 1299, 1303, 1304, 1336, 1346, 1381, 1382, 1385, 1387, 1390, 1391, 1395, 1396, 1399, 1402, 1403, 1404, 1408, 1441, 1442, 1445, 1446, 1447, 1448, 1449, 1450, 1453, 1454, 1455, 1456, 1457, 1458, 1459, 1460, 1461, 1462, 1463, 1464, 1465, 1466, 1469, 1470, 1473, 1474, 1479, 1480, 1481, 1482, 1487, 1493, 1496, 1499, 1502, 1505, 1511, 1523, 1532, 1541, 1544, 1547, 1550, 1553, 1556, 1562, 1568, 1574, 1577, 1580, 1586, 1601, 1604, 1613, 1616, 1619, 1634]","[0, 2, 19, 21, 25, 27, 49, 51, 52, 54, 74, 94, 114, 130, 140, 156, 160, 188, 200, 216, 217, 262, 263, 265, 266, 271, 272, 274, 278, 326, 330, 339, 342, 344, 348, 350, 357, 359, 366, 368, 384, 386, 387, 389, 390, 392, 408, 410, 417, 419, 426, 428, 441, 443, 447, 449, 454, 493, 506, 527, 541, 548, 561, 575, 599, 621, 623, 627, 629, 633, 635, 636, 638, 651, 653, 663, 665, 675, 679, 682, 685, 688, 689, 698, 699, 702, 703, 704, 705, 706, 707, 712, 727, 728, 730, 731, 897, 899, 913, 914, 921, 923, 927, 933, 934, 939, 940, 950, 985, 990, 1027, 1044, 1046, 1054, 1056, 1058, 1060, 1066, 1085, 1089, 1091, 1132, 1133, 1140, 1141, 1142, 1143, 1150, 1158, 1163, 1165, 1224, 1225, 1226, 1227, 1230, 1231, 1232, 1249, 1305, 1306, 1307, 1319, 1367, 1377, 1378, 1379, 1380, 1384, 1388, 1389, 1398, 1400, 1401, 1439, 1440, 1467, 1468, 1475, 1476, 1477, 1478, 1485, 1486, 1520, 1529, 1535, 1559, 1565, 1571, 1589, 1592, 1607, 1610, 1622, 1625, 1637, 1640]",[],,,,,,
strength,Nystroem_Ridge_control,2,2,355,0,177,"[0, 2, 3, 5, 14, 16, 19, 21, 22, 24, 25, 27, 28, 30, 37, 39, 43, 45, 49, 51, 52, 54, 55, 57, 58, 59, 64, 65, 66, 67, 70, 74, 82, 94, 98, 110, 114, 121, 127, 130, 136, 140, 152, 156, 160, 164, 168, 184, 188, 192, 200, 208, 212, 216, 217, 219, 220, 235, 236, 250, 251, 262, 263, 265, 266, 268, 269, 271, 272, 274, 278, 286, 289, 292, 296, 319, 323, 326, 330, 333, 335, 336, 338, 339, 342, 344, 345, 347, 348, 350, 357, 359, 366, 368, 375, 377, 381, 383, 384, 386, 387, 389, 390, 392, 393, 395, 396, 398, 399, 401, 402, 404, 408, 410, 414, 416, 417, 419, 426, 428, 432, 434, 441, 443, 444, 446, 447, 449, 454, 457, 458, 459, 463, 464, 472, 486, 493, 506, 513, 520, 527, 541, 548, 554, 561, 575, 587, 599, 621, 623, 624, 626, 627, 629, 630, 632, 633, 635, 636, 638, 639, 641, 651, 653, 663, 665, 672, 674, 675, 679, 681, 682, 683, 685, 688, 689, 690, 693, 696, 697, 698, 699, 702, 703, 704, 705, 706, 707, 710, 711, 712, 713, 714, 716, 717, 722, 724, 727, 728, 729, 730, 731, 895, 896, 897, 899, 903, 909, 910, 911, 912, 913, 914, 921, 923, 927, 929, 933, 934, 939, 940, 950, 955, 980, 985, 990, 995, 1026, 1027, 1035, 1038, 1044, 1046, 1050, 1052, 1054, 1056, 1058, 1060, 1064, 1066, 1084, 1085, 1087, 1089, 1091, 1095, 1098, 1130, 1131, 1132, 1133, 1140, 1141, 1142, 1143, 1148, 1149, 1150, 1157, 1158, 1162, 1163, 1164, 1165, 1220, 1221, 1224, 1225, 1226, 1227, 1228, 1229, 1230, 1231, 1232, 1249, 1285, 1286, 1287, 1303, 1304, 1305, 1306, 1307, 1319, 1336, 1367, 1377, 1378, 1379, 1380, 1381, 1384, 1388, 1389, 1391, 1395, 1396, 1398, 1400, 1401, 1403, 1408, 1439, 1440, 1441, 1442, 1445, 1446, 1455, 1456, 1457, 1458, 1467, 1468, 1475, 1476, 1477, 1478, 1479, 1480, 1485, 1486, 1487, 1496, 1499, 1505, 1520, 1523, 1529, 1532, 1535, 1544, 1547, 1553, 1559, 1562, 1565, 1568, 1571, 1574, 1577, 1586, 1589, 1592, 1601, 1607, 1610, 1613, 1616, 1622, 1625, 1637, 1640]","[9, 11, 12, 13, 34, 36, 40, 42, 78, 86, 90, 106, 118, 124, 144, 148, 172, 176, 180, 196, 225, 226, 228, 229, 241, 242, 244, 245, 247, 248, 253, 254, 259, 260, 312, 316, 351, 353, 354, 356, 360, 362, 369, 371, 378, 380, 405, 407, 420, 422, 435, 437, 438, 440, 450, 452, 453, 460, 461, 465, 479, 568, 579, 591, 595, 603, 615, 617, 642, 644, 645, 647, 657, 659, 666, 668, 677, 680, 684, 687, 691, 692, 694, 695, 708, 709, 715, 720, 723, 725, 726, 898, 900, 902, 905, 915, 916, 919, 925, 931, 932, 937, 938, 941, 942, 943, 944, 945, 960, 965, 970, 975, 1000, 1005, 1025, 1028, 1030, 1036, 1040, 1086, 1088, 1093, 1096, 1099, 1126, 1127, 1136, 1137, 1144, 1145, 1146, 1147, 1156, 1160, 1238, 1243, 1297, 1298, 1299, 1346, 1382, 1385, 1387, 1390, 1399, 1402, 1404, 1447, 1448, 1449, 1450, 1453, 1454, 1459, 1460, 1461, 1462, 1463, 1464, 1465, 1466, 1469, 1470, 1473, 1474, 1481, 1482, 1493, 1502, 1511, 1541, 1550, 1556, 1580, 1604, 1619, 1634]",[],,,,,,
strength,Nystroem_Ridge_control,2,3,355,0,177,"[0, 2, 9, 11, 12, 13, 19, 21, 25, 27, 34, 36, 40, 42, 49, 51, 52, 54, 74, 78, 86, 90, 94, 106, 114, 118, 124, 130, 140, 144, 148, 156, 160, 172, 176, 180, 188, 196, 200, 216, 217, 225, 226, 228, 229, 241, 242, 244, 245, 247, 248, 253, 254, 259, 260, 262, 263, 265, 266, 271, 272, 274, 278, 312, 316, 326, 330, 339, 342, 344, 348, 350, 351, 353, 354, 356, 357, 359, 360, 362, 366, 368, 369, 371, 378, 380, 384, 386, 387, 389, 390, 392, 405, 407, 408, 410, 417, 419, 420, 422, 426, 428, 435, 437, 438, 440, 441, 443, 447, 449, 450, 452, 453, 454, 460, 461, 465, 479, 493, 506, 527, 541, 548, 561, 568, 575, 579, 591, 595, 599, 603, 615, 617, 621, 623, 627, 629, 633, 635, 636, 638, 642, 644, 645, 647, 651, 653, 657, 659, 663, 665, 666, 668, 675, 677, 679, 680, 682, 684, 685, 687, 688, 689, 691, 692, 694, 695, 698, 699, 702, 703, 704, 705, 706, 707, 708, 709, 712, 715, 720, 723, 725, 726, 727, 728, 730, 731, 897, 898, 899, 900, 902, 905, 913, 914, 915, 916, 919, 921, 923, 925, 927, 931, 932, 933, 934, 937, 938, 939, 940, 941, 942, 943, 944, 945, 950, 960, 965, 970, 975, 985, 990, 1000, 1005, 1025, 1027, 1028, 1030, 1036, 1040, 1044, 1046, 1054, 1056, 1058, 1060, 1066, 1085, 1086, 1088, 1089, 1091, 1093, 1096, 1099, 1126, 1127, 1132, 1133, 1136, 1137, 1140, 1141, 1142, 1143, 1144, 1145, 1146, 1147, 1150, 1156, 1158, 1160, 1163, 1165, 1224, 1225, 1226, 1227, 1230, 1231, 1232, 1238, 1243, 1249, 1297, 1298, 1299, 1305, 1306, 1307, 1319, 1346, 1367, 1377, 1378, 1379, 1380, 1382, 1384, 1385, 1387, 1388, 1389, 1390, 1398, 1399, 1400, 1401, 1402, 1404, 1439, 1440, 1447, 1448, 1449, 1450, 1453, 1454, 1459, 1460, 1461, 1462, 1463, 1464, 1465, 1466, 1467, 1468, 1469, 1470, 1473, 1474, 1475, 1476, 1477, 1478, 1481, 1482, 1485, 1486, 1493, 1502, 1511, 1520, 1529, 1535, 1541, 1550, 1556, 1559, 1565, 1571, 1580, 1589, 1592, 1604, 1607, 1610, 1619, 1622, 1625, 1634, 1637, 1640]","[3, 5, 14, 16, 22, 24, 28, 30, 37, 39, 43, 45, 55, 57, 58, 59, 64, 65, 66, 67, 70, 82, 98, 110, 121, 127, 136, 152, 164, 168, 184, 192, 208, 212, 219, 220, 235, 236, 250, 251, 268, 269, 286, 289, 292, 296, 319, 323, 333, 335, 336, 338, 345, 347, 375, 377, 381, 383, 393, 395, 396, 398, 399, 401, 402, 404, 414, 416, 432, 434, 444, 446, 457, 458, 459, 463, 464, 472, 486, 513, 520, 554, 587, 624, 626, 630, 632, 639, 641, 672, 674, 681, 683, 690, 693, 696, 697, 710, 711, 713, 714, 716, 717, 722, 724, 729, 895, 896, 903, 909, 910, 911, 912, 929, 955, 980, 995, 1026, 1035, 1038, 1050, 1052, 1064, 1084, 1087, 1095, 1098, 1130, 1131, 1148, 1149, 1157, 1162, 1164, 1220, 1221, 1228, 1229, 1285, 1286, 1287, 1303, 1304, 1336, 1381, 1391, 1395, 1396, 1403, 1408, 1441, 1442, 1445, 1446, 1455, 1456, 1457, 1458, 1479, 1480, 1487, 1496, 1499, 1505, 1523, 1532, 1544, 1547, 1553, 1562, 1568, 1574, 1577, 1586, 1601, 1613, 1616]",[],,,,,,
strength,Nystroem_Ridge_control,2,0,532,0,133,"[0, 2, 3, 5, 9, 11, 12, 13, 14, 16, 19, 21, 22, 24, 25, 27, 28, 30, 34, 36, 37, 39, 40, 42, 43, 45, 49, 51, 52, 54, 55, 57, 58, 59, 64, 65, 66, 67, 70, 74, 78, 82, 86, 90, 94, 98, 106, 110, 114, 118, 121, 124, 127, 130, 136, 140, 144, 148, 152, 156, 160, 164, 168, 172, 176, 180, 184, 188, 192, 196, 200, 208, 212, 216, 217, 219, 220, 225, 226, 228, 229, 235, 236, 241, 242, 244, 245, 247, 248, 250, 251, 253, 254, 259, 260, 262, 263, 265, 266, 268, 269, 271, 272, 274, 278, 286, 289, 292, 296, 312, 316, 319, 323, 326, 330, 333, 335, 336, 338, 339, 342, 344, 345, 347, 348, 350, 351, 353, 354, 356, 357, 359, 360, 362, 366, 368, 369, 371, 375, 377, 378, 380, 381, 383, 384, 386, 387, 389, 390, 392, 393, 395, 396, 398, 399, 401, 402, 404, 405, 407, 408, 410, 414, 416, 417, 419, 420, 422, 426, 428, 432, 434, 435, 437, 438, 440, 441, 443, 444, 446, 447, 449, 450, 452, 453, 454, 457, 458, 459, 460, 461, 463, 464, 465, 472, 479, 486, 493, 506, 513, 520, 527, 541, 548, 554, 561, 568, 575, 579, 587, 591, 595, 599, 603, 615, 617, 621, 623, 624, 626, 627, 629, 630, 632, 633, 635, 636, 638, 639, 641, 642, 644, 645, 647, 651, 653, 657, 659, 663, 665, 666, 668, 672, 674, 675, 677, 679, 680, 681, 682, 683, 684, 685, 687, 688, 689, 690, 691, 692, 693, 694, 695, 696, 697, 698, 699, 702, 703, 704, 705, 706, 707, 708, 709, 710, 711, 712, 713, 714, 715, 716, 717, 720, 722, 723, 724, 725, 726, 727, 728, 729, 730, 731, 895, 896, 897, 898, 899, 900, 902, 903, 905, 909, 910, 911, 912, 913, 914, 915, 916, 919, 921, 923, 925, 927, 929, 931, 932, 933, 934, 937, 938, 939, 940, 941, 942, 943, 944, 945, 950, 955, 960, 965, 970, 975, 980, 985, 990, 995, 1000, 1005, 1025, 1026, 1027, 1028, 1030, 1035, 1036, 1038, 1040, 1044, 1046, 1050, 1052, 1054, 1056, 1058, 1060, 1064, 1066, 1084, 1085, 1086, 1087, 1088, 1089, 1091, 1093, 1095, 1096, 1098, 1099, 1126, 1127, 1130, 1131, 1132, 1133, 1136, 1137, 1140, 1141, 1142, 1143, 1144, 1145, 1146, 1147, 1148, 1149, 1150, 1156, 1157, 1158, 1160, 1162, 1163, 1164, 1165, 1220, 1221, 1224, 1225, 1226, 1227, 1228, 1229, 1230, 1231, 1232, 1238, 1243, 1249, 1285, 1286, 1287, 1297, 1298, 1299, 1303, 1304, 1305, 1306, 1307, 1319, 1336, 1346, 1367, 1377, 1378, 1379, 1380, 1381, 1382, 1384, 1385, 1387, 1388, 1389, 1390, 1391, 1395, 1396, 1398, 1399, 1400, 1401, 1402, 1403, 1404, 1408, 1439, 1440, 1441, 1442, 1445, 1446, 1447, 1448, 1449, 1450, 1453, 1454, 1455, 1456, 1457, 1458, 1459, 1460, 1461, 1462, 1463, 1464, 1465, 1466, 1467, 1468, 1469, 1470, 1473, 1474, 1475, 1476, 1477, 1478, 1479, 1480, 1481, 1482, 1485, 1486, 1487, 1493, 1496, 1499, 1502, 1505, 1511, 1520, 1523, 1529, 1532, 1535, 1541, 1544, 1547, 1550, 1553, 1556, 1559, 1562, 1565, 1568, 1571, 1574, 1577, 1580, 1586, 1589, 1592, 1601, 1604, 1607, 1610, 1613, 1616, 1619, 1622, 1625, 1634, 1637, 1640]","[6, 8, 17, 18, 31, 33, 46, 48, 60, 61, 62, 63, 68, 69, 102, 133, 204, 222, 223, 230, 231, 233, 234, 238, 239, 256, 257, 281, 284, 299, 302, 305, 309, 363, 365, 372, 374, 411, 413, 423, 425, 429, 431, 455, 456, 462, 499, 534, 583, 607, 611, 618, 620, 648, 650, 654, 656, 660, 662, 669, 671, 676, 678, 686, 700, 701, 718, 719, 721, 901, 904, 906, 907, 908, 917, 935, 936, 1010, 1015, 1020, 1024, 1029, 1031, 1032, 1033, 1042, 1048, 1062, 1090, 1092, 1094, 1097, 1128, 1129, 1134, 1135, 1138, 1139, 1153, 1159, 1161, 1222, 1223, 1291, 1292, 1293, 1328, 1356, 1383, 1386, 1392, 1393, 1394, 1397, 1437, 1438, 1443, 1444, 1452, 1471, 1472, 1483, 1484, 1490, 1508, 1517, 1526, 1538, 1583, 1595, 1598, 1628, 1631]",[],532.0,0.0,0.0,0.0,0.0,
strength,Graph_labeled_only,2,1,354,0,178,"[3, 5, 9, 11, 12, 13, 14, 16, 22, 24, 28, 30, 34, 36, 37, 39, 40, 42, 43, 45, 55, 57, 58, 59, 64, 65, 66, 67, 70, 78, 82, 86, 90, 98, 106, 110, 118, 121, 124, 127, 136, 144, 148, 152, 164, 168, 172, 176, 180, 184, 192, 196, 208, 212, 219, 220, 225, 226, 228, 229, 235, 236, 241, 242, 244, 245, 247, 248, 250, 251, 253, 254, 259, 260, 268, 269, 286, 289, 292, 296, 312, 316, 319, 323, 333, 335, 336, 338, 345, 347, 351, 353, 354, 356, 360, 362, 369, 371, 375, 377, 378, 380, 381, 383, 393, 395, 396, 398, 399, 401, 402, 404, 405, 407, 414, 416, 420, 422, 432, 434, 435, 437, 438, 440, 444, 446, 450, 452, 453, 457, 458, 459, 460, 461, 463, 464, 465, 472, 479, 486, 513, 520, 554, 568, 579, 587, 591, 595, 603, 615, 617, 624, 626, 630, 632, 639, 641, 642, 644, 645, 647, 657, 659, 666, 668, 672, 674, 677, 680, 681, 683, 684, 687, 690, 691, 692, 693, 694, 695, 696, 697, 708, 709, 710, 711, 713, 714, 715, 716, 717, 720, 722, 723, 724, 725, 726, 729, 895, 896, 898, 900, 902, 903, 905, 909, 910, 911, 912, 915, 916, 919, 925, 929, 931, 932, 937, 938, 941, 942, 943, 944, 945, 955, 960, 965, 970, 975, 980, 995, 1000, 1005, 1025, 1026, 1028, 1030, 1035, 1036, 1038, 1040, 1050, 1052, 1064, 1084, 1086, 1087, 1088, 1093, 1095, 1096, 1098, 1099, 1126, 1127, 1130, 1131, 1136, 1137, 1144, 1145, 1146, 1147, 1148, 1149, 1156, 1157, 1160, 1162, 1164, 1220, 1221, 1228, 1229, 1238, 1243, 1285, 1286, 1287, 1297, 1298, 1299, 1303, 1304, 1336, 1346, 1381, 1382, 1385, 1387, 1390, 1391, 1395, 1396, 1399, 1402, 1403, 1404, 1408, 1441, 1442, 1445, 1446, 1447, 1448, 1449, 1450, 1453, 1454, 1455, 1456, 1457, 1458, 1459, 1460, 1461, 1462, 1463, 1464, 1465, 1466, 1469, 1470, 1473, 1474, 1479, 1480, 1481, 1482, 1487, 1493, 1496, 1499, 1502, 1505, 1511, 1523, 1532, 1541, 1544, 1547, 1550, 1553, 1556, 1562, 1568, 1574, 1577, 1580, 1586, 1601, 1604, 1613, 1616, 1619, 1634]","[0, 2, 19, 21, 25, 27, 49, 51, 52, 54, 74, 94, 114, 130, 140, 156, 160, 188, 200, 216, 217, 262, 263, 265, 266, 271, 272, 274, 278, 326, 330, 339, 342, 344, 348, 350, 357, 359, 366, 368, 384, 386, 387, 389, 390, 392, 408, 410, 417, 419, 426, 428, 441, 443, 447, 449, 454, 493, 506, 527, 541, 548, 561, 575, 599, 621, 623, 627, 629, 633, 635, 636, 638, 651, 653, 663, 665, 675, 679, 682, 685, 688, 689, 698, 699, 702, 703, 704, 705, 706, 707, 712, 727, 728, 730, 731, 897, 899, 913, 914, 921, 923, 927, 933, 934, 939, 940, 950, 985, 990, 1027, 1044, 1046, 1054, 1056, 1058, 1060, 1066, 1085, 1089, 1091, 1132, 1133, 1140, 1141, 1142, 1143, 1150, 1158, 1163, 1165, 1224, 1225, 1226, 1227, 1230, 1231, 1232, 1249, 1305, 1306, 1307, 1319, 1367, 1377, 1378, 1379, 1380, 1384, 1388, 1389, 1398, 1400, 1401, 1439, 1440, 1467, 1468, 1475, 1476, 1477, 1478, 1485, 1486, 1520, 1529, 1535, 1559, 1565, 1571, 1589, 1592, 1607, 1610, 1622, 1625, 1637, 1640]",[],,,,,,
strength,Graph_labeled_only,2,2,355,0,177,"[0, 2, 3, 5, 14, 16, 19, 21, 22, 24, 25, 27, 28, 30, 37, 39, 43, 45, 49, 51, 52, 54, 55, 57, 58, 59, 64, 65, 66, 67, 70, 74, 82, 94, 98, 110, 114, 121, 127, 130, 136, 140, 152, 156, 160, 164, 168, 184, 188, 192, 200, 208, 212, 216, 217, 219, 220, 235, 236, 250, 251, 262, 263, 265, 266, 268, 269, 271, 272, 274, 278, 286, 289, 292, 296, 319, 323, 326, 330, 333, 335, 336, 338, 339, 342, 344, 345, 347, 348, 350, 357, 359, 366, 368, 375, 377, 381, 383, 384, 386, 387, 389, 390, 392, 393, 395, 396, 398, 399, 401, 402, 404, 408, 410, 414, 416, 417, 419, 426, 428, 432, 434, 441, 443, 444, 446, 447, 449, 454, 457, 458, 459, 463, 464, 472, 486, 493, 506, 513, 520, 527, 541, 548, 554, 561, 575, 587, 599, 621, 623, 624, 626, 627, 629, 630, 632, 633, 635, 636, 638, 639, 641, 651, 653, 663, 665, 672, 674, 675, 679, 681, 682, 683, 685, 688, 689, 690, 693, 696, 697, 698, 699, 702, 703, 704, 705, 706, 707, 710, 711, 712, 713, 714, 716, 717, 722, 724, 727, 728, 729, 730, 731, 895, 896, 897, 899, 903, 909, 910, 911, 912, 913, 914, 921, 923, 927, 929, 933, 934, 939, 940, 950, 955, 980, 985, 990, 995, 1026, 1027, 1035, 1038, 1044, 1046, 1050, 1052, 1054, 1056, 1058, 1060, 1064, 1066, 1084, 1085, 1087, 1089, 1091, 1095, 1098, 1130, 1131, 1132, 1133, 1140, 1141, 1142, 1143, 1148, 1149, 1150, 1157, 1158, 1162, 1163, 1164, 1165, 1220, 1221, 1224, 1225, 1226, 1227, 1228, 1229, 1230, 1231, 1232, 1249, 1285, 1286, 1287, 1303, 1304, 1305, 1306, 1307, 1319, 1336, 1367, 1377, 1378, 1379, 1380, 1381, 1384, 1388, 1389, 1391, 1395, 1396, 1398, 1400, 1401, 1403, 1408, 1439, 1440, 1441, 1442, 1445, 1446, 1455, 1456, 1457, 1458, 1467, 1468, 1475, 1476, 1477, 1478, 1479, 1480, 1485, 1486, 1487, 1496, 1499, 1505, 1520, 1523, 1529, 1532, 1535, 1544, 1547, 1553, 1559, 1562, 1565, 1568, 1571, 1574, 1577, 1586, 1589, 1592, 1601, 1607, 1610, 1613, 1616, 1622, 1625, 1637, 1640]","[9, 11, 12, 13, 34, 36, 40, 42, 78, 86, 90, 106, 118, 124, 144, 148, 172, 176, 180, 196, 225, 226, 228, 229, 241, 242, 244, 245, 247, 248, 253, 254, 259, 260, 312, 316, 351, 353, 354, 356, 360, 362, 369, 371, 378, 380, 405, 407, 420, 422, 435, 437, 438, 440, 450, 452, 453, 460, 461, 465, 479, 568, 579, 591, 595, 603, 615, 617, 642, 644, 645, 647, 657, 659, 666, 668, 677, 680, 684, 687, 691, 692, 694, 695, 708, 709, 715, 720, 723, 725, 726, 898, 900, 902, 905, 915, 916, 919, 925, 931, 932, 937, 938, 941, 942, 943, 944, 945, 960, 965, 970, 975, 1000, 1005, 1025, 1028, 1030, 1036, 1040, 1086, 1088, 1093, 1096, 1099, 1126, 1127, 1136, 1137, 1144, 1145, 1146, 1147, 1156, 1160, 1238, 1243, 1297, 1298, 1299, 1346, 1382, 1385, 1387, 1390, 1399, 1402, 1404, 1447, 1448, 1449, 1450, 1453, 1454, 1459, 1460, 1461, 1462, 1463, 1464, 1465, 1466, 1469, 1470, 1473, 1474, 1481, 1482, 1493, 1502, 1511, 1541, 1550, 1556, 1580, 1604, 1619, 1634]",[],,,,,,
strength,Graph_labeled_only,2,3,355,0,177,"[0, 2, 9, 11, 12, 13, 19, 21, 25, 27, 34, 36, 40, 42, 49, 51, 52, 54, 74, 78, 86, 90, 94, 106, 114, 118, 124, 130, 140, 144, 148, 156, 160, 172, 176, 180, 188, 196, 200, 216, 217, 225, 226, 228, 229, 241, 242, 244, 245, 247, 248, 253, 254, 259, 260, 262, 263, 265, 266, 271, 272, 274, 278, 312, 316, 326, 330, 339, 342, 344, 348, 350, 351, 353, 354, 356, 357, 359, 360, 362, 366, 368, 369, 371, 378, 380, 384, 386, 387, 389, 390, 392, 405, 407, 408, 410, 417, 419, 420, 422, 426, 428, 435, 437, 438, 440, 441, 443, 447, 449, 450, 452, 453, 454, 460, 461, 465, 479, 493, 506, 527, 541, 548, 561, 568, 575, 579, 591, 595, 599, 603, 615, 617, 621, 623, 627, 629, 633, 635, 636, 638, 642, 644, 645, 647, 651, 653, 657, 659, 663, 665, 666, 668, 675, 677, 679, 680, 682, 684, 685, 687, 688, 689, 691, 692, 694, 695, 698, 699, 702, 703, 704, 705, 706, 707, 708, 709, 712, 715, 720, 723, 725, 726, 727, 728, 730, 731, 897, 898, 899, 900, 902, 905, 913, 914, 915, 916, 919, 921, 923, 925, 927, 931, 932, 933, 934, 937, 938, 939, 940, 941, 942, 943, 944, 945, 950, 960, 965, 970, 975, 985, 990, 1000, 1005, 1025, 1027, 1028, 1030, 1036, 1040, 1044, 1046, 1054, 1056, 1058, 1060, 1066, 1085, 1086, 1088, 1089, 1091, 1093, 1096, 1099, 1126, 1127, 1132, 1133, 1136, 1137, 1140, 1141, 1142, 1143, 1144, 1145, 1146, 1147, 1150, 1156, 1158, 1160, 1163, 1165, 1224, 1225, 1226, 1227, 1230, 1231, 1232, 1238, 1243, 1249, 1297, 1298, 1299, 1305, 1306, 1307, 1319, 1346, 1367, 1377, 1378, 1379, 1380, 1382, 1384, 1385, 1387, 1388, 1389, 1390, 1398, 1399, 1400, 1401, 1402, 1404, 1439, 1440, 1447, 1448, 1449, 1450, 1453, 1454, 1459, 1460, 1461, 1462, 1463, 1464, 1465, 1466, 1467, 1468, 1469, 1470, 1473, 1474, 1475, 1476, 1477, 1478, 1481, 1482, 1485, 1486, 1493, 1502, 1511, 1520, 1529, 1535, 1541, 1550, 1556, 1559, 1565, 1571, 1580, 1589, 1592, 1604, 1607, 1610, 1619, 1622, 1625, 1634, 1637, 1640]","[3, 5, 14, 16, 22, 24, 28, 30, 37, 39, 43, 45, 55, 57, 58, 59, 64, 65, 66, 67, 70, 82, 98, 110, 121, 127, 136, 152, 164, 168, 184, 192, 208, 212, 219, 220, 235, 236, 250, 251, 268, 269, 286, 289, 292, 296, 319, 323, 333, 335, 336, 338, 345, 347, 375, 377, 381, 383, 393, 395, 396, 398, 399, 401, 402, 404, 414, 416, 432, 434, 444, 446, 457, 458, 459, 463, 464, 472, 486, 513, 520, 554, 587, 624, 626, 630, 632, 639, 641, 672, 674, 681, 683, 690, 693, 696, 697, 710, 711, 713, 714, 716, 717, 722, 724, 729, 895, 896, 903, 909, 910, 911, 912, 929, 955, 980, 995, 1026, 1035, 1038, 1050, 1052, 1064, 1084, 1087, 1095, 1098, 1130, 1131, 1148, 1149, 1157, 1162, 1164, 1220, 1221, 1228, 1229, 1285, 1286, 1287, 1303, 1304, 1336, 1381, 1391, 1395, 1396, 1403, 1408, 1441, 1442, 1445, 1446, 1455, 1456, 1457, 1458, 1479, 1480, 1487, 1496, 1499, 1505, 1523, 1532, 1544, 1547, 1553, 1562, 1568, 1574, 1577, 1586, 1601, 1613, 1616]",[],,,,,,
strength,Graph_labeled_only,2,0,532,0,133,"[0, 2, 3, 5, 9, 11, 12, 13, 14, 16, 19, 21, 22, 24, 25, 27, 28, 30, 34, 36, 37, 39, 40, 42, 43, 45, 49, 51, 52, 54, 55, 57, 58, 59, 64, 65, 66, 67, 70, 74, 78, 82, 86, 90, 94, 98, 106, 110, 114, 118, 121, 124, 127, 130, 136, 140, 144, 148, 152, 156, 160, 164, 168, 172, 176, 180, 184, 188, 192, 196, 200, 208, 212, 216, 217, 219, 220, 225, 226, 228, 229, 235, 236, 241, 242, 244, 245, 247, 248, 250, 251, 253, 254, 259, 260, 262, 263, 265, 266, 268, 269, 271, 272, 274, 278, 286, 289, 292, 296, 312, 316, 319, 323, 326, 330, 333, 335, 336, 338, 339, 342, 344, 345, 347, 348, 350, 351, 353, 354, 356, 357, 359, 360, 362, 366, 368, 369, 371, 375, 377, 378, 380, 381, 383, 384, 386, 387, 389, 390, 392, 393, 395, 396, 398, 399, 401, 402, 404, 405, 407, 408, 410, 414, 416, 417, 419, 420, 422, 426, 428, 432, 434, 435, 437, 438, 440, 441, 443, 444, 446, 447, 449, 450, 452, 453, 454, 457, 458, 459, 460, 461, 463, 464, 465, 472, 479, 486, 493, 506, 513, 520, 527, 541, 548, 554, 561, 568, 575, 579, 587, 591, 595, 599, 603, 615, 617, 621, 623, 624, 626, 627, 629, 630, 632, 633, 635, 636, 638, 639, 641, 642, 644, 645, 647, 651, 653, 657, 659, 663, 665, 666, 668, 672, 674, 675, 677, 679, 680, 681, 682, 683, 684, 685, 687, 688, 689, 690, 691, 692, 693, 694, 695, 696, 697, 698, 699, 702, 703, 704, 705, 706, 707, 708, 709, 710, 711, 712, 713, 714, 715, 716, 717, 720, 722, 723, 724, 725, 726, 727, 728, 729, 730, 731, 895, 896, 897, 898, 899, 900, 902, 903, 905, 909, 910, 911, 912, 913, 914, 915, 916, 919, 921, 923, 925, 927, 929, 931, 932, 933, 934, 937, 938, 939, 940, 941, 942, 943, 944, 945, 950, 955, 960, 965, 970, 975, 980, 985, 990, 995, 1000, 1005, 1025, 1026, 1027, 1028, 1030, 1035, 1036, 1038, 1040, 1044, 1046, 1050, 1052, 1054, 1056, 1058, 1060, 1064, 1066, 1084, 1085, 1086, 1087, 1088, 1089, 1091, 1093, 1095, 1096, 1098, 1099, 1126, 1127, 1130, 1131, 1132, 1133, 1136, 1137, 1140, 1141, 1142, 1143, 1144, 1145, 1146, 1147, 1148, 1149, 1150, 1156, 1157, 1158, 1160, 1162, 1163, 1164, 1165, 1220, 1221, 1224, 1225, 1226, 1227, 1228, 1229, 1230, 1231, 1232, 1238, 1243, 1249, 1285, 1286, 1287, 1297, 1298, 1299, 1303, 1304, 1305, 1306, 1307, 1319, 1336, 1346, 1367, 1377, 1378, 1379, 1380, 1381, 1382, 1384, 1385, 1387, 1388, 1389, 1390, 1391, 1395, 1396, 1398, 1399, 1400, 1401, 1402, 1403, 1404, 1408, 1439, 1440, 1441, 1442, 1445, 1446, 1447, 1448, 1449, 1450, 1453, 1454, 1455, 1456, 1457, 1458, 1459, 1460, 1461, 1462, 1463, 1464, 1465, 1466, 1467, 1468, 1469, 1470, 1473, 1474, 1475, 1476, 1477, 1478, 1479, 1480, 1481, 1482, 1485, 1486, 1487, 1493, 1496, 1499, 1502, 1505, 1511, 1520, 1523, 1529, 1532, 1535, 1541, 1544, 1547, 1550, 1553, 1556, 1559, 1562, 1565, 1568, 1571, 1574, 1577, 1580, 1586, 1589, 1592, 1601, 1604, 1607, 1610, 1613, 1616, 1619, 1622, 1625, 1634, 1637, 1640]","[6, 8, 17, 18, 31, 33, 46, 48, 60, 61, 62, 63, 68, 69, 102, 133, 204, 222, 223, 230, 231, 233, 234, 238, 239, 256, 257, 281, 284, 299, 302, 305, 309, 363, 365, 372, 374, 411, 413, 423, 425, 429, 431, 455, 456, 462, 499, 534, 583, 607, 611, 618, 620, 648, 650, 654, 656, 660, 662, 669, 671, 676, 678, 686, 700, 701, 718, 719, 721, 901, 904, 906, 907, 908, 917, 935, 936, 1010, 1015, 1020, 1024, 1029, 1031, 1032, 1033, 1042, 1048, 1062, 1090, 1092, 1094, 1097, 1128, 1129, 1134, 1135, 1138, 1139, 1153, 1159, 1161, 1222, 1223, 1291, 1292, 1293, 1328, 1356, 1383, 1386, 1392, 1393, 1394, 1397, 1437, 1438, 1443, 1444, 1452, 1471, 1472, 1483, 1484, 1490, 1508, 1517, 1526, 1538, 1583, 1595, 1598, 1628, 1631]",[],532.0,3406.0,3.0,0.0,0.008310918310252493,2.0736445701697304
strength,Graph_semi_supervised,2,1,354,680,178,"[3, 5, 9, 11, 12, 13, 14, 16, 22, 24, 28, 30, 34, 36, 37, 39, 40, 42, 43, 45, 55, 57, 58, 59, 64, 65, 66, 67, 70, 78, 82, 86, 90, 98, 106, 110, 118, 121, 124, 127, 136, 144, 148, 152, 164, 168, 172, 176, 180, 184, 192, 196, 208, 212, 219, 220, 225, 226, 228, 229, 235, 236, 241, 242, 244, 245, 247, 248, 250, 251, 253, 254, 259, 260, 268, 269, 286, 289, 292, 296, 312, 316, 319, 323, 333, 335, 336, 338, 345, 347, 351, 353, 354, 356, 360, 362, 369, 371, 375, 377, 378, 380, 381, 383, 393, 395, 396, 398, 399, 401, 402, 404, 405, 407, 414, 416, 420, 422, 432, 434, 435, 437, 438, 440, 444, 446, 450, 452, 453, 457, 458, 459, 460, 461, 463, 464, 465, 472, 479, 486, 513, 520, 554, 568, 579, 587, 591, 595, 603, 615, 617, 624, 626, 630, 632, 639, 641, 642, 644, 645, 647, 657, 659, 666, 668, 672, 674, 677, 680, 681, 683, 684, 687, 690, 691, 692, 693, 694, 695, 696, 697, 708, 709, 710, 711, 713, 714, 715, 716, 717, 720, 722, 723, 724, 725, 726, 729, 895, 896, 898, 900, 902, 903, 905, 909, 910, 911, 912, 915, 916, 919, 925, 929, 931, 932, 937, 938, 941, 942, 943, 944, 945, 955, 960, 965, 970, 975, 980, 995, 1000, 1005, 1025, 1026, 1028, 1030, 1035, 1036, 1038, 1040, 1050, 1052, 1064, 1084, 1086, 1087, 1088, 1093, 1095, 1096, 1098, 1099, 1126, 1127, 1130, 1131, 1136, 1137, 1144, 1145, 1146, 1147, 1148, 1149, 1156, 1157, 1160, 1162, 1164, 1220, 1221, 1228, 1229, 1238, 1243, 1285, 1286, 1287, 1297, 1298, 1299, 1303, 1304, 1336, 1346, 1381, 1382, 1385, 1387, 1390, 1391, 1395, 1396, 1399, 1402, 1403, 1404, 1408, 1441, 1442, 1445, 1446, 1447, 1448, 1449, 1450, 1453, 1454, 1455, 1456, 1457, 1458, 1459, 1460, 1461, 1462, 1463, 1464, 1465, 1466, 1469, 1470, 1473, 1474, 1479, 1480, 1481, 1482, 1487, 1493, 1496, 1499, 1502, 1505, 1511, 1523, 1532, 1541, 1544, 1547, 1550, 1553, 1556, 1562, 1568, 1574, 1577, 1580, 1586, 1601, 1604, 1613, 1616, 1619, 1634]","[0, 2, 19, 21, 25, 27, 49, 51, 52, 54, 74, 94, 114, 130, 140, 156, 160, 188, 200, 216, 217, 262, 263, 265, 266, 271, 272, 274, 278, 326, 330, 339, 342, 344, 348, 350, 357, 359, 366, 368, 384, 386, 387, 389, 390, 392, 408, 410, 417, 419, 426, 428, 441, 443, 447, 449, 454, 493, 506, 527, 541, 548, 561, 575, 599, 621, 623, 627, 629, 633, 635, 636, 638, 651, 653, 663, 665, 675, 679, 682, 685, 688, 689, 698, 699, 702, 703, 704, 705, 706, 707, 712, 727, 728, 730, 731, 897, 899, 913, 914, 921, 923, 927, 933, 934, 939, 940, 950, 985, 990, 1027, 1044, 1046, 1054, 1056, 1058, 1060, 1066, 1085, 1089, 1091, 1132, 1133, 1140, 1141, 1142, 1143, 1150, 1158, 1163, 1165, 1224, 1225, 1226, 1227, 1230, 1231, 1232, 1249, 1305, 1306, 1307, 1319, 1367, 1377, 1378, 1379, 1380, 1384, 1388, 1389, 1398, 1400, 1401, 1439, 1440, 1467, 1468, 1475, 1476, 1477, 1478, 1485, 1486, 1520, 1529, 1535, 1559, 1565, 1571, 1589, 1592, 1607, 1610, 1622, 1625, 1637, 1640]","[4, 10, 15, 23, 29, 35, 38, 41, 44, 56, 71, 72, 73, 79, 80, 81, 83, 84, 85, 87, 88, 89, 91, 92, 93, 99, 100, 101, 107, 108, 109, 111, 112, 113, 119, 120, 122, 123, 125, 126, 128, 129, 137, 138, 139, 145, 146, 147, 149, 150, 151, 153, 154, 155, 165, 166, 167, 169, 170, 171, 173, 174, 175, 177, 178, 179, 181, 182, 183, 185, 186, 187, 193, 194, 195, 197, 198, 199, 209, 210, 211, 213, 214, 215, 221, 227, 237, 243, 246, 249, 252, 255, 261, 270, 287, 288, 290, 291, 293, 294, 295, 297, 298, 313, 314, 315, 317, 318, 320, 321, 322, 324, 325, 334, 337, 346, 352, 355, 361, 370, 376, 379, 382, 394, 397, 400, 403, 406, 415, 421, 433, 436, 439, 445, 451, 466, 467, 468, 469, 470, 471, 473, 474, 475, 476, 477, 478, 480, 481, 482, 483, 484, 485, 487, 488, 489, 490, 491, 492, 514, 515, 516, 517, 518, 519, 521, 522, 523, 524, 525, 526, 555, 556, 557, 558, 559, 560, 569, 570, 571, 572, 573, 574, 580, 581, 582, 588, 589, 590, 592, 593, 594, 596, 597, 598, 604, 605, 606, 616, 625, 631, 640, 643, 646, 658, 667, 673, 732, 733, 734, 735, 736, 737, 738, 739, 740, 741, 742, 743, 744, 745, 746, 747, 748, 749, 750, 751, 752, 753, 754, 755, 756, 757, 758, 759, 760, 761, 762, 763, 764, 765, 766, 767, 768, 769, 770, 771, 772, 773, 774, 775, 776, 777, 778, 779, 780, 781, 782, 783, 784, 785, 786, 787, 788, 789, 790, 791, 792, 793, 794, 795, 796, 797, 798, 799, 800, 801, 802, 803, 804, 805, 806, 807, 808, 809, 810, 811, 812, 813, 814, 815, 816, 817, 818, 819, 820, 821, 822, 823, 824, 825, 826, 827, 828, 829, 830, 831, 832, 833, 834, 835, 836, 837, 838, 839, 840, 841, 842, 843, 844, 845, 846, 847, 848, 849, 850, 851, 852, 853, 854, 855, 856, 857, 858, 859, 860, 861, 862, 863, 864, 865, 866, 867, 868, 869, 870, 871, 872, 873, 874, 875, 876, 877, 878, 879, 880, 881, 882, 883, 884, 885, 886, 887, 888, 889, 890, 891, 892, 893, 894, 920, 926, 930, 946, 947, 948, 949, 956, 957, 958, 959, 961, 962, 963, 964, 966, 967, 968, 969, 971, 972, 973, 974, 976, 977, 978, 979, 981, 982, 983, 984, 996, 997, 998, 999, 1001, 1002, 1003, 1004, 1006, 1007, 1008, 1009, 1034, 1037, 1039, 1041, 1051, 1053, 1065, 1068, 1069, 1070, 1071, 1072, 1073, 1074, 1075, 1076, 1077, 1078, 1079, 1080, 1081, 1082, 1083, 1100, 1101, 1102, 1103, 1104, 1105, 1106, 1107, 1108, 1109, 1110, 1111, 1112, 1113, 1114, 1115, 1116, 1117, 1118, 1119, 1120, 1121, 1122, 1123, 1124, 1125, 1151, 1152, 1154, 1155, 1166, 1167, 1168, 1169, 1170, 1171, 1172, 1173, 1174, 1175, 1176, 1177, 1178, 1179, 1180, 1181, 1182, 1183, 1184, 1185, 1186, 1187, 1188, 1189, 1190, 1191, 1192, 1193, 1194, 1195, 1196, 1197, 1198, 1199, 1200, 1201, 1202, 1203, 1204, 1205, 1206, 1207, 1208, 1209, 1210, 1211, 1212, 1213, 1214, 1215, 1216, 1217, 1218, 1219, 1239, 1240, 1241, 1242, 1244, 1245, 1246, 1247, 1248, 1255, 1256, 1257, 1258, 1259, 1260, 1261, 1262, 1263, 1264, 1265, 1266, 1267, 1268, 1269, 1270, 1271, 1272, 1273, 1274, 1275, 1276, 1277, 1278, 1279, 1280, 1281, 1282, 1283, 1284, 1288, 1289, 1290, 1300, 1301, 1302, 1337, 1338, 1339, 1340, 1341, 1342, 1343, 1344, 1345, 1347, 1348, 1349, 1350, 1351, 1352, 1353, 1354, 1355, 1405, 1406, 1407, 1409, 1410, 1411, 1412, 1413, 1414, 1415, 1416, 1417, 1418, 1419, 1420, 1421, 1422, 1423, 1424, 1425, 1426, 1427, 1428, 1429, 1430, 1431, 1432, 1433, 1434, 1435, 1436, 1488, 1489, 1494, 1495, 1497, 1498, 1500, 1501, 1503, 1504, 1506, 1507, 1512, 1513, 1514, 1515, 1516, 1524, 1525, 1533, 1534, 1542, 1543, 1545, 1546, 1548, 1549, 1551, 1552, 1554, 1555, 1557, 1558, 1563, 1564, 1569, 1570, 1575, 1576, 1578, 1579, 1581, 1582, 1587, 1588, 1602, 1603, 1605, 1606, 1614, 1615, 1617, 1618, 1620, 1621, 1635, 1636, 1643, 1644, 1645, 1646, 1647, 1648, 1649, 1650, 1651]",,,,,,
strength,Graph_semi_supervised,2,2,355,707,177,"[0, 2, 3, 5, 14, 16, 19, 21, 22, 24, 25, 27, 28, 30, 37, 39, 43, 45, 49, 51, 52, 54, 55, 57, 58, 59, 64, 65, 66, 67, 70, 74, 82, 94, 98, 110, 114, 121, 127, 130, 136, 140, 152, 156, 160, 164, 168, 184, 188, 192, 200, 208, 212, 216, 217, 219, 220, 235, 236, 250, 251, 262, 263, 265, 266, 268, 269, 271, 272, 274, 278, 286, 289, 292, 296, 319, 323, 326, 330, 333, 335, 336, 338, 339, 342, 344, 345, 347, 348, 350, 357, 359, 366, 368, 375, 377, 381, 383, 384, 386, 387, 389, 390, 392, 393, 395, 396, 398, 399, 401, 402, 404, 408, 410, 414, 416, 417, 419, 426, 428, 432, 434, 441, 443, 444, 446, 447, 449, 454, 457, 458, 459, 463, 464, 472, 486, 493, 506, 513, 520, 527, 541, 548, 554, 561, 575, 587, 599, 621, 623, 624, 626, 627, 629, 630, 632, 633, 635, 636, 638, 639, 641, 651, 653, 663, 665, 672, 674, 675, 679, 681, 682, 683, 685, 688, 689, 690, 693, 696, 697, 698, 699, 702, 703, 704, 705, 706, 707, 710, 711, 712, 713, 714, 716, 717, 722, 724, 727, 728, 729, 730, 731, 895, 896, 897, 899, 903, 909, 910, 911, 912, 913, 914, 921, 923, 927, 929, 933, 934, 939, 940, 950, 955, 980, 985, 990, 995, 1026, 1027, 1035, 1038, 1044, 1046, 1050, 1052, 1054, 1056, 1058, 1060, 1064, 1066, 1084, 1085, 1087, 1089, 1091, 1095, 1098, 1130, 1131, 1132, 1133, 1140, 1141, 1142, 1143, 1148, 1149, 1150, 1157, 1158, 1162, 1163, 1164, 1165, 1220, 1221, 1224, 1225, 1226, 1227, 1228, 1229, 1230, 1231, 1232, 1249, 1285, 1286, 1287, 1303, 1304, 1305, 1306, 1307, 1319, 1336, 1367, 1377, 1378, 1379, 1380, 1381, 1384, 1388, 1389, 1391, 1395, 1396, 1398, 1400, 1401, 1403, 1408, 1439, 1440, 1441, 1442, 1445, 1446, 1455, 1456, 1457, 1458, 1467, 1468, 1475, 1476, 1477, 1478, 1479, 1480, 1485, 1486, 1487, 1496, 1499, 1505, 1520, 1523, 1529, 1532, 1535, 1544, 1547, 1553, 1559, 1562, 1565, 1568, 1571, 1574, 1577, 1586, 1589, 1592, 1601, 1607, 1610, 1613, 1616, 1622, 1625, 1637, 1640]","[9, 11, 12, 13, 34, 36, 40, 42, 78, 86, 90, 106, 118, 124, 144, 148, 172, 176, 180, 196, 225, 226, 228, 229, 241, 242, 244, 245, 247, 248, 253, 254, 259, 260, 312, 316, 351, 353, 354, 356, 360, 362, 369, 371, 378, 380, 405, 407, 420, 422, 435, 437, 438, 440, 450, 452, 453, 460, 461, 465, 479, 568, 579, 591, 595, 603, 615, 617, 642, 644, 645, 647, 657, 659, 666, 668, 677, 680, 684, 687, 691, 692, 694, 695, 708, 709, 715, 720, 723, 725, 726, 898, 900, 902, 905, 915, 916, 919, 925, 931, 932, 937, 938, 941, 942, 943, 944, 945, 960, 965, 970, 975, 1000, 1005, 1025, 1028, 1030, 1036, 1040, 1086, 1088, 1093, 1096, 1099, 1126, 1127, 1136, 1137, 1144, 1145, 1146, 1147, 1156, 1160, 1238, 1243, 1297, 1298, 1299, 1346, 1382, 1385, 1387, 1390, 1399, 1402, 1404, 1447, 1448, 1449, 1450, 1453, 1454, 1459, 1460, 1461, 1462, 1463, 1464, 1465, 1466, 1469, 1470, 1473, 1474, 1481, 1482, 1493, 1502, 1511, 1541, 1550, 1556, 1580, 1604, 1619, 1634]","[1, 4, 15, 20, 23, 26, 29, 38, 44, 50, 53, 56, 71, 72, 73, 75, 76, 77, 83, 84, 85, 95, 96, 97, 99, 100, 101, 111, 112, 113, 115, 116, 117, 122, 123, 128, 129, 131, 132, 137, 138, 139, 141, 142, 143, 153, 154, 155, 157, 158, 159, 161, 162, 163, 165, 166, 167, 169, 170, 171, 185, 186, 187, 189, 190, 191, 193, 194, 195, 201, 202, 203, 209, 210, 211, 213, 214, 215, 218, 221, 237, 252, 264, 267, 270, 273, 275, 276, 277, 279, 280, 287, 288, 290, 291, 293, 294, 295, 297, 298, 320, 321, 322, 324, 325, 327, 328, 329, 331, 332, 334, 337, 340, 341, 343, 346, 349, 358, 367, 376, 382, 385, 388, 391, 394, 397, 400, 403, 409, 415, 418, 427, 433, 442, 445, 448, 473, 474, 475, 476, 477, 478, 487, 488, 489, 490, 491, 492, 494, 495, 496, 497, 498, 507, 508, 509, 510, 511, 512, 514, 515, 516, 517, 518, 519, 521, 522, 523, 524, 525, 526, 528, 529, 530, 531, 532, 533, 542, 543, 544, 545, 546, 547, 549, 550, 551, 552, 553, 555, 556, 557, 558, 559, 560, 562, 563, 564, 565, 566, 567, 576, 577, 578, 588, 589, 590, 600, 601, 602, 622, 625, 628, 631, 634, 637, 640, 652, 664, 673, 732, 733, 734, 735, 736, 737, 738, 739, 740, 741, 742, 743, 744, 745, 746, 747, 748, 749, 750, 751, 752, 753, 754, 755, 756, 757, 758, 759, 760, 761, 762, 763, 764, 765, 766, 767, 768, 769, 770, 771, 772, 773, 774, 775, 776, 777, 778, 779, 780, 781, 782, 783, 784, 785, 786, 787, 788, 789, 790, 791, 792, 793, 794, 795, 796, 797, 798, 799, 800, 801, 802, 803, 804, 805, 806, 807, 808, 809, 810, 811, 812, 813, 814, 815, 816, 817, 818, 819, 820, 821, 822, 823, 824, 825, 826, 827, 828, 829, 830, 831, 832, 833, 834, 835, 836, 837, 838, 839, 840, 841, 842, 843, 844, 845, 846, 847, 848, 849, 850, 851, 852, 853, 854, 855, 856, 857, 858, 859, 860, 861, 862, 863, 864, 865, 866, 867, 868, 869, 870, 871, 872, 873, 874, 875, 876, 877, 878, 879, 880, 881, 882, 883, 884, 885, 886, 887, 888, 889, 890, 891, 892, 893, 894, 922, 924, 928, 930, 951, 952, 953, 954, 956, 957, 958, 959, 981, 982, 983, 984, 986, 987, 988, 989, 991, 992, 993, 994, 996, 997, 998, 999, 1034, 1039, 1045, 1047, 1051, 1053, 1055, 1057, 1059, 1061, 1065, 1067, 1068, 1069, 1070, 1071, 1072, 1073, 1074, 1075, 1076, 1077, 1078, 1079, 1080, 1081, 1082, 1083, 1100, 1101, 1102, 1103, 1104, 1105, 1106, 1107, 1108, 1109, 1110, 1111, 1112, 1113, 1114, 1115, 1116, 1117, 1118, 1119, 1120, 1121, 1122, 1123, 1124, 1125, 1151, 1152, 1154, 1155, 1166, 1167, 1168, 1169, 1170, 1171, 1172, 1173, 1174, 1175, 1176, 1177, 1178, 1179, 1180, 1181, 1182, 1183, 1184, 1185, 1186, 1187, 1188, 1189, 1190, 1191, 1192, 1193, 1194, 1195, 1196, 1197, 1198, 1199, 1200, 1201, 1202, 1203, 1204, 1205, 1206, 1207, 1208, 1209, 1210, 1211, 1212, 1213, 1214, 1215, 1216, 1217, 1218, 1219, 1233, 1234, 1235, 1236, 1237, 1250, 1251, 1252, 1253, 1254, 1255, 1256, 1257, 1258, 1259, 1260, 1261, 1262, 1263, 1264, 1265, 1266, 1267, 1268, 1269, 1270, 1271, 1272, 1273, 1274, 1275, 1276, 1277, 1278, 1279, 1280, 1281, 1282, 1283, 1284, 1288, 1289, 1290, 1308, 1309, 1310, 1311, 1312, 1313, 1314, 1315, 1316, 1317, 1318, 1320, 1321, 1322, 1323, 1324, 1325, 1326, 1327, 1337, 1338, 1339, 1340, 1341, 1342, 1343, 1344, 1345, 1368, 1369, 1370, 1371, 1372, 1373, 1374, 1375, 1376, 1405, 1406, 1407, 1409, 1410, 1411, 1412, 1413, 1414, 1415, 1416, 1417, 1418, 1419, 1420, 1421, 1422, 1423, 1424, 1425, 1426, 1427, 1428, 1429, 1430, 1431, 1432, 1433, 1434, 1435, 1436, 1488, 1489, 1497, 1498, 1500, 1501, 1506, 1507, 1514, 1515, 1516, 1521, 1522, 1524, 1525, 1530, 1531, 1533, 1534, 1536, 1537, 1545, 1546, 1548, 1549, 1554, 1555, 1560, 1561, 1563, 1564, 1566, 1567, 1569, 1570, 1572, 1573, 1575, 1576, 1578, 1579, 1587, 1588, 1590, 1591, 1593, 1594, 1602, 1603, 1608, 1609, 1611, 1612, 1614, 1615, 1617, 1618, 1623, 1624, 1626, 1627, 1638, 1639, 1641, 1642, 1643, 1644, 1645, 1646, 1647, 1648, 1649, 1650, 1651]",,,,,,
strength,Graph_semi_supervised,2,3,355,696,177,"[0, 2, 9, 11, 12, 13, 19, 21, 25, 27, 34, 36, 40, 42, 49, 51, 52, 54, 74, 78, 86, 90, 94, 106, 114, 118, 124, 130, 140, 144, 148, 156, 160, 172, 176, 180, 188, 196, 200, 216, 217, 225, 226, 228, 229, 241, 242, 244, 245, 247, 248, 253, 254, 259, 260, 262, 263, 265, 266, 271, 272, 274, 278, 312, 316, 326, 330, 339, 342, 344, 348, 350, 351, 353, 354, 356, 357, 359, 360, 362, 366, 368, 369, 371, 378, 380, 384, 386, 387, 389, 390, 392, 405, 407, 408, 410, 417, 419, 420, 422, 426, 428, 435, 437, 438, 440, 441, 443, 447, 449, 450, 452, 453, 454, 460, 461, 465, 479, 493, 506, 527, 541, 548, 561, 568, 575, 579, 591, 595, 599, 603, 615, 617, 621, 623, 627, 629, 633, 635, 636, 638, 642, 644, 645, 647, 651, 653, 657, 659, 663, 665, 666, 668, 675, 677, 679, 680, 682, 684, 685, 687, 688, 689, 691, 692, 694, 695, 698, 699, 702, 703, 704, 705, 706, 707, 708, 709, 712, 715, 720, 723, 725, 726, 727, 728, 730, 731, 897, 898, 899, 900, 902, 905, 913, 914, 915, 916, 919, 921, 923, 925, 927, 931, 932, 933, 934, 937, 938, 939, 940, 941, 942, 943, 944, 945, 950, 960, 965, 970, 975, 985, 990, 1000, 1005, 1025, 1027, 1028, 1030, 1036, 1040, 1044, 1046, 1054, 1056, 1058, 1060, 1066, 1085, 1086, 1088, 1089, 1091, 1093, 1096, 1099, 1126, 1127, 1132, 1133, 1136, 1137, 1140, 1141, 1142, 1143, 1144, 1145, 1146, 1147, 1150, 1156, 1158, 1160, 1163, 1165, 1224, 1225, 1226, 1227, 1230, 1231, 1232, 1238, 1243, 1249, 1297, 1298, 1299, 1305, 1306, 1307, 1319, 1346, 1367, 1377, 1378, 1379, 1380, 1382, 1384, 1385, 1387, 1388, 1389, 1390, 1398, 1399, 1400, 1401, 1402, 1404, 1439, 1440, 1447, 1448, 1449, 1450, 1453, 1454, 1459, 1460, 1461, 1462, 1463, 1464, 1465, 1466, 1467, 1468, 1469, 1470, 1473, 1474, 1475, 1476, 1477, 1478, 1481, 1482, 1485, 1486, 1493, 1502, 1511, 1520, 1529, 1535, 1541, 1550, 1556, 1559, 1565, 1571, 1580, 1589, 1592, 1604, 1607, 1610, 1619, 1622, 1625, 1634, 1637, 1640]","[3, 5, 14, 16, 22, 24, 28, 30, 37, 39, 43, 45, 55, 57, 58, 59, 64, 65, 66, 67, 70, 82, 98, 110, 121, 127, 136, 152, 164, 168, 184, 192, 208, 212, 219, 220, 235, 236, 250, 251, 268, 269, 286, 289, 292, 296, 319, 323, 333, 335, 336, 338, 345, 347, 375, 377, 381, 383, 393, 395, 396, 398, 399, 401, 402, 404, 414, 416, 432, 434, 444, 446, 457, 458, 459, 463, 464, 472, 486, 513, 520, 554, 587, 624, 626, 630, 632, 639, 641, 672, 674, 681, 683, 690, 693, 696, 697, 710, 711, 713, 714, 716, 717, 722, 724, 729, 895, 896, 903, 909, 910, 911, 912, 929, 955, 980, 995, 1026, 1035, 1038, 1050, 1052, 1064, 1084, 1087, 1095, 1098, 1130, 1131, 1148, 1149, 1157, 1162, 1164, 1220, 1221, 1228, 1229, 1285, 1286, 1287, 1303, 1304, 1336, 1381, 1391, 1395, 1396, 1403, 1408, 1441, 1442, 1445, 1446, 1455, 1456, 1457, 1458, 1479, 1480, 1487, 1496, 1499, 1505, 1523, 1532, 1544, 1547, 1553, 1562, 1568, 1574, 1577, 1586, 1601, 1613, 1616]","[1, 10, 20, 26, 35, 41, 50, 53, 75, 76, 77, 79, 80, 81, 87, 88, 89, 91, 92, 93, 95, 96, 97, 107, 108, 109, 115, 116, 117, 119, 120, 125, 126, 131, 132, 141, 142, 143, 145, 146, 147, 149, 150, 151, 157, 158, 159, 161, 162, 163, 173, 174, 175, 177, 178, 179, 181, 182, 183, 189, 190, 191, 197, 198, 199, 201, 202, 203, 218, 227, 243, 246, 249, 255, 261, 264, 267, 273, 275, 276, 277, 279, 280, 313, 314, 315, 317, 318, 327, 328, 329, 331, 332, 340, 341, 343, 349, 352, 355, 358, 361, 367, 370, 379, 385, 388, 391, 406, 409, 418, 421, 427, 436, 439, 442, 448, 451, 466, 467, 468, 469, 470, 471, 480, 481, 482, 483, 484, 485, 494, 495, 496, 497, 498, 507, 508, 509, 510, 511, 512, 528, 529, 530, 531, 532, 533, 542, 543, 544, 545, 546, 547, 549, 550, 551, 552, 553, 562, 563, 564, 565, 566, 567, 569, 570, 571, 572, 573, 574, 576, 577, 578, 580, 581, 582, 592, 593, 594, 596, 597, 598, 600, 601, 602, 604, 605, 606, 616, 622, 628, 634, 637, 643, 646, 652, 658, 664, 667, 732, 733, 734, 735, 736, 737, 738, 739, 740, 741, 742, 743, 744, 745, 746, 747, 748, 749, 750, 751, 752, 753, 754, 755, 756, 757, 758, 759, 760, 761, 762, 763, 764, 765, 766, 767, 768, 769, 770, 771, 772, 773, 774, 775, 776, 777, 778, 779, 780, 781, 782, 783, 784, 785, 786, 787, 788, 789, 790, 791, 792, 793, 794, 795, 796, 797, 798, 799, 800, 801, 802, 803, 804, 805, 806, 807, 808, 809, 810, 811, 812, 813, 814, 815, 816, 817, 818, 819, 820, 821, 822, 823, 824, 825, 826, 827, 828, 829, 830, 831, 832, 833, 834, 835, 836, 837, 838, 839, 840, 841, 842, 843, 844, 845, 846, 847, 848, 849, 850, 851, 852, 853, 854, 855, 856, 857, 858, 859, 860, 861, 862, 863, 864, 865, 866, 867, 868, 869, 870, 871, 872, 873, 874, 875, 876, 877, 878, 879, 880, 881, 882, 883, 884, 885, 886, 887, 888, 889, 890, 891, 892, 893, 894, 920, 922, 924, 926, 928, 946, 947, 948, 949, 951, 952, 953, 954, 961, 962, 963, 964, 966, 967, 968, 969, 971, 972, 973, 974, 976, 977, 978, 979, 986, 987, 988, 989, 991, 992, 993, 994, 1001, 1002, 1003, 1004, 1006, 1007, 1008, 1009, 1034, 1037, 1041, 1045, 1047, 1055, 1057, 1059, 1061, 1067, 1068, 1069, 1070, 1071, 1072, 1073, 1074, 1075, 1076, 1077, 1078, 1079, 1080, 1081, 1082, 1083, 1100, 1101, 1102, 1103, 1104, 1105, 1106, 1107, 1108, 1109, 1110, 1111, 1112, 1113, 1114, 1115, 1116, 1117, 1118, 1119, 1120, 1121, 1122, 1123, 1124, 1125, 1151, 1152, 1154, 1155, 1166, 1167, 1168, 1169, 1170, 1171, 1172, 1173, 1174, 1175, 1176, 1177, 1178, 1179, 1180, 1181, 1182, 1183, 1184, 1185, 1186, 1187, 1188, 1189, 1190, 1191, 1192, 1193, 1194, 1195, 1196, 1197, 1198, 1199, 1200, 1201, 1202, 1203, 1204, 1205, 1206, 1207, 1208, 1209, 1210, 1211, 1212, 1213, 1214, 1215, 1216, 1217, 1218, 1219, 1233, 1234, 1235, 1236, 1237, 1239, 1240, 1241, 1242, 1244, 1245, 1246, 1247, 1248, 1250, 1251, 1252, 1253, 1254, 1255, 1256, 1257, 1258, 1259, 1260, 1261, 1262, 1263, 1264, 1265, 1266, 1267, 1268, 1269, 1270, 1271, 1272, 1273, 1274, 1275, 1276, 1277, 1278, 1279, 1280, 1281, 1282, 1283, 1284, 1300, 1301, 1302, 1308, 1309, 1310, 1311, 1312, 1313, 1314, 1315, 1316, 1317, 1318, 1320, 1321, 1322, 1323, 1324, 1325, 1326, 1327, 1347, 1348, 1349, 1350, 1351, 1352, 1353, 1354, 1355, 1368, 1369, 1370, 1371, 1372, 1373, 1374, 1375, 1376, 1405, 1406, 1407, 1409, 1410, 1411, 1412, 1413, 1414, 1415, 1416, 1417, 1418, 1419, 1420, 1421, 1422, 1423, 1424, 1425, 1426, 1427, 1428, 1429, 1430, 1431, 1432, 1433, 1434, 1435, 1436, 1494, 1495, 1503, 1504, 1512, 1513, 1514, 1515, 1516, 1521, 1522, 1530, 1531, 1536, 1537, 1542, 1543, 1551, 1552, 1557, 1558, 1560, 1561, 1566, 1567, 1572, 1573, 1581, 1582, 1590, 1591, 1593, 1594, 1605, 1606, 1608, 1609, 1611, 1612, 1620, 1621, 1623, 1624, 1626, 1627, 1635, 1636, 1638, 1639, 1641, 1642, 1643, 1644, 1645, 1646, 1647, 1648, 1649, 1650, 1651]",,,,,,
strength,Graph_semi_supervised,2,0,532,873,133,"[0, 2, 3, 5, 9, 11, 12, 13, 14, 16, 19, 21, 22, 24, 25, 27, 28, 30, 34, 36, 37, 39, 40, 42, 43, 45, 49, 51, 52, 54, 55, 57, 58, 59, 64, 65, 66, 67, 70, 74, 78, 82, 86, 90, 94, 98, 106, 110, 114, 118, 121, 124, 127, 130, 136, 140, 144, 148, 152, 156, 160, 164, 168, 172, 176, 180, 184, 188, 192, 196, 200, 208, 212, 216, 217, 219, 220, 225, 226, 228, 229, 235, 236, 241, 242, 244, 245, 247, 248, 250, 251, 253, 254, 259, 260, 262, 263, 265, 266, 268, 269, 271, 272, 274, 278, 286, 289, 292, 296, 312, 316, 319, 323, 326, 330, 333, 335, 336, 338, 339, 342, 344, 345, 347, 348, 350, 351, 353, 354, 356, 357, 359, 360, 362, 366, 368, 369, 371, 375, 377, 378, 380, 381, 383, 384, 386, 387, 389, 390, 392, 393, 395, 396, 398, 399, 401, 402, 404, 405, 407, 408, 410, 414, 416, 417, 419, 420, 422, 426, 428, 432, 434, 435, 437, 438, 440, 441, 443, 444, 446, 447, 449, 450, 452, 453, 454, 457, 458, 459, 460, 461, 463, 464, 465, 472, 479, 486, 493, 506, 513, 520, 527, 541, 548, 554, 561, 568, 575, 579, 587, 591, 595, 599, 603, 615, 617, 621, 623, 624, 626, 627, 629, 630, 632, 633, 635, 636, 638, 639, 641, 642, 644, 645, 647, 651, 653, 657, 659, 663, 665, 666, 668, 672, 674, 675, 677, 679, 680, 681, 682, 683, 684, 685, 687, 688, 689, 690, 691, 692, 693, 694, 695, 696, 697, 698, 699, 702, 703, 704, 705, 706, 707, 708, 709, 710, 711, 712, 713, 714, 715, 716, 717, 720, 722, 723, 724, 725, 726, 727, 728, 729, 730, 731, 895, 896, 897, 898, 899, 900, 902, 903, 905, 909, 910, 911, 912, 913, 914, 915, 916, 919, 921, 923, 925, 927, 929, 931, 932, 933, 934, 937, 938, 939, 940, 941, 942, 943, 944, 945, 950, 955, 960, 965, 970, 975, 980, 985, 990, 995, 1000, 1005, 1025, 1026, 1027, 1028, 1030, 1035, 1036, 1038, 1040, 1044, 1046, 1050, 1052, 1054, 1056, 1058, 1060, 1064, 1066, 1084, 1085, 1086, 1087, 1088, 1089, 1091, 1093, 1095, 1096, 1098, 1099, 1126, 1127, 1130, 1131, 1132, 1133, 1136, 1137, 1140, 1141, 1142, 1143, 1144, 1145, 1146, 1147, 1148, 1149, 1150, 1156, 1157, 1158, 1160, 1162, 1163, 1164, 1165, 1220, 1221, 1224, 1225, 1226, 1227, 1228, 1229, 1230, 1231, 1232, 1238, 1243, 1249, 1285, 1286, 1287, 1297, 1298, 1299, 1303, 1304, 1305, 1306, 1307, 1319, 1336, 1346, 1367, 1377, 1378, 1379, 1380, 1381, 1382, 1384, 1385, 1387, 1388, 1389, 1390, 1391, 1395, 1396, 1398, 1399, 1400, 1401, 1402, 1403, 1404, 1408, 1439, 1440, 1441, 1442, 1445, 1446, 1447, 1448, 1449, 1450, 1453, 1454, 1455, 1456, 1457, 1458, 1459, 1460, 1461, 1462, 1463, 1464, 1465, 1466, 1467, 1468, 1469, 1470, 1473, 1474, 1475, 1476, 1477, 1478, 1479, 1480, 1481, 1482, 1485, 1486, 1487, 1493, 1496, 1499, 1502, 1505, 1511, 1520, 1523, 1529, 1532, 1535, 1541, 1544, 1547, 1550, 1553, 1556, 1559, 1562, 1565, 1568, 1571, 1574, 1577, 1580, 1586, 1589, 1592, 1601, 1604, 1607, 1610, 1613, 1616, 1619, 1622, 1625, 1634, 1637, 1640]","[6, 8, 17, 18, 31, 33, 46, 48, 60, 61, 62, 63, 68, 69, 102, 133, 204, 222, 223, 230, 231, 233, 234, 238, 239, 256, 257, 281, 284, 299, 302, 305, 309, 363, 365, 372, 374, 411, 413, 423, 425, 429, 431, 455, 456, 462, 499, 534, 583, 607, 611, 618, 620, 648, 650, 654, 656, 660, 662, 669, 671, 676, 678, 686, 700, 701, 718, 719, 721, 901, 904, 906, 907, 908, 917, 935, 936, 1010, 1015, 1020, 1024, 1029, 1031, 1032, 1033, 1042, 1048, 1062, 1090, 1092, 1094, 1097, 1128, 1129, 1134, 1135, 1138, 1139, 1153, 1159, 1161, 1222, 1223, 1291, 1292, 1293, 1328, 1356, 1383, 1386, 1392, 1393, 1394, 1397, 1437, 1438, 1443, 1444, 1452, 1471, 1472, 1483, 1484, 1490, 1508, 1517, 1526, 1538, 1583, 1595, 1598, 1628, 1631]","[1, 4, 10, 15, 20, 23, 26, 29, 35, 38, 41, 44, 50, 53, 56, 71, 72, 73, 75, 76, 77, 79, 80, 81, 83, 84, 85, 87, 88, 89, 91, 92, 93, 95, 96, 97, 99, 100, 101, 107, 108, 109, 111, 112, 113, 115, 116, 117, 119, 120, 122, 123, 125, 126, 128, 129, 131, 132, 137, 138, 139, 141, 142, 143, 145, 146, 147, 149, 150, 151, 153, 154, 155, 157, 158, 159, 161, 162, 163, 165, 166, 167, 169, 170, 171, 173, 174, 175, 177, 178, 179, 181, 182, 183, 185, 186, 187, 189, 190, 191, 193, 194, 195, 197, 198, 199, 201, 202, 203, 209, 210, 211, 213, 214, 215, 218, 221, 227, 237, 243, 246, 249, 252, 255, 261, 264, 267, 270, 273, 275, 276, 277, 279, 280, 287, 288, 290, 291, 293, 294, 295, 297, 298, 313, 314, 315, 317, 318, 320, 321, 322, 324, 325, 327, 328, 329, 331, 332, 334, 337, 340, 341, 343, 346, 349, 352, 355, 358, 361, 367, 370, 376, 379, 382, 385, 388, 391, 394, 397, 400, 403, 406, 409, 415, 418, 421, 427, 433, 436, 439, 442, 445, 448, 451, 466, 467, 468, 469, 470, 471, 473, 474, 475, 476, 477, 478, 480, 481, 482, 483, 484, 485, 487, 488, 489, 490, 491, 492, 494, 495, 496, 497, 498, 507, 508, 509, 510, 511, 512, 514, 515, 516, 517, 518, 519, 521, 522, 523, 524, 525, 526, 528, 529, 530, 531, 532, 533, 542, 543, 544, 545, 546, 547, 549, 550, 551, 552, 553, 555, 556, 557, 558, 559, 560, 562, 563, 564, 565, 566, 567, 569, 570, 571, 572, 573, 574, 576, 577, 578, 580, 581, 582, 588, 589, 590, 592, 593, 594, 596, 597, 598, 600, 601, 602, 604, 605, 606, 616, 622, 625, 628, 631, 634, 637, 640, 643, 646, 652, 658, 664, 667, 673, 732, 733, 734, 735, 736, 737, 738, 739, 740, 741, 742, 743, 744, 745, 746, 747, 748, 749, 750, 751, 752, 753, 754, 755, 756, 757, 758, 759, 760, 761, 762, 763, 764, 765, 766, 767, 768, 769, 770, 771, 772, 773, 774, 775, 776, 777, 778, 779, 780, 781, 782, 783, 784, 785, 786, 787, 788, 789, 790, 791, 792, 793, 794, 795, 796, 797, 798, 799, 800, 801, 802, 803, 804, 805, 806, 807, 808, 809, 810, 811, 812, 813, 814, 815, 816, 817, 818, 819, 820, 821, 822, 823, 824, 825, 826, 827, 828, 829, 830, 831, 832, 833, 834, 835, 836, 837, 838, 839, 840, 841, 842, 843, 844, 845, 846, 847, 848, 849, 850, 851, 852, 853, 854, 855, 856, 857, 858, 859, 860, 861, 862, 863, 864, 865, 866, 867, 868, 869, 870, 871, 872, 873, 874, 875, 876, 877, 878, 879, 880, 881, 882, 883, 884, 885, 886, 887, 888, 889, 890, 891, 892, 893, 894, 920, 922, 924, 926, 928, 930, 946, 947, 948, 949, 951, 952, 953, 954, 956, 957, 958, 959, 961, 962, 963, 964, 966, 967, 968, 969, 971, 972, 973, 974, 976, 977, 978, 979, 981, 982, 983, 984, 986, 987, 988, 989, 991, 992, 993, 994, 996, 997, 998, 999, 1001, 1002, 1003, 1004, 1006, 1007, 1008, 1009, 1034, 1037, 1039, 1041, 1045, 1047, 1051, 1053, 1055, 1057, 1059, 1061, 1065, 1067, 1068, 1069, 1070, 1071, 1072, 1073, 1074, 1075, 1076, 1077, 1078, 1079, 1080, 1081, 1082, 1083, 1100, 1101, 1102, 1103, 1104, 1105, 1106, 1107, 1108, 1109, 1110, 1111, 1112, 1113, 1114, 1115, 1116, 1117, 1118, 1119, 1120, 1121, 1122, 1123, 1124, 1125, 1151, 1152, 1154, 1155, 1166, 1167, 1168, 1169, 1170, 1171, 1172, 1173, 1174, 1175, 1176, 1177, 1178, 1179, 1180, 1181, 1182, 1183, 1184, 1185, 1186, 1187, 1188, 1189, 1190, 1191, 1192, 1193, 1194, 1195, 1196, 1197, 1198, 1199, 1200, 1201, 1202, 1203, 1204, 1205, 1206, 1207, 1208, 1209, 1210, 1211, 1212, 1213, 1214, 1215, 1216, 1217, 1218, 1219, 1233, 1234, 1235, 1236, 1237, 1239, 1240, 1241, 1242, 1244, 1245, 1246, 1247, 1248, 1250, 1251, 1252, 1253, 1254, 1255, 1256, 1257, 1258, 1259, 1260, 1261, 1262, 1263, 1264, 1265, 1266, 1267, 1268, 1269, 1270, 1271, 1272, 1273, 1274, 1275, 1276, 1277, 1278, 1279, 1280, 1281, 1282, 1283, 1284, 1288, 1289, 1290, 1300, 1301, 1302, 1308, 1309, 1310, 1311, 1312, 1313, 1314, 1315, 1316, 1317, 1318, 1320, 1321, 1322, 1323, 1324, 1325, 1326, 1327, 1337, 1338, 1339, 1340, 1341, 1342, 1343, 1344, 1345, 1347, 1348, 1349, 1350, 1351, 1352, 1353, 1354, 1355, 1368, 1369, 1370, 1371, 1372, 1373, 1374, 1375, 1376, 1405, 1406, 1407, 1409, 1410, 1411, 1412, 1413, 1414, 1415, 1416, 1417, 1418, 1419, 1420, 1421, 1422, 1423, 1424, 1425, 1426, 1427, 1428, 1429, 1430, 1431, 1432, 1433, 1434, 1435, 1436, 1488, 1489, 1494, 1495, 1497, 1498, 1500, 1501, 1503, 1504, 1506, 1507, 1512, 1513, 1514, 1515, 1516, 1521, 1522, 1524, 1525, 1530, 1531, 1533, 1534, 1536, 1537, 1542, 1543, 1545, 1546, 1548, 1549, 1551, 1552, 1554, 1555, 1557, 1558, 1560, 1561, 1563, 1564, 1566, 1567, 1569, 1570, 1572, 1573, 1575, 1576, 1578, 1579, 1581, 1582, 1587, 1588, 1590, 1591, 1593, 1594, 1602, 1603, 1605, 1606, 1608, 1609, 1611, 1612, 1614, 1615, 1617, 1618, 1620, 1621, 1623, 1624, 1626, 1627, 1635, 1636, 1638, 1639, 1641, 1642, 1643, 1644, 1645, 1646, 1647, 1648, 1649, 1650, 1651]",1405.0,8783.0,19.0,6.0,0.002679642864128368,1.3217333403114617
strength,Nystroem_Ridge_control,3,1,354,0,178,"[6, 8, 9, 11, 14, 16, 17, 18, 22, 24, 28, 30, 31, 33, 34, 36, 40, 42, 43, 45, 46, 48, 55, 57, 58, 59, 60, 61, 62, 63, 64, 65, 66, 67, 78, 82, 86, 90, 106, 110, 118, 121, 124, 127, 136, 144, 152, 168, 176, 180, 184, 192, 196, 208, 222, 223, 225, 226, 228, 229, 233, 234, 235, 236, 238, 239, 241, 242, 247, 248, 250, 251, 253, 254, 256, 257, 299, 302, 312, 316, 319, 323, 333, 335, 336, 338, 345, 347, 351, 353, 354, 356, 363, 365, 369, 371, 375, 377, 393, 395, 396, 398, 399, 401, 405, 407, 411, 413, 414, 416, 420, 422, 423, 425, 429, 431, 432, 434, 444, 446, 453, 455, 456, 458, 460, 463, 465, 472, 479, 513, 520, 534, 554, 568, 583, 587, 595, 603, 618, 620, 624, 626, 630, 632, 642, 644, 645, 647, 648, 650, 654, 656, 657, 659, 660, 662, 666, 668, 672, 674, 677, 678, 680, 681, 683, 686, 690, 691, 692, 693, 694, 695, 708, 709, 710, 711, 713, 714, 715, 716, 717, 719, 721, 722, 723, 724, 725, 726, 729, 895, 898, 900, 901, 902, 903, 904, 906, 907, 908, 909, 910, 911, 912, 915, 916, 917, 919, 925, 929, 931, 932, 935, 936, 937, 938, 941, 942, 943, 944, 955, 960, 965, 1000, 1015, 1025, 1026, 1028, 1029, 1030, 1031, 1032, 1033, 1036, 1038, 1040, 1042, 1048, 1050, 1052, 1062, 1064, 1084, 1087, 1088, 1090, 1092, 1095, 1096, 1097, 1098, 1099, 1126, 1127, 1130, 1131, 1138, 1139, 1146, 1147, 1148, 1149, 1153, 1156, 1157, 1159, 1160, 1162, 1164, 1222, 1223, 1228, 1229, 1238, 1243, 1285, 1286, 1287, 1291, 1292, 1293, 1297, 1298, 1299, 1303, 1304, 1328, 1346, 1385, 1386, 1387, 1390, 1391, 1394, 1396, 1397, 1403, 1404, 1441, 1442, 1443, 1444, 1445, 1446, 1449, 1450, 1453, 1454, 1455, 1456, 1459, 1460, 1463, 1464, 1465, 1466, 1469, 1470, 1473, 1474, 1481, 1482, 1483, 1484, 1487, 1490, 1493, 1499, 1502, 1505, 1508, 1511, 1523, 1526, 1532, 1538, 1541, 1544, 1547, 1550, 1556, 1574, 1577, 1580, 1583, 1586, 1595, 1598, 1601, 1604, 1613, 1616, 1619, 1628, 1631]","[0, 2, 25, 27, 52, 54, 68, 69, 74, 102, 114, 133, 140, 156, 160, 188, 200, 204, 216, 217, 230, 231, 262, 263, 265, 266, 271, 272, 281, 284, 305, 309, 326, 330, 339, 342, 344, 348, 350, 357, 359, 366, 368, 372, 374, 384, 386, 387, 389, 408, 410, 417, 419, 426, 428, 441, 443, 447, 449, 454, 462, 493, 499, 506, 527, 541, 548, 561, 575, 599, 607, 611, 621, 623, 627, 629, 663, 665, 669, 671, 676, 682, 685, 688, 689, 698, 699, 700, 701, 702, 703, 704, 705, 706, 707, 712, 718, 727, 730, 731, 897, 899, 913, 914, 933, 934, 939, 940, 950, 985, 1010, 1020, 1024, 1027, 1044, 1054, 1056, 1058, 1060, 1066, 1091, 1094, 1128, 1129, 1132, 1133, 1134, 1135, 1140, 1141, 1142, 1143, 1158, 1161, 1163, 1165, 1224, 1225, 1226, 1227, 1305, 1306, 1307, 1319, 1356, 1367, 1377, 1378, 1379, 1380, 1383, 1388, 1389, 1392, 1393, 1398, 1400, 1401, 1437, 1438, 1452, 1467, 1468, 1471, 1472, 1475, 1476, 1517, 1529, 1535, 1559, 1565, 1571, 1592, 1607, 1622, 1625, 1640]",[],,,,,,
strength,Nystroem_Ridge_control,3,2,355,0,177,"[0, 2, 6, 8, 14, 16, 17, 18, 22, 24, 25, 27, 28, 30, 43, 45, 46, 48, 52, 54, 55, 57, 58, 59, 60, 61, 62, 63, 64, 65, 66, 67, 68, 69, 74, 82, 102, 110, 114, 121, 127, 133, 136, 140, 152, 156, 160, 168, 184, 188, 192, 200, 204, 208, 216, 217, 222, 223, 230, 231, 233, 234, 235, 236, 250, 251, 262, 263, 265, 266, 271, 272, 281, 284, 299, 302, 305, 309, 319, 323, 326, 330, 333, 335, 336, 338, 339, 342, 344, 345, 347, 348, 350, 357, 359, 366, 368, 372, 374, 375, 377, 384, 386, 387, 389, 393, 395, 396, 398, 399, 401, 408, 410, 411, 413, 414, 416, 417, 419, 426, 428, 432, 434, 441, 443, 444, 446, 447, 449, 454, 456, 458, 462, 463, 472, 493, 499, 506, 513, 520, 527, 534, 541, 548, 554, 561, 575, 583, 587, 599, 607, 611, 621, 623, 624, 626, 627, 629, 630, 632, 660, 662, 663, 665, 669, 671, 672, 674, 676, 678, 681, 682, 683, 685, 686, 688, 689, 690, 693, 698, 699, 700, 701, 702, 703, 704, 705, 706, 707, 710, 711, 712, 713, 714, 716, 717, 718, 721, 722, 724, 727, 729, 730, 731, 895, 897, 899, 901, 903, 904, 907, 908, 909, 910, 911, 912, 913, 914, 917, 929, 933, 934, 939, 940, 950, 955, 985, 1010, 1015, 1020, 1024, 1026, 1027, 1038, 1042, 1044, 1048, 1050, 1052, 1054, 1056, 1058, 1060, 1062, 1064, 1066, 1084, 1087, 1091, 1094, 1095, 1097, 1098, 1128, 1129, 1130, 1131, 1132, 1133, 1134, 1135, 1140, 1141, 1142, 1143, 1148, 1149, 1153, 1157, 1158, 1161, 1162, 1163, 1164, 1165, 1224, 1225, 1226, 1227, 1228, 1229, 1285, 1286, 1287, 1291, 1292, 1293, 1303, 1304, 1305, 1306, 1307, 1319, 1356, 1367, 1377, 1378, 1379, 1380, 1383, 1388, 1389, 1391, 1392, 1393, 1394, 1396, 1398, 1400, 1401, 1403, 1437, 1438, 1441, 1442, 1443, 1444, 1445, 1446, 1452, 1455, 1456, 1467, 1468, 1471, 1472, 1475, 1476, 1487, 1499, 1505, 1517, 1523, 1529, 1532, 1535, 1544, 1547, 1559, 1565, 1571, 1574, 1577, 1583, 1586, 1592, 1601, 1607, 1613, 1616, 1622, 1625, 1628, 1631, 1640]","[9, 11, 31, 33, 34, 36, 40, 42, 78, 86, 90, 106, 118, 124, 144, 176, 180, 196, 225, 226, 228, 229, 238, 239, 241, 242, 247, 248, 253, 254, 256, 257, 312, 316, 351, 353, 354, 356, 363, 365, 369, 371, 405, 407, 420, 422, 423, 425, 429, 431, 453, 455, 460, 465, 479, 568, 595, 603, 618, 620, 642, 644, 645, 647, 648, 650, 654, 656, 657, 659, 666, 668, 677, 680, 691, 692, 694, 695, 708, 709, 715, 719, 723, 725, 726, 898, 900, 902, 906, 915, 916, 919, 925, 931, 932, 935, 936, 937, 938, 941, 942, 943, 944, 960, 965, 1000, 1025, 1028, 1029, 1030, 1031, 1032, 1033, 1036, 1040, 1088, 1090, 1092, 1096, 1099, 1126, 1127, 1138, 1139, 1146, 1147, 1156, 1159, 1160, 1222, 1223, 1238, 1243, 1297, 1298, 1299, 1328, 1346, 1385, 1386, 1387, 1390, 1397, 1404, 1449, 1450, 1453, 1454, 1459, 1460, 1463, 1464, 1465, 1466, 1469, 1470, 1473, 1474, 1481, 1482, 1483, 1484, 1490, 1493, 1502, 1508, 1511, 1526, 1538, 1541, 1550, 1556, 1580, 1595, 1598, 1604, 1619]",[],,,,,,
strength,Nystroem_Ridge_control,3,3,355,0,177,"[0, 2, 9, 11, 25, 27, 31, 33, 34, 36, 40, 42, 52, 54, 68, 69, 74, 78, 86, 90, 102, 106, 114, 118, 124, 133, 140, 144, 156, 160, 176, 180, 188, 196, 200, 204, 216, 217, 225, 226, 228, 229, 230, 231, 238, 239, 241, 242, 247, 248, 253, 254, 256, 257, 262, 263, 265, 266, 271, 272, 281, 284, 305, 309, 312, 316, 326, 330, 339, 342, 344, 348, 350, 351, 353, 354, 356, 357, 359, 363, 365, 366, 368, 369, 371, 372, 374, 384, 386, 387, 389, 405, 407, 408, 410, 417, 419, 420, 422, 423, 425, 426, 428, 429, 431, 441, 443, 447, 449, 453, 454, 455, 460, 462, 465, 479, 493, 499, 506, 527, 541, 548, 561, 568, 575, 595, 599, 603, 607, 611, 618, 620, 621, 623, 627, 629, 642, 644, 645, 647, 648, 650, 654, 656, 657, 659, 663, 665, 666, 668, 669, 671, 676, 677, 680, 682, 685, 688, 689, 691, 692, 694, 695, 698, 699, 700, 701, 702, 703, 704, 705, 706, 707, 708, 709, 712, 715, 718, 719, 723, 725, 726, 727, 730, 731, 897, 898, 899, 900, 902, 906, 913, 914, 915, 916, 919, 925, 931, 932, 933, 934, 935, 936, 937, 938, 939, 940, 941, 942, 943, 944, 950, 960, 965, 985, 1000, 1010, 1020, 1024, 1025, 1027, 1028, 1029, 1030, 1031, 1032, 1033, 1036, 1040, 1044, 1054, 1056, 1058, 1060, 1066, 1088, 1090, 1091, 1092, 1094, 1096, 1099, 1126, 1127, 1128, 1129, 1132, 1133, 1134, 1135, 1138, 1139, 1140, 1141, 1142, 1143, 1146, 1147, 1156, 1158, 1159, 1160, 1161, 1163, 1165, 1222, 1223, 1224, 1225, 1226, 1227, 1238, 1243, 1297, 1298, 1299, 1305, 1306, 1307, 1319, 1328, 1346, 1356, 1367, 1377, 1378, 1379, 1380, 1383, 1385, 1386, 1387, 1388, 1389, 1390, 1392, 1393, 1397, 1398, 1400, 1401, 1404, 1437, 1438, 1449, 1450, 1452, 1453, 1454, 1459, 1460, 1463, 1464, 1465, 1466, 1467, 1468, 1469, 1470, 1471, 1472, 1473, 1474, 1475, 1476, 1481, 1482, 1483, 1484, 1490, 1493, 1502, 1508, 1511, 1517, 1526, 1529, 1535, 1538, 1541, 1550, 1556, 1559, 1565, 1571, 1580, 1592, 1595, 1598, 1604, 1607, 1619, 1622, 1625, 1640]","[6, 8, 14, 16, 17, 18, 22, 24, 28, 30, 43, 45, 46, 48, 55, 57, 58, 59, 60, 61, 62, 63, 64, 65, 66, 67, 82, 110, 121, 127, 136, 152, 168, 184, 192, 208, 222, 223, 233, 234, 235, 236, 250, 251, 299, 302, 319, 323, 333, 335, 336, 338, 345, 347, 375, 377, 393, 395, 396, 398, 399, 401, 411, 413, 414, 416, 432, 434, 444, 446, 456, 458, 463, 472, 513, 520, 534, 554, 583, 587, 624, 626, 630, 632, 660, 662, 672, 674, 678, 681, 683, 686, 690, 693, 710, 711, 713, 714, 716, 717, 721, 722, 724, 729, 895, 901, 903, 904, 907, 908, 909, 910, 911, 912, 917, 929, 955, 1015, 1026, 1038, 1042, 1048, 1050, 1052, 1062, 1064, 1084, 1087, 1095, 1097, 1098, 1130, 1131, 1148, 1149, 1153, 1157, 1162, 1164, 1228, 1229, 1285, 1286, 1287, 1291, 1292, 1293, 1303, 1304, 1391, 1394, 1396, 1403, 1441, 1442, 1443, 1444, 1445, 1446, 1455, 1456, 1487, 1499, 1505, 1523, 1532, 1544, 1547, 1574, 1577, 1583, 1586, 1601, 1613, 1616, 1628, 1631]",[],,,,,,
strength,Nystroem_Ridge_control,3,0,532,0,133,"[0, 2, 6, 8, 9, 11, 14, 16, 17, 18, 22, 24, 25, 27, 28, 30, 31, 33, 34, 36, 40, 42, 43, 45, 46, 48, 52, 54, 55, 57, 58, 59, 60, 61, 62, 63, 64, 65, 66, 67, 68, 69, 74, 78, 82, 86, 90, 102, 106, 110, 114, 118, 121, 124, 127, 133, 136, 140, 144, 152, 156, 160, 168, 176, 180, 184, 188, 192, 196, 200, 204, 208, 216, 217, 222, 223, 225, 226, 228, 229, 230, 231, 233, 234, 235, 236, 238, 239, 241, 242, 247, 248, 250, 251, 253, 254, 256, 257, 262, 263, 265, 266, 271, 272, 281, 284, 299, 302, 305, 309, 312, 316, 319, 323, 326, 330, 333, 335, 336, 338, 339, 342, 344, 345, 347, 348, 350, 351, 353, 354, 356, 357, 359, 363, 365, 366, 368, 369, 371, 372, 374, 375, 377, 384, 386, 387, 389, 393, 395, 396, 398, 399, 401, 405, 407, 408, 410, 411, 413, 414, 416, 417, 419, 420, 422, 423, 425, 426, 428, 429, 431, 432, 434, 441, 443, 444, 446, 447, 449, 453, 454, 455, 456, 458, 460, 462, 463, 465, 472, 479, 493, 499, 506, 513, 520, 527, 534, 541, 548, 554, 561, 568, 575, 583, 587, 595, 599, 603, 607, 611, 618, 620, 621, 623, 624, 626, 627, 629, 630, 632, 642, 644, 645, 647, 648, 650, 654, 656, 657, 659, 660, 662, 663, 665, 666, 668, 669, 671, 672, 674, 676, 677, 678, 680, 681, 682, 683, 685, 686, 688, 689, 690, 691, 692, 693, 694, 695, 698, 699, 700, 701, 702, 703, 704, 705, 706, 707, 708, 709, 710, 711, 712, 713, 714, 715, 716, 717, 718, 719, 721, 722, 723, 724, 725, 726, 727, 729, 730, 731, 895, 897, 898, 899, 900, 901, 902, 903, 904, 906, 907, 908, 909, 910, 911, 912, 913, 914, 915, 916, 917, 919, 925, 929, 931, 932, 933, 934, 935, 936, 937, 938, 939, 940, 941, 942, 943, 944, 950, 955, 960, 965, 985, 1000, 1010, 1015, 1020, 1024, 1025, 1026, 1027, 1028, 1029, 1030, 1031, 1032, 1033, 1036, 1038, 1040, 1042, 1044, 1048, 1050, 1052, 1054, 1056, 1058, 1060, 1062, 1064, 1066, 1084, 1087, 1088, 1090, 1091, 1092, 1094, 1095, 1096, 1097, 1098, 1099, 1126, 1127, 1128, 1129, 1130, 1131, 1132, 1133, 1134, 1135, 1138, 1139, 1140, 1141, 1142, 1143, 1146, 1147, 1148, 1149, 1153, 1156, 1157, 1158, 1159, 1160, 1161, 1162, 1163, 1164, 1165, 1222, 1223, 1224, 1225, 1226, 1227, 1228, 1229, 1238, 1243, 1285, 1286, 1287, 1291, 1292, 1293, 1297, 1298, 1299, 1303, 1304, 1305, 1306, 1307, 1319, 1328, 1346, 1356, 1367, 1377, 1378, 1379, 1380, 1383, 1385, 1386, 1387, 1388, 1389, 1390, 1391, 1392, 1393, 1394, 1396, 1397, 1398, 1400, 1401, 1403, 1404, 1437, 1438, 1441, 1442, 1443, 1444, 1445, 1446, 1449, 1450, 1452, 1453, 1454, 1455, 1456, 1459, 1460, 1463, 1464, 1465, 1466, 1467, 1468, 1469, 1470, 1471, 1472, 1473, 1474, 1475, 1476, 1481, 1482, 1483, 1484, 1487, 1490, 1493, 1499, 1502, 1505, 1508, 1511, 1517, 1523, 1526, 1529, 1532, 1535, 1538, 1541, 1544, 1547, 1550, 1556, 1559, 1565, 1571, 1574, 1577, 1580, 1583, 1586, 1592, 1595, 1598, 1601, 1604, 1607, 1613, 1616, 1619, 1622, 1625, 1628, 1631, 1640]","[3, 5, 12, 13, 19, 21, 37, 39, 49, 51, 70, 94, 98, 130, 148, 164, 172, 212, 219, 220, 244, 245, 259, 260, 268, 269, 274, 278, 286, 289, 292, 296, 360, 362, 378, 380, 381, 383, 390, 392, 402, 404, 435, 437, 438, 440, 450, 452, 457, 459, 461, 464, 486, 579, 591, 615, 617, 633, 635, 636, 638, 639, 641, 651, 653, 675, 679, 684, 687, 696, 697, 720, 728, 896, 905, 921, 923, 927, 945, 970, 975, 980, 990, 995, 1005, 1035, 1046, 1085, 1086, 1089, 1093, 1136, 1137, 1144, 1145, 1150, 1220, 1221, 1230, 1231, 1232, 1249, 1336, 1381, 1382, 1384, 1395, 1399, 1402, 1408, 1439, 1440, 1447, 1448, 1457, 1458, 1461, 1462, 1477, 1478, 1479, 1480, 1485, 1486, 1496, 1520, 1553, 1562, 1568, 1589, 1610, 1634, 1637]",[],532.0,0.0,0.0,0.0,0.0,
strength,Graph_labeled_only,3,1,354,0,178,"[6, 8, 9, 11, 14, 16, 17, 18, 22, 24, 28, 30, 31, 33, 34, 36, 40, 42, 43, 45, 46, 48, 55, 57, 58, 59, 60, 61, 62, 63, 64, 65, 66, 67, 78, 82, 86, 90, 106, 110, 118, 121, 124, 127, 136, 144, 152, 168, 176, 180, 184, 192, 196, 208, 222, 223, 225, 226, 228, 229, 233, 234, 235, 236, 238, 239, 241, 242, 247, 248, 250, 251, 253, 254, 256, 257, 299, 302, 312, 316, 319, 323, 333, 335, 336, 338, 345, 347, 351, 353, 354, 356, 363, 365, 369, 371, 375, 377, 393, 395, 396, 398, 399, 401, 405, 407, 411, 413, 414, 416, 420, 422, 423, 425, 429, 431, 432, 434, 444, 446, 453, 455, 456, 458, 460, 463, 465, 472, 479, 513, 520, 534, 554, 568, 583, 587, 595, 603, 618, 620, 624, 626, 630, 632, 642, 644, 645, 647, 648, 650, 654, 656, 657, 659, 660, 662, 666, 668, 672, 674, 677, 678, 680, 681, 683, 686, 690, 691, 692, 693, 694, 695, 708, 709, 710, 711, 713, 714, 715, 716, 717, 719, 721, 722, 723, 724, 725, 726, 729, 895, 898, 900, 901, 902, 903, 904, 906, 907, 908, 909, 910, 911, 912, 915, 916, 917, 919, 925, 929, 931, 932, 935, 936, 937, 938, 941, 942, 943, 944, 955, 960, 965, 1000, 1015, 1025, 1026, 1028, 1029, 1030, 1031, 1032, 1033, 1036, 1038, 1040, 1042, 1048, 1050, 1052, 1062, 1064, 1084, 1087, 1088, 1090, 1092, 1095, 1096, 1097, 1098, 1099, 1126, 1127, 1130, 1131, 1138, 1139, 1146, 1147, 1148, 1149, 1153, 1156, 1157, 1159, 1160, 1162, 1164, 1222, 1223, 1228, 1229, 1238, 1243, 1285, 1286, 1287, 1291, 1292, 1293, 1297, 1298, 1299, 1303, 1304, 1328, 1346, 1385, 1386, 1387, 1390, 1391, 1394, 1396, 1397, 1403, 1404, 1441, 1442, 1443, 1444, 1445, 1446, 1449, 1450, 1453, 1454, 1455, 1456, 1459, 1460, 1463, 1464, 1465, 1466, 1469, 1470, 1473, 1474, 1481, 1482, 1483, 1484, 1487, 1490, 1493, 1499, 1502, 1505, 1508, 1511, 1523, 1526, 1532, 1538, 1541, 1544, 1547, 1550, 1556, 1574, 1577, 1580, 1583, 1586, 1595, 1598, 1601, 1604, 1613, 1616, 1619, 1628, 1631]","[0, 2, 25, 27, 52, 54, 68, 69, 74, 102, 114, 133, 140, 156, 160, 188, 200, 204, 216, 217, 230, 231, 262, 263, 265, 266, 271, 272, 281, 284, 305, 309, 326, 330, 339, 342, 344, 348, 350, 357, 359, 366, 368, 372, 374, 384, 386, 387, 389, 408, 410, 417, 419, 426, 428, 441, 443, 447, 449, 454, 462, 493, 499, 506, 527, 541, 548, 561, 575, 599, 607, 611, 621, 623, 627, 629, 663, 665, 669, 671, 676, 682, 685, 688, 689, 698, 699, 700, 701, 702, 703, 704, 705, 706, 707, 712, 718, 727, 730, 731, 897, 899, 913, 914, 933, 934, 939, 940, 950, 985, 1010, 1020, 1024, 1027, 1044, 1054, 1056, 1058, 1060, 1066, 1091, 1094, 1128, 1129, 1132, 1133, 1134, 1135, 1140, 1141, 1142, 1143, 1158, 1161, 1163, 1165, 1224, 1225, 1226, 1227, 1305, 1306, 1307, 1319, 1356, 1367, 1377, 1378, 1379, 1380, 1383, 1388, 1389, 1392, 1393, 1398, 1400, 1401, 1437, 1438, 1452, 1467, 1468, 1471, 1472, 1475, 1476, 1517, 1529, 1535, 1559, 1565, 1571, 1592, 1607, 1622, 1625, 1640]",[],,,,,,
strength,Graph_labeled_only,3,2,355,0,177,"[0, 2, 6, 8, 14, 16, 17, 18, 22, 24, 25, 27, 28, 30, 43, 45, 46, 48, 52, 54, 55, 57, 58, 59, 60, 61, 62, 63, 64, 65, 66, 67, 68, 69, 74, 82, 102, 110, 114, 121, 127, 133, 136, 140, 152, 156, 160, 168, 184, 188, 192, 200, 204, 208, 216, 217, 222, 223, 230, 231, 233, 234, 235, 236, 250, 251, 262, 263, 265, 266, 271, 272, 281, 284, 299, 302, 305, 309, 319, 323, 326, 330, 333, 335, 336, 338, 339, 342, 344, 345, 347, 348, 350, 357, 359, 366, 368, 372, 374, 375, 377, 384, 386, 387, 389, 393, 395, 396, 398, 399, 401, 408, 410, 411, 413, 414, 416, 417, 419, 426, 428, 432, 434, 441, 443, 444, 446, 447, 449, 454, 456, 458, 462, 463, 472, 493, 499, 506, 513, 520, 527, 534, 541, 548, 554, 561, 575, 583, 587, 599, 607, 611, 621, 623, 624, 626, 627, 629, 630, 632, 660, 662, 663, 665, 669, 671, 672, 674, 676, 678, 681, 682, 683, 685, 686, 688, 689, 690, 693, 698, 699, 700, 701, 702, 703, 704, 705, 706, 707, 710, 711, 712, 713, 714, 716, 717, 718, 721, 722, 724, 727, 729, 730, 731, 895, 897, 899, 901, 903, 904, 907, 908, 909, 910, 911, 912, 913, 914, 917, 929, 933, 934, 939, 940, 950, 955, 985, 1010, 1015, 1020, 1024, 1026, 1027, 1038, 1042, 1044, 1048, 1050, 1052, 1054, 1056, 1058, 1060, 1062, 1064, 1066, 1084, 1087, 1091, 1094, 1095, 1097, 1098, 1128, 1129, 1130, 1131, 1132, 1133, 1134, 1135, 1140, 1141, 1142, 1143, 1148, 1149, 1153, 1157, 1158, 1161, 1162, 1163, 1164, 1165, 1224, 1225, 1226, 1227, 1228, 1229, 1285, 1286, 1287, 1291, 1292, 1293, 1303, 1304, 1305, 1306, 1307, 1319, 1356, 1367, 1377, 1378, 1379, 1380, 1383, 1388, 1389, 1391, 1392, 1393, 1394, 1396, 1398, 1400, 1401, 1403, 1437, 1438, 1441, 1442, 1443, 1444, 1445, 1446, 1452, 1455, 1456, 1467, 1468, 1471, 1472, 1475, 1476, 1487, 1499, 1505, 1517, 1523, 1529, 1532, 1535, 1544, 1547, 1559, 1565, 1571, 1574, 1577, 1583, 1586, 1592, 1601, 1607, 1613, 1616, 1622, 1625, 1628, 1631, 1640]","[9, 11, 31, 33, 34, 36, 40, 42, 78, 86, 90, 106, 118, 124, 144, 176, 180, 196, 225, 226, 228, 229, 238, 239, 241, 242, 247, 248, 253, 254, 256, 257, 312, 316, 351, 353, 354, 356, 363, 365, 369, 371, 405, 407, 420, 422, 423, 425, 429, 431, 453, 455, 460, 465, 479, 568, 595, 603, 618, 620, 642, 644, 645, 647, 648, 650, 654, 656, 657, 659, 666, 668, 677, 680, 691, 692, 694, 695, 708, 709, 715, 719, 723, 725, 726, 898, 900, 902, 906, 915, 916, 919, 925, 931, 932, 935, 936, 937, 938, 941, 942, 943, 944, 960, 965, 1000, 1025, 1028, 1029, 1030, 1031, 1032, 1033, 1036, 1040, 1088, 1090, 1092, 1096, 1099, 1126, 1127, 1138, 1139, 1146, 1147, 1156, 1159, 1160, 1222, 1223, 1238, 1243, 1297, 1298, 1299, 1328, 1346, 1385, 1386, 1387, 1390, 1397, 1404, 1449, 1450, 1453, 1454, 1459, 1460, 1463, 1464, 1465, 1466, 1469, 1470, 1473, 1474, 1481, 1482, 1483, 1484, 1490, 1493, 1502, 1508, 1511, 1526, 1538, 1541, 1550, 1556, 1580, 1595, 1598, 1604, 1619]",[],,,,,,
strength,Graph_labeled_only,3,3,355,0,177,"[0, 2, 9, 11, 25, 27, 31, 33, 34, 36, 40, 42, 52, 54, 68, 69, 74, 78, 86, 90, 102, 106, 114, 118, 124, 133, 140, 144, 156, 160, 176, 180, 188, 196, 200, 204, 216, 217, 225, 226, 228, 229, 230, 231, 238, 239, 241, 242, 247, 248, 253, 254, 256, 257, 262, 263, 265, 266, 271, 272, 281, 284, 305, 309, 312, 316, 326, 330, 339, 342, 344, 348, 350, 351, 353, 354, 356, 357, 359, 363, 365, 366, 368, 369, 371, 372, 374, 384, 386, 387, 389, 405, 407, 408, 410, 417, 419, 420, 422, 423, 425, 426, 428, 429, 431, 441, 443, 447, 449, 453, 454, 455, 460, 462, 465, 479, 493, 499, 506, 527, 541, 548, 561, 568, 575, 595, 599, 603, 607, 611, 618, 620, 621, 623, 627, 629, 642, 644, 645, 647, 648, 650, 654, 656, 657, 659, 663, 665, 666, 668, 669, 671, 676, 677, 680, 682, 685, 688, 689, 691, 692, 694, 695, 698, 699, 700, 701, 702, 703, 704, 705, 706, 707, 708, 709, 712, 715, 718, 719, 723, 725, 726, 727, 730, 731, 897, 898, 899, 900, 902, 906, 913, 914, 915, 916, 919, 925, 931, 932, 933, 934, 935, 936, 937, 938, 939, 940, 941, 942, 943, 944, 950, 960, 965, 985, 1000, 1010, 1020, 1024, 1025, 1027, 1028, 1029, 1030, 1031, 1032, 1033, 1036, 1040, 1044, 1054, 1056, 1058, 1060, 1066, 1088, 1090, 1091, 1092, 1094, 1096, 1099, 1126, 1127, 1128, 1129, 1132, 1133, 1134, 1135, 1138, 1139, 1140, 1141, 1142, 1143, 1146, 1147, 1156, 1158, 1159, 1160, 1161, 1163, 1165, 1222, 1223, 1224, 1225, 1226, 1227, 1238, 1243, 1297, 1298, 1299, 1305, 1306, 1307, 1319, 1328, 1346, 1356, 1367, 1377, 1378, 1379, 1380, 1383, 1385, 1386, 1387, 1388, 1389, 1390, 1392, 1393, 1397, 1398, 1400, 1401, 1404, 1437, 1438, 1449, 1450, 1452, 1453, 1454, 1459, 1460, 1463, 1464, 1465, 1466, 1467, 1468, 1469, 1470, 1471, 1472, 1473, 1474, 1475, 1476, 1481, 1482, 1483, 1484, 1490, 1493, 1502, 1508, 1511, 1517, 1526, 1529, 1535, 1538, 1541, 1550, 1556, 1559, 1565, 1571, 1580, 1592, 1595, 1598, 1604, 1607, 1619, 1622, 1625, 1640]","[6, 8, 14, 16, 17, 18, 22, 24, 28, 30, 43, 45, 46, 48, 55, 57, 58, 59, 60, 61, 62, 63, 64, 65, 66, 67, 82, 110, 121, 127, 136, 152, 168, 184, 192, 208, 222, 223, 233, 234, 235, 236, 250, 251, 299, 302, 319, 323, 333, 335, 336, 338, 345, 347, 375, 377, 393, 395, 396, 398, 399, 401, 411, 413, 414, 416, 432, 434, 444, 446, 456, 458, 463, 472, 513, 520, 534, 554, 583, 587, 624, 626, 630, 632, 660, 662, 672, 674, 678, 681, 683, 686, 690, 693, 710, 711, 713, 714, 716, 717, 721, 722, 724, 729, 895, 901, 903, 904, 907, 908, 909, 910, 911, 912, 917, 929, 955, 1015, 1026, 1038, 1042, 1048, 1050, 1052, 1062, 1064, 1084, 1087, 1095, 1097, 1098, 1130, 1131, 1148, 1149, 1153, 1157, 1162, 1164, 1228, 1229, 1285, 1286, 1287, 1291, 1292, 1293, 1303, 1304, 1391, 1394, 1396, 1403, 1441, 1442, 1443, 1444, 1445, 1446, 1455, 1456, 1487, 1499, 1505, 1523, 1532, 1544, 1547, 1574, 1577, 1583, 1586, 1601, 1613, 1616, 1628, 1631]",[],,,,,,
strength,Graph_labeled_only,3,0,532,0,133,"[0, 2, 6, 8, 9, 11, 14, 16, 17, 18, 22, 24, 25, 27, 28, 30, 31, 33, 34, 36, 40, 42, 43, 45, 46, 48, 52, 54, 55, 57, 58, 59, 60, 61, 62, 63, 64, 65, 66, 67, 68, 69, 74, 78, 82, 86, 90, 102, 106, 110, 114, 118, 121, 124, 127, 133, 136, 140, 144, 152, 156, 160, 168, 176, 180, 184, 188, 192, 196, 200, 204, 208, 216, 217, 222, 223, 225, 226, 228, 229, 230, 231, 233, 234, 235, 236, 238, 239, 241, 242, 247, 248, 250, 251, 253, 254, 256, 257, 262, 263, 265, 266, 271, 272, 281, 284, 299, 302, 305, 309, 312, 316, 319, 323, 326, 330, 333, 335, 336, 338, 339, 342, 344, 345, 347, 348, 350, 351, 353, 354, 356, 357, 359, 363, 365, 366, 368, 369, 371, 372, 374, 375, 377, 384, 386, 387, 389, 393, 395, 396, 398, 399, 401, 405, 407, 408, 410, 411, 413, 414, 416, 417, 419, 420, 422, 423, 425, 426, 428, 429, 431, 432, 434, 441, 443, 444, 446, 447, 449, 453, 454, 455, 456, 458, 460, 462, 463, 465, 472, 479, 493, 499, 506, 513, 520, 527, 534, 541, 548, 554, 561, 568, 575, 583, 587, 595, 599, 603, 607, 611, 618, 620, 621, 623, 624, 626, 627, 629, 630, 632, 642, 644, 645, 647, 648, 650, 654, 656, 657, 659, 660, 662, 663, 665, 666, 668, 669, 671, 672, 674, 676, 677, 678, 680, 681, 682, 683, 685, 686, 688, 689, 690, 691, 692, 693, 694, 695, 698, 699, 700, 701, 702, 703, 704, 705, 706, 707, 708, 709, 710, 711, 712, 713, 714, 715, 716, 717, 718, 719, 721, 722, 723, 724, 725, 726, 727, 729, 730, 731, 895, 897, 898, 899, 900, 901, 902, 903, 904, 906, 907, 908, 909, 910, 911, 912, 913, 914, 915, 916, 917, 919, 925, 929, 931, 932, 933, 934, 935, 936, 937, 938, 939, 940, 941, 942, 943, 944, 950, 955, 960, 965, 985, 1000, 1010, 1015, 1020, 1024, 1025, 1026, 1027, 1028, 1029, 1030, 1031, 1032, 1033, 1036, 1038, 1040, 1042, 1044, 1048, 1050, 1052, 1054, 1056, 1058, 1060, 1062, 1064, 1066, 1084, 1087, 1088, 1090, 1091, 1092, 1094, 1095, 1096, 1097, 1098, 1099, 1126, 1127, 1128, 1129, 1130, 1131, 1132, 1133, 1134, 1135, 1138, 1139, 1140, 1141, 1142, 1143, 1146, 1147, 1148, 1149, 1153, 1156, 1157, 1158, 1159, 1160, 1161, 1162, 1163, 1164, 1165, 1222, 1223, 1224, 1225, 1226, 1227, 1228, 1229, 1238, 1243, 1285, 1286, 1287, 1291, 1292, 1293, 1297, 1298, 1299, 1303, 1304, 1305, 1306, 1307, 1319, 1328, 1346, 1356, 1367, 1377, 1378, 1379, 1380, 1383, 1385, 1386, 1387, 1388, 1389, 1390, 1391, 1392, 1393, 1394, 1396, 1397, 1398, 1400, 1401, 1403, 1404, 1437, 1438, 1441, 1442, 1443, 1444, 1445, 1446, 1449, 1450, 1452, 1453, 1454, 1455, 1456, 1459, 1460, 1463, 1464, 1465, 1466, 1467, 1468, 1469, 1470, 1471, 1472, 1473, 1474, 1475, 1476, 1481, 1482, 1483, 1484, 1487, 1490, 1493, 1499, 1502, 1505, 1508, 1511, 1517, 1523, 1526, 1529, 1532, 1535, 1538, 1541, 1544, 1547, 1550, 1556, 1559, 1565, 1571, 1574, 1577, 1580, 1583, 1586, 1592, 1595, 1598, 1601, 1604, 1607, 1613, 1616, 1619, 1622, 1625, 1628, 1631, 1640]","[3, 5, 12, 13, 19, 21, 37, 39, 49, 51, 70, 94, 98, 130, 148, 164, 172, 212, 219, 220, 244, 245, 259, 260, 268, 269, 274, 278, 286, 289, 292, 296, 360, 362, 378, 380, 381, 383, 390, 392, 402, 404, 435, 437, 438, 440, 450, 452, 457, 459, 461, 464, 486, 579, 591, 615, 617, 633, 635, 636, 638, 639, 641, 651, 653, 675, 679, 684, 687, 696, 697, 720, 728, 896, 905, 921, 923, 927, 945, 970, 975, 980, 990, 995, 1005, 1035, 1046, 1085, 1086, 1089, 1093, 1136, 1137, 1144, 1145, 1150, 1220, 1221, 1230, 1231, 1232, 1249, 1336, 1381, 1382, 1384, 1395, 1399, 1402, 1408, 1439, 1440, 1447, 1448, 1457, 1458, 1461, 1462, 1477, 1478, 1479, 1480, 1485, 1486, 1496, 1520, 1553, 1562, 1568, 1589, 1610, 1634, 1637]",[],532.0,3412.0,3.0,0.0,0.008839379709631978,2.127178098601355
strength,Graph_semi_supervised,3,1,354,646,178,"[6, 8, 9, 11, 14, 16, 17, 18, 22, 24, 28, 30, 31, 33, 34, 36, 40, 42, 43, 45, 46, 48, 55, 57, 58, 59, 60, 61, 62, 63, 64, 65, 66, 67, 78, 82, 86, 90, 106, 110, 118, 121, 124, 127, 136, 144, 152, 168, 176, 180, 184, 192, 196, 208, 222, 223, 225, 226, 228, 229, 233, 234, 235, 236, 238, 239, 241, 242, 247, 248, 250, 251, 253, 254, 256, 257, 299, 302, 312, 316, 319, 323, 333, 335, 336, 338, 345, 347, 351, 353, 354, 356, 363, 365, 369, 371, 375, 377, 393, 395, 396, 398, 399, 401, 405, 407, 411, 413, 414, 416, 420, 422, 423, 425, 429, 431, 432, 434, 444, 446, 453, 455, 456, 458, 460, 463, 465, 472, 479, 513, 520, 534, 554, 568, 583, 587, 595, 603, 618, 620, 624, 626, 630, 632, 642, 644, 645, 647, 648, 650, 654, 656, 657, 659, 660, 662, 666, 668, 672, 674, 677, 678, 680, 681, 683, 686, 690, 691, 692, 693, 694, 695, 708, 709, 710, 711, 713, 714, 715, 716, 717, 719, 721, 722, 723, 724, 725, 726, 729, 895, 898, 900, 901, 902, 903, 904, 906, 907, 908, 909, 910, 911, 912, 915, 916, 917, 919, 925, 929, 931, 932, 935, 936, 937, 938, 941, 942, 943, 944, 955, 960, 965, 1000, 1015, 1025, 1026, 1028, 1029, 1030, 1031, 1032, 1033, 1036, 1038, 1040, 1042, 1048, 1050, 1052, 1062, 1064, 1084, 1087, 1088, 1090, 1092, 1095, 1096, 1097, 1098, 1099, 1126, 1127, 1130, 1131, 1138, 1139, 1146, 1147, 1148, 1149, 1153, 1156, 1157, 1159, 1160, 1162, 1164, 1222, 1223, 1228, 1229, 1238, 1243, 1285, 1286, 1287, 1291, 1292, 1293, 1297, 1298, 1299, 1303, 1304, 1328, 1346, 1385, 1386, 1387, 1390, 1391, 1394, 1396, 1397, 1403, 1404, 1441, 1442, 1443, 1444, 1445, 1446, 1449, 1450, 1453, 1454, 1455, 1456, 1459, 1460, 1463, 1464, 1465, 1466, 1469, 1470, 1473, 1474, 1481, 1482, 1483, 1484, 1487, 1490, 1493, 1499, 1502, 1505, 1508, 1511, 1523, 1526, 1532, 1538, 1541, 1544, 1547, 1550, 1556, 1574, 1577, 1580, 1583, 1586, 1595, 1598, 1601, 1604, 1613, 1616, 1619, 1628, 1631]","[0, 2, 25, 27, 52, 54, 68, 69, 74, 102, 114, 133, 140, 156, 160, 188, 200, 204, 216, 217, 230, 231, 262, 263, 265, 266, 271, 272, 281, 284, 305, 309, 326, 330, 339, 342, 344, 348, 350, 357, 359, 366, 368, 372, 374, 384, 386, 387, 389, 408, 410, 417, 419, 426, 428, 441, 443, 447, 449, 454, 462, 493, 499, 506, 527, 541, 548, 561, 575, 599, 607, 611, 621, 623, 627, 629, 663, 665, 669, 671, 676, 682, 685, 688, 689, 698, 699, 700, 701, 702, 703, 704, 705, 706, 707, 712, 718, 727, 730, 731, 897, 899, 913, 914, 933, 934, 939, 940, 950, 985, 1010, 1020, 1024, 1027, 1044, 1054, 1056, 1058, 1060, 1066, 1091, 1094, 1128, 1129, 1132, 1133, 1134, 1135, 1140, 1141, 1142, 1143, 1158, 1161, 1163, 1165, 1224, 1225, 1226, 1227, 1305, 1306, 1307, 1319, 1356, 1367, 1377, 1378, 1379, 1380, 1383, 1388, 1389, 1392, 1393, 1398, 1400, 1401, 1437, 1438, 1452, 1467, 1468, 1471, 1472, 1475, 1476, 1517, 1529, 1535, 1559, 1565, 1571, 1592, 1607, 1622, 1625, 1640]","[7, 10, 15, 23, 29, 32, 35, 41, 44, 47, 56, 79, 80, 81, 83, 84, 85, 87, 88, 89, 91, 92, 93, 107, 108, 109, 111, 112, 113, 119, 120, 122, 123, 125, 126, 128, 129, 137, 138, 139, 145, 146, 147, 153, 154, 155, 169, 170, 171, 177, 178, 179, 181, 182, 183, 185, 186, 187, 193, 194, 195, 197, 198, 199, 209, 210, 211, 224, 227, 237, 240, 243, 249, 252, 255, 258, 300, 301, 303, 304, 313, 314, 315, 317, 318, 320, 321, 322, 324, 325, 334, 337, 346, 352, 355, 364, 370, 376, 394, 397, 400, 406, 412, 415, 421, 424, 430, 433, 445, 466, 467, 468, 469, 470, 471, 473, 474, 475, 476, 477, 478, 480, 481, 482, 483, 484, 485, 514, 515, 516, 517, 518, 519, 521, 522, 523, 524, 525, 526, 535, 536, 537, 538, 539, 540, 555, 556, 557, 558, 559, 560, 569, 570, 571, 572, 573, 574, 584, 585, 586, 588, 589, 590, 596, 597, 598, 604, 605, 606, 619, 625, 631, 643, 646, 649, 655, 658, 661, 667, 673, 732, 733, 734, 735, 736, 737, 738, 739, 740, 741, 742, 743, 744, 745, 746, 747, 748, 749, 750, 751, 752, 753, 754, 755, 756, 757, 758, 759, 760, 761, 762, 763, 764, 765, 766, 767, 768, 769, 770, 771, 772, 773, 774, 775, 776, 777, 778, 779, 780, 781, 782, 783, 784, 785, 786, 787, 788, 789, 790, 791, 792, 793, 794, 795, 796, 797, 798, 799, 800, 801, 802, 803, 804, 805, 806, 807, 808, 809, 810, 811, 812, 813, 814, 815, 816, 817, 818, 819, 820, 821, 822, 823, 824, 825, 826, 827, 828, 829, 830, 831, 832, 833, 834, 835, 836, 837, 838, 839, 840, 841, 842, 843, 844, 845, 846, 847, 848, 849, 850, 851, 852, 853, 854, 855, 856, 857, 858, 859, 860, 861, 862, 863, 864, 865, 866, 867, 868, 869, 870, 871, 872, 873, 874, 875, 876, 877, 878, 879, 880, 881, 882, 883, 884, 885, 886, 887, 888, 889, 890, 891, 892, 893, 894, 918, 920, 926, 930, 956, 957, 958, 959, 961, 962, 963, 964, 966, 967, 968, 969, 1001, 1002, 1003, 1004, 1016, 1017, 1018, 1019, 1034, 1037, 1039, 1041, 1043, 1049, 1051, 1053, 1063, 1065, 1068, 1069, 1070, 1071, 1072, 1073, 1074, 1075, 1076, 1077, 1078, 1079, 1080, 1081, 1082, 1083, 1100, 1101, 1102, 1103, 1104, 1105, 1106, 1107, 1108, 1109, 1110, 1111, 1112, 1113, 1114, 1115, 1116, 1117, 1118, 1119, 1120, 1121, 1122, 1123, 1124, 1125, 1151, 1152, 1154, 1155, 1166, 1167, 1168, 1169, 1170, 1171, 1172, 1173, 1174, 1175, 1176, 1177, 1178, 1179, 1180, 1181, 1182, 1183, 1184, 1185, 1186, 1187, 1188, 1189, 1190, 1191, 1192, 1193, 1194, 1195, 1196, 1197, 1198, 1199, 1200, 1201, 1202, 1203, 1204, 1205, 1206, 1207, 1208, 1209, 1210, 1211, 1212, 1213, 1214, 1215, 1216, 1217, 1218, 1219, 1239, 1240, 1241, 1242, 1244, 1245, 1246, 1247, 1248, 1255, 1256, 1257, 1258, 1259, 1260, 1261, 1262, 1263, 1264, 1265, 1266, 1267, 1268, 1269, 1270, 1271, 1272, 1273, 1274, 1275, 1276, 1277, 1278, 1279, 1280, 1281, 1282, 1283, 1284, 1288, 1289, 1290, 1294, 1295, 1296, 1300, 1301, 1302, 1329, 1330, 1331, 1332, 1333, 1334, 1335, 1347, 1348, 1349, 1350, 1351, 1352, 1353, 1354, 1355, 1405, 1406, 1407, 1409, 1410, 1411, 1412, 1413, 1414, 1415, 1416, 1417, 1418, 1419, 1420, 1421, 1422, 1423, 1424, 1425, 1426, 1427, 1428, 1429, 1430, 1431, 1432, 1433, 1434, 1435, 1436, 1488, 1489, 1491, 1492, 1494, 1495, 1500, 1501, 1503, 1504, 1506, 1507, 1509, 1510, 1512, 1513, 1514, 1515, 1516, 1524, 1525, 1527, 1528, 1533, 1534, 1539, 1540, 1542, 1543, 1545, 1546, 1548, 1549, 1551, 1552, 1557, 1558, 1575, 1576, 1578, 1579, 1581, 1582, 1584, 1585, 1587, 1588, 1596, 1597, 1599, 1600, 1602, 1603, 1605, 1606, 1614, 1615, 1617, 1618, 1620, 1621, 1629, 1630, 1632, 1633, 1643, 1644, 1645, 1646, 1647, 1648, 1649, 1650, 1651]",,,,,,
strength,Graph_semi_supervised,3,2,355,692,177,"[0, 2, 6, 8, 14, 16, 17, 18, 22, 24, 25, 27, 28, 30, 43, 45, 46, 48, 52, 54, 55, 57, 58, 59, 60, 61, 62, 63, 64, 65, 66, 67, 68, 69, 74, 82, 102, 110, 114, 121, 127, 133, 136, 140, 152, 156, 160, 168, 184, 188, 192, 200, 204, 208, 216, 217, 222, 223, 230, 231, 233, 234, 235, 236, 250, 251, 262, 263, 265, 266, 271, 272, 281, 284, 299, 302, 305, 309, 319, 323, 326, 330, 333, 335, 336, 338, 339, 342, 344, 345, 347, 348, 350, 357, 359, 366, 368, 372, 374, 375, 377, 384, 386, 387, 389, 393, 395, 396, 398, 399, 401, 408, 410, 411, 413, 414, 416, 417, 419, 426, 428, 432, 434, 441, 443, 444, 446, 447, 449, 454, 456, 458, 462, 463, 472, 493, 499, 506, 513, 520, 527, 534, 541, 548, 554, 561, 575, 583, 587, 599, 607, 611, 621, 623, 624, 626, 627, 629, 630, 632, 660, 662, 663, 665, 669, 671, 672, 674, 676, 678, 681, 682, 683, 685, 686, 688, 689, 690, 693, 698, 699, 700, 701, 702, 703, 704, 705, 706, 707, 710, 711, 712, 713, 714, 716, 717, 718, 721, 722, 724, 727, 729, 730, 731, 895, 897, 899, 901, 903, 904, 907, 908, 909, 910, 911, 912, 913, 914, 917, 929, 933, 934, 939, 940, 950, 955, 985, 1010, 1015, 1020, 1024, 1026, 1027, 1038, 1042, 1044, 1048, 1050, 1052, 1054, 1056, 1058, 1060, 1062, 1064, 1066, 1084, 1087, 1091, 1094, 1095, 1097, 1098, 1128, 1129, 1130, 1131, 1132, 1133, 1134, 1135, 1140, 1141, 1142, 1143, 1148, 1149, 1153, 1157, 1158, 1161, 1162, 1163, 1164, 1165, 1224, 1225, 1226, 1227, 1228, 1229, 1285, 1286, 1287, 1291, 1292, 1293, 1303, 1304, 1305, 1306, 1307, 1319, 1356, 1367, 1377, 1378, 1379, 1380, 1383, 1388, 1389, 1391, 1392, 1393, 1394, 1396, 1398, 1400, 1401, 1403, 1437, 1438, 1441, 1442, 1443, 1444, 1445, 1446, 1452, 1455, 1456, 1467, 1468, 1471, 1472, 1475, 1476, 1487, 1499, 1505, 1517, 1523, 1529, 1532, 1535, 1544, 1547, 1559, 1565, 1571, 1574, 1577, 1583, 1586, 1592, 1601, 1607, 1613, 1616, 1622, 1625, 1628, 1631, 1640]","[9, 11, 31, 33, 34, 36, 40, 42, 78, 86, 90, 106, 118, 124, 144, 176, 180, 196, 225, 226, 228, 229, 238, 239, 241, 242, 247, 248, 253, 254, 256, 257, 312, 316, 351, 353, 354, 356, 363, 365, 369, 371, 405, 407, 420, 422, 423, 425, 429, 431, 453, 455, 460, 465, 479, 568, 595, 603, 618, 620, 642, 644, 645, 647, 648, 650, 654, 656, 657, 659, 666, 668, 677, 680, 691, 692, 694, 695, 708, 709, 715, 719, 723, 725, 726, 898, 900, 902, 906, 915, 916, 919, 925, 931, 932, 935, 936, 937, 938, 941, 942, 943, 944, 960, 965, 1000, 1025, 1028, 1029, 1030, 1031, 1032, 1033, 1036, 1040, 1088, 1090, 1092, 1096, 1099, 1126, 1127, 1138, 1139, 1146, 1147, 1156, 1159, 1160, 1222, 1223, 1238, 1243, 1297, 1298, 1299, 1328, 1346, 1385, 1386, 1387, 1390, 1397, 1404, 1449, 1450, 1453, 1454, 1459, 1460, 1463, 1464, 1465, 1466, 1469, 1470, 1473, 1474, 1481, 1482, 1483, 1484, 1490, 1493, 1502, 1508, 1511, 1526, 1538, 1541, 1550, 1556, 1580, 1595, 1598, 1604, 1619]","[1, 7, 15, 23, 26, 29, 44, 47, 53, 56, 75, 76, 77, 83, 84, 85, 103, 104, 105, 111, 112, 113, 115, 116, 117, 122, 123, 128, 129, 134, 135, 137, 138, 139, 141, 142, 143, 153, 154, 155, 157, 158, 159, 161, 162, 163, 169, 170, 171, 185, 186, 187, 189, 190, 191, 193, 194, 195, 201, 202, 203, 205, 206, 207, 209, 210, 211, 218, 224, 232, 237, 252, 264, 267, 273, 282, 283, 285, 300, 301, 303, 304, 306, 307, 308, 310, 311, 320, 321, 322, 324, 325, 327, 328, 329, 331, 332, 334, 337, 340, 341, 343, 346, 349, 358, 367, 373, 376, 385, 388, 394, 397, 400, 409, 412, 415, 418, 427, 433, 442, 445, 448, 473, 474, 475, 476, 477, 478, 494, 495, 496, 497, 498, 500, 501, 502, 503, 504, 505, 507, 508, 509, 510, 511, 512, 514, 515, 516, 517, 518, 519, 521, 522, 523, 524, 525, 526, 528, 529, 530, 531, 532, 533, 535, 536, 537, 538, 539, 540, 542, 543, 544, 545, 546, 547, 549, 550, 551, 552, 553, 555, 556, 557, 558, 559, 560, 562, 563, 564, 565, 566, 567, 576, 577, 578, 584, 585, 586, 588, 589, 590, 600, 601, 602, 608, 609, 610, 612, 613, 614, 622, 625, 628, 631, 661, 664, 670, 673, 732, 733, 734, 735, 736, 737, 738, 739, 740, 741, 742, 743, 744, 745, 746, 747, 748, 749, 750, 751, 752, 753, 754, 755, 756, 757, 758, 759, 760, 761, 762, 763, 764, 765, 766, 767, 768, 769, 770, 771, 772, 773, 774, 775, 776, 777, 778, 779, 780, 781, 782, 783, 784, 785, 786, 787, 788, 789, 790, 791, 792, 793, 794, 795, 796, 797, 798, 799, 800, 801, 802, 803, 804, 805, 806, 807, 808, 809, 810, 811, 812, 813, 814, 815, 816, 817, 818, 819, 820, 821, 822, 823, 824, 825, 826, 827, 828, 829, 830, 831, 832, 833, 834, 835, 836, 837, 838, 839, 840, 841, 842, 843, 844, 845, 846, 847, 848, 849, 850, 851, 852, 853, 854, 855, 856, 857, 858, 859, 860, 861, 862, 863, 864, 865, 866, 867, 868, 869, 870, 871, 872, 873, 874, 875, 876, 877, 878, 879, 880, 881, 882, 883, 884, 885, 886, 887, 888, 889, 890, 891, 892, 893, 894, 918, 930, 951, 952, 953, 954, 956, 957, 958, 959, 986, 987, 988, 989, 1011, 1012, 1013, 1014, 1016, 1017, 1018, 1019, 1021, 1022, 1023, 1034, 1039, 1043, 1045, 1049, 1051, 1053, 1055, 1057, 1059, 1061, 1063, 1065, 1067, 1068, 1069, 1070, 1071, 1072, 1073, 1074, 1075, 1076, 1077, 1078, 1079, 1080, 1081, 1082, 1083, 1100, 1101, 1102, 1103, 1104, 1105, 1106, 1107, 1108, 1109, 1110, 1111, 1112, 1113, 1114, 1115, 1116, 1117, 1118, 1119, 1120, 1121, 1122, 1123, 1124, 1125, 1151, 1152, 1154, 1155, 1166, 1167, 1168, 1169, 1170, 1171, 1172, 1173, 1174, 1175, 1176, 1177, 1178, 1179, 1180, 1181, 1182, 1183, 1184, 1185, 1186, 1187, 1188, 1189, 1190, 1191, 1192, 1193, 1194, 1195, 1196, 1197, 1198, 1199, 1200, 1201, 1202, 1203, 1204, 1205, 1206, 1207, 1208, 1209, 1210, 1211, 1212, 1213, 1214, 1215, 1216, 1217, 1218, 1219, 1255, 1256, 1257, 1258, 1259, 1260, 1261, 1262, 1263, 1264, 1265, 1266, 1267, 1268, 1269, 1270, 1271, 1272, 1273, 1274, 1275, 1276, 1277, 1278, 1279, 1280, 1281, 1282, 1283, 1284, 1288, 1289, 1290, 1294, 1295, 1296, 1308, 1309, 1310, 1311, 1312, 1313, 1314, 1315, 1316, 1317, 1318, 1320, 1321, 1322, 1323, 1324, 1325, 1326, 1327, 1357, 1358, 1359, 1360, 1361, 1362, 1363, 1364, 1365, 1366, 1368, 1369, 1370, 1371, 1372, 1373, 1374, 1375, 1376, 1405, 1406, 1407, 1409, 1410, 1411, 1412, 1413, 1414, 1415, 1416, 1417, 1418, 1419, 1420, 1421, 1422, 1423, 1424, 1425, 1426, 1427, 1428, 1429, 1430, 1431, 1432, 1433, 1434, 1435, 1436, 1451, 1488, 1489, 1500, 1501, 1506, 1507, 1514, 1515, 1516, 1518, 1519, 1524, 1525, 1530, 1531, 1533, 1534, 1536, 1537, 1545, 1546, 1548, 1549, 1560, 1561, 1566, 1567, 1572, 1573, 1575, 1576, 1578, 1579, 1584, 1585, 1587, 1588, 1593, 1594, 1602, 1603, 1608, 1609, 1614, 1615, 1617, 1618, 1623, 1624, 1626, 1627, 1629, 1630, 1632, 1633, 1641, 1642, 1643, 1644, 1645, 1646, 1647, 1648, 1649, 1650, 1651]",,,,,,
strength,Graph_semi_supervised,3,3,355,695,177,"[0, 2, 9, 11, 25, 27, 31, 33, 34, 36, 40, 42, 52, 54, 68, 69, 74, 78, 86, 90, 102, 106, 114, 118, 124, 133, 140, 144, 156, 160, 176, 180, 188, 196, 200, 204, 216, 217, 225, 226, 228, 229, 230, 231, 238, 239, 241, 242, 247, 248, 253, 254, 256, 257, 262, 263, 265, 266, 271, 272, 281, 284, 305, 309, 312, 316, 326, 330, 339, 342, 344, 348, 350, 351, 353, 354, 356, 357, 359, 363, 365, 366, 368, 369, 371, 372, 374, 384, 386, 387, 389, 405, 407, 408, 410, 417, 419, 420, 422, 423, 425, 426, 428, 429, 431, 441, 443, 447, 449, 453, 454, 455, 460, 462, 465, 479, 493, 499, 506, 527, 541, 548, 561, 568, 575, 595, 599, 603, 607, 611, 618, 620, 621, 623, 627, 629, 642, 644, 645, 647, 648, 650, 654, 656, 657, 659, 663, 665, 666, 668, 669, 671, 676, 677, 680, 682, 685, 688, 689, 691, 692, 694, 695, 698, 699, 700, 701, 702, 703, 704, 705, 706, 707, 708, 709, 712, 715, 718, 719, 723, 725, 726, 727, 730, 731, 897, 898, 899, 900, 902, 906, 913, 914, 915, 916, 919, 925, 931, 932, 933, 934, 935, 936, 937, 938, 939, 940, 941, 942, 943, 944, 950, 960, 965, 985, 1000, 1010, 1020, 1024, 1025, 1027, 1028, 1029, 1030, 1031, 1032, 1033, 1036, 1040, 1044, 1054, 1056, 1058, 1060, 1066, 1088, 1090, 1091, 1092, 1094, 1096, 1099, 1126, 1127, 1128, 1129, 1132, 1133, 1134, 1135, 1138, 1139, 1140, 1141, 1142, 1143, 1146, 1147, 1156, 1158, 1159, 1160, 1161, 1163, 1165, 1222, 1223, 1224, 1225, 1226, 1227, 1238, 1243, 1297, 1298, 1299, 1305, 1306, 1307, 1319, 1328, 1346, 1356, 1367, 1377, 1378, 1379, 1380, 1383, 1385, 1386, 1387, 1388, 1389, 1390, 1392, 1393, 1397, 1398, 1400, 1401, 1404, 1437, 1438, 1449, 1450, 1452, 1453, 1454, 1459, 1460, 1463, 1464, 1465, 1466, 1467, 1468, 1469, 1470, 1471, 1472, 1473, 1474, 1475, 1476, 1481, 1482, 1483, 1484, 1490, 1493, 1502, 1508, 1511, 1517, 1526, 1529, 1535, 1538, 1541, 1550, 1556, 1559, 1565, 1571, 1580, 1592, 1595, 1598, 1604, 1607, 1619, 1622, 1625, 1640]","[6, 8, 14, 16, 17, 18, 22, 24, 28, 30, 43, 45, 46, 48, 55, 57, 58, 59, 60, 61, 62, 63, 64, 65, 66, 67, 82, 110, 121, 127, 136, 152, 168, 184, 192, 208, 222, 223, 233, 234, 235, 236, 250, 251, 299, 302, 319, 323, 333, 335, 336, 338, 345, 347, 375, 377, 393, 395, 396, 398, 399, 401, 411, 413, 414, 416, 432, 434, 444, 446, 456, 458, 463, 472, 513, 520, 534, 554, 583, 587, 624, 626, 630, 632, 660, 662, 672, 674, 678, 681, 683, 686, 690, 693, 710, 711, 713, 714, 716, 717, 721, 722, 724, 729, 895, 901, 903, 904, 907, 908, 909, 910, 911, 912, 917, 929, 955, 1015, 1026, 1038, 1042, 1048, 1050, 1052, 1062, 1064, 1084, 1087, 1095, 1097, 1098, 1130, 1131, 1148, 1149, 1153, 1157, 1162, 1164, 1228, 1229, 1285, 1286, 1287, 1291, 1292, 1293, 1303, 1304, 1391, 1394, 1396, 1403, 1441, 1442, 1443, 1444, 1445, 1446, 1455, 1456, 1487, 1499, 1505, 1523, 1532, 1544, 1547, 1574, 1577, 1583, 1586, 1601, 1613, 1616, 1628, 1631]","[1, 10, 26, 32, 35, 41, 53, 75, 76, 77, 79, 80, 81, 87, 88, 89, 91, 92, 93, 103, 104, 105, 107, 108, 109, 115, 116, 117, 119, 120, 125, 126, 134, 135, 141, 142, 143, 145, 146, 147, 157, 158, 159, 161, 162, 163, 177, 178, 179, 181, 182, 183, 189, 190, 191, 197, 198, 199, 201, 202, 203, 205, 206, 207, 218, 227, 232, 240, 243, 249, 255, 258, 264, 267, 273, 282, 283, 285, 306, 307, 308, 310, 311, 313, 314, 315, 317, 318, 327, 328, 329, 331, 332, 340, 341, 343, 349, 352, 355, 358, 364, 367, 370, 373, 385, 388, 406, 409, 418, 421, 424, 427, 430, 442, 448, 466, 467, 468, 469, 470, 471, 480, 481, 482, 483, 484, 485, 494, 495, 496, 497, 498, 500, 501, 502, 503, 504, 505, 507, 508, 509, 510, 511, 512, 528, 529, 530, 531, 532, 533, 542, 543, 544, 545, 546, 547, 549, 550, 551, 552, 553, 562, 563, 564, 565, 566, 567, 569, 570, 571, 572, 573, 574, 576, 577, 578, 596, 597, 598, 600, 601, 602, 604, 605, 606, 608, 609, 610, 612, 613, 614, 619, 622, 628, 643, 646, 649, 655, 658, 664, 667, 670, 732, 733, 734, 735, 736, 737, 738, 739, 740, 741, 742, 743, 744, 745, 746, 747, 748, 749, 750, 751, 752, 753, 754, 755, 756, 757, 758, 759, 760, 761, 762, 763, 764, 765, 766, 767, 768, 769, 770, 771, 772, 773, 774, 775, 776, 777, 778, 779, 780, 781, 782, 783, 784, 785, 786, 787, 788, 789, 790, 791, 792, 793, 794, 795, 796, 797, 798, 799, 800, 801, 802, 803, 804, 805, 806, 807, 808, 809, 810, 811, 812, 813, 814, 815, 816, 817, 818, 819, 820, 821, 822, 823, 824, 825, 826, 827, 828, 829, 830, 831, 832, 833, 834, 835, 836, 837, 838, 839, 840, 841, 842, 843, 844, 845, 846, 847, 848, 849, 850, 851, 852, 853, 854, 855, 856, 857, 858, 859, 860, 861, 862, 863, 864, 865, 866, 867, 868, 869, 870, 871, 872, 873, 874, 875, 876, 877, 878, 879, 880, 881, 882, 883, 884, 885, 886, 887, 888, 889, 890, 891, 892, 893, 894, 920, 926, 951, 952, 953, 954, 961, 962, 963, 964, 966, 967, 968, 969, 986, 987, 988, 989, 1001, 1002, 1003, 1004, 1011, 1012, 1013, 1014, 1021, 1022, 1023, 1034, 1037, 1041, 1045, 1055, 1057, 1059, 1061, 1067, 1068, 1069, 1070, 1071, 1072, 1073, 1074, 1075, 1076, 1077, 1078, 1079, 1080, 1081, 1082, 1083, 1100, 1101, 1102, 1103, 1104, 1105, 1106, 1107, 1108, 1109, 1110, 1111, 1112, 1113, 1114, 1115, 1116, 1117, 1118, 1119, 1120, 1121, 1122, 1123, 1124, 1125, 1151, 1152, 1154, 1155, 1166, 1167, 1168, 1169, 1170, 1171, 1172, 1173, 1174, 1175, 1176, 1177, 1178, 1179, 1180, 1181, 1182, 1183, 1184, 1185, 1186, 1187, 1188, 1189, 1190, 1191, 1192, 1193, 1194, 1195, 1196, 1197, 1198, 1199, 1200, 1201, 1202, 1203, 1204, 1205, 1206, 1207, 1208, 1209, 1210, 1211, 1212, 1213, 1214, 1215, 1216, 1217, 1218, 1219, 1239, 1240, 1241, 1242, 1244, 1245, 1246, 1247, 1248, 1255, 1256, 1257, 1258, 1259, 1260, 1261, 1262, 1263, 1264, 1265, 1266, 1267, 1268, 1269, 1270, 1271, 1272, 1273, 1274, 1275, 1276, 1277, 1278, 1279, 1280, 1281, 1282, 1283, 1284, 1300, 1301, 1302, 1308, 1309, 1310, 1311, 1312, 1313, 1314, 1315, 1316, 1317, 1318, 1320, 1321, 1322, 1323, 1324, 1325, 1326, 1327, 1329, 1330, 1331, 1332, 1333, 1334, 1335, 1347, 1348, 1349, 1350, 1351, 1352, 1353, 1354, 1355, 1357, 1358, 1359, 1360, 1361, 1362, 1363, 1364, 1365, 1366, 1368, 1369, 1370, 1371, 1372, 1373, 1374, 1375, 1376, 1405, 1406, 1407, 1409, 1410, 1411, 1412, 1413, 1414, 1415, 1416, 1417, 1418, 1419, 1420, 1421, 1422, 1423, 1424, 1425, 1426, 1427, 1428, 1429, 1430, 1431, 1432, 1433, 1434, 1435, 1436, 1451, 1491, 1492, 1494, 1495, 1503, 1504, 1509, 1510, 1512, 1513, 1514, 1515, 1516, 1518, 1519, 1527, 1528, 1530, 1531, 1536, 1537, 1539, 1540, 1542, 1543, 1551, 1552, 1557, 1558, 1560, 1561, 1566, 1567, 1572, 1573, 1581, 1582, 1593, 1594, 1596, 1597, 1599, 1600, 1605, 1606, 1608, 1609, 1620, 1621, 1623, 1624, 1626, 1627, 1641, 1642, 1643, 1644, 1645, 1646, 1647, 1648, 1649, 1650, 1651]",,,,,,
strength,Graph_semi_supervised,3,0,532,848,133,"[0, 2, 6, 8, 9, 11, 14, 16, 17, 18, 22, 24, 25, 27, 28, 30, 31, 33, 34, 36, 40, 42, 43, 45, 46, 48, 52, 54, 55, 57, 58, 59, 60, 61, 62, 63, 64, 65, 66, 67, 68, 69, 74, 78, 82, 86, 90, 102, 106, 110, 114, 118, 121, 124, 127, 133, 136, 140, 144, 152, 156, 160, 168, 176, 180, 184, 188, 192, 196, 200, 204, 208, 216, 217, 222, 223, 225, 226, 228, 229, 230, 231, 233, 234, 235, 236, 238, 239, 241, 242, 247, 248, 250, 251, 253, 254, 256, 257, 262, 263, 265, 266, 271, 272, 281, 284, 299, 302, 305, 309, 312, 316, 319, 323, 326, 330, 333, 335, 336, 338, 339, 342, 344, 345, 347, 348, 350, 351, 353, 354, 356, 357, 359, 363, 365, 366, 368, 369, 371, 372, 374, 375, 377, 384, 386, 387, 389, 393, 395, 396, 398, 399, 401, 405, 407, 408, 410, 411, 413, 414, 416, 417, 419, 420, 422, 423, 425, 426, 428, 429, 431, 432, 434, 441, 443, 444, 446, 447, 449, 453, 454, 455, 456, 458, 460, 462, 463, 465, 472, 479, 493, 499, 506, 513, 520, 527, 534, 541, 548, 554, 561, 568, 575, 583, 587, 595, 599, 603, 607, 611, 618, 620, 621, 623, 624, 626, 627, 629, 630, 632, 642, 644, 645, 647, 648, 650, 654, 656, 657, 659, 660, 662, 663, 665, 666, 668, 669, 671, 672, 674, 676, 677, 678, 680, 681, 682, 683, 685, 686, 688, 689, 690, 691, 692, 693, 694, 695, 698, 699, 700, 701, 702, 703, 704, 705, 706, 707, 708, 709, 710, 711, 712, 713, 714, 715, 716, 717, 718, 719, 721, 722, 723, 724, 725, 726, 727, 729, 730, 731, 895, 897, 898, 899, 900, 901, 902, 903, 904, 906, 907, 908, 909, 910, 911, 912, 913, 914, 915, 916, 917, 919, 925, 929, 931, 932, 933, 934, 935, 936, 937, 938, 939, 940, 941, 942, 943, 944, 950, 955, 960, 965, 985, 1000, 1010, 1015, 1020, 1024, 1025, 1026, 1027, 1028, 1029, 1030, 1031, 1032, 1033, 1036, 1038, 1040, 1042, 1044, 1048, 1050, 1052, 1054, 1056, 1058, 1060, 1062, 1064, 1066, 1084, 1087, 1088, 1090, 1091, 1092, 1094, 1095, 1096, 1097, 1098, 1099, 1126, 1127, 1128, 1129, 1130, 1131, 1132, 1133, 1134, 1135, 1138, 1139, 1140, 1141, 1142, 1143, 1146, 1147, 1148, 1149, 1153, 1156, 1157, 1158, 1159, 1160, 1161, 1162, 1163, 1164, 1165, 1222, 1223, 1224, 1225, 1226, 1227, 1228, 1229, 1238, 1243, 1285, 1286, 1287, 1291, 1292, 1293, 1297, 1298, 1299, 1303, 1304, 1305, 1306, 1307, 1319, 1328, 1346, 1356, 1367, 1377, 1378, 1379, 1380, 1383, 1385, 1386, 1387, 1388, 1389, 1390, 1391, 1392, 1393, 1394, 1396, 1397, 1398, 1400, 1401, 1403, 1404, 1437, 1438, 1441, 1442, 1443, 1444, 1445, 1446, 1449, 1450, 1452, 1453, 1454, 1455, 1456, 1459, 1460, 1463, 1464, 1465, 1466, 1467, 1468, 1469, 1470, 1471, 1472, 1473, 1474, 1475, 1476, 1481, 1482, 1483, 1484, 1487, 1490, 1493, 1499, 1502, 1505, 1508, 1511, 1517, 1523, 1526, 1529, 1532, 1535, 1538, 1541, 1544, 1547, 1550, 1556, 1559, 1565, 1571, 1574, 1577, 1580, 1583, 1586, 1592, 1595, 1598, 1601, 1604, 1607, 1613, 1616, 1619, 1622, 1625, 1628, 1631, 1640]","[3, 5, 12, 13, 19, 21, 37, 39, 49, 51, 70, 94, 98, 130, 148, 164, 172, 212, 219, 220, 244, 245, 259, 260, 268, 269, 274, 278, 286, 289, 292, 296, 360, 362, 378, 380, 381, 383, 390, 392, 402, 404, 435, 437, 438, 440, 450, 452, 457, 459, 461, 464, 486, 579, 591, 615, 617, 633, 635, 636, 638, 639, 641, 651, 653, 675, 679, 684, 687, 696, 697, 720, 728, 896, 905, 921, 923, 927, 945, 970, 975, 980, 990, 995, 1005, 1035, 1046, 1085, 1086, 1089, 1093, 1136, 1137, 1144, 1145, 1150, 1220, 1221, 1230, 1231, 1232, 1249, 1336, 1381, 1382, 1384, 1395, 1399, 1402, 1408, 1439, 1440, 1447, 1448, 1457, 1458, 1461, 1462, 1477, 1478, 1479, 1480, 1485, 1486, 1496, 1520, 1553, 1562, 1568, 1589, 1610, 1634, 1637]","[1, 7, 10, 15, 23, 26, 29, 32, 35, 41, 44, 47, 53, 56, 75, 76, 77, 79, 80, 81, 83, 84, 85, 87, 88, 89, 91, 92, 93, 103, 104, 105, 107, 108, 109, 111, 112, 113, 115, 116, 117, 119, 120, 122, 123, 125, 126, 128, 129, 134, 135, 137, 138, 139, 141, 142, 143, 145, 146, 147, 153, 154, 155, 157, 158, 159, 161, 162, 163, 169, 170, 171, 177, 178, 179, 181, 182, 183, 185, 186, 187, 189, 190, 191, 193, 194, 195, 197, 198, 199, 201, 202, 203, 205, 206, 207, 209, 210, 211, 218, 224, 227, 232, 237, 240, 243, 249, 252, 255, 258, 264, 267, 273, 282, 283, 285, 300, 301, 303, 304, 306, 307, 308, 310, 311, 313, 314, 315, 317, 318, 320, 321, 322, 324, 325, 327, 328, 329, 331, 332, 334, 337, 340, 341, 343, 346, 349, 352, 355, 358, 364, 367, 370, 373, 376, 385, 388, 394, 397, 400, 406, 409, 412, 415, 418, 421, 424, 427, 430, 433, 442, 445, 448, 466, 467, 468, 469, 470, 471, 473, 474, 475, 476, 477, 478, 480, 481, 482, 483, 484, 485, 494, 495, 496, 497, 498, 500, 501, 502, 503, 504, 505, 507, 508, 509, 510, 511, 512, 514, 515, 516, 517, 518, 519, 521, 522, 523, 524, 525, 526, 528, 529, 530, 531, 532, 533, 535, 536, 537, 538, 539, 540, 542, 543, 544, 545, 546, 547, 549, 550, 551, 552, 553, 555, 556, 557, 558, 559, 560, 562, 563, 564, 565, 566, 567, 569, 570, 571, 572, 573, 574, 576, 577, 578, 584, 585, 586, 588, 589, 590, 596, 597, 598, 600, 601, 602, 604, 605, 606, 608, 609, 610, 612, 613, 614, 619, 622, 625, 628, 631, 643, 646, 649, 655, 658, 661, 664, 667, 670, 673, 732, 733, 734, 735, 736, 737, 738, 739, 740, 741, 742, 743, 744, 745, 746, 747, 748, 749, 750, 751, 752, 753, 754, 755, 756, 757, 758, 759, 760, 761, 762, 763, 764, 765, 766, 767, 768, 769, 770, 771, 772, 773, 774, 775, 776, 777, 778, 779, 780, 781, 782, 783, 784, 785, 786, 787, 788, 789, 790, 791, 792, 793, 794, 795, 796, 797, 798, 799, 800, 801, 802, 803, 804, 805, 806, 807, 808, 809, 810, 811, 812, 813, 814, 815, 816, 817, 818, 819, 820, 821, 822, 823, 824, 825, 826, 827, 828, 829, 830, 831, 832, 833, 834, 835, 836, 837, 838, 839, 840, 841, 842, 843, 844, 845, 846, 847, 848, 849, 850, 851, 852, 853, 854, 855, 856, 857, 858, 859, 860, 861, 862, 863, 864, 865, 866, 867, 868, 869, 870, 871, 872, 873, 874, 875, 876, 877, 878, 879, 880, 881, 882, 883, 884, 885, 886, 887, 888, 889, 890, 891, 892, 893, 894, 918, 920, 926, 930, 951, 952, 953, 954, 956, 957, 958, 959, 961, 962, 963, 964, 966, 967, 968, 969, 986, 987, 988, 989, 1001, 1002, 1003, 1004, 1011, 1012, 1013, 1014, 1016, 1017, 1018, 1019, 1021, 1022, 1023, 1034, 1037, 1039, 1041, 1043, 1045, 1049, 1051, 1053, 1055, 1057, 1059, 1061, 1063, 1065, 1067, 1068, 1069, 1070, 1071, 1072, 1073, 1074, 1075, 1076, 1077, 1078, 1079, 1080, 1081, 1082, 1083, 1100, 1101, 1102, 1103, 1104, 1105, 1106, 1107, 1108, 1109, 1110, 1111, 1112, 1113, 1114, 1115, 1116, 1117, 1118, 1119, 1120, 1121, 1122, 1123, 1124, 1125, 1151, 1152, 1154, 1155, 1166, 1167, 1168, 1169, 1170, 1171, 1172, 1173, 1174, 1175, 1176, 1177, 1178, 1179, 1180, 1181, 1182, 1183, 1184, 1185, 1186, 1187, 1188, 1189, 1190, 1191, 1192, 1193, 1194, 1195, 1196, 1197, 1198, 1199, 1200, 1201, 1202, 1203, 1204, 1205, 1206, 1207, 1208, 1209, 1210, 1211, 1212, 1213, 1214, 1215, 1216, 1217, 1218, 1219, 1239, 1240, 1241, 1242, 1244, 1245, 1246, 1247, 1248, 1255, 1256, 1257, 1258, 1259, 1260, 1261, 1262, 1263, 1264, 1265, 1266, 1267, 1268, 1269, 1270, 1271, 1272, 1273, 1274, 1275, 1276, 1277, 1278, 1279, 1280, 1281, 1282, 1283, 1284, 1288, 1289, 1290, 1294, 1295, 1296, 1300, 1301, 1302, 1308, 1309, 1310, 1311, 1312, 1313, 1314, 1315, 1316, 1317, 1318, 1320, 1321, 1322, 1323, 1324, 1325, 1326, 1327, 1329, 1330, 1331, 1332, 1333, 1334, 1335, 1347, 1348, 1349, 1350, 1351, 1352, 1353, 1354, 1355, 1357, 1358, 1359, 1360, 1361, 1362, 1363, 1364, 1365, 1366, 1368, 1369, 1370, 1371, 1372, 1373, 1374, 1375, 1376, 1405, 1406, 1407, 1409, 1410, 1411, 1412, 1413, 1414, 1415, 1416, 1417, 1418, 1419, 1420, 1421, 1422, 1423, 1424, 1425, 1426, 1427, 1428, 1429, 1430, 1431, 1432, 1433, 1434, 1435, 1436, 1451, 1488, 1489, 1491, 1492, 1494, 1495, 1500, 1501, 1503, 1504, 1506, 1507, 1509, 1510, 1512, 1513, 1514, 1515, 1516, 1518, 1519, 1524, 1525, 1527, 1528, 1530, 1531, 1533, 1534, 1536, 1537, 1539, 1540, 1542, 1543, 1545, 1546, 1548, 1549, 1551, 1552, 1557, 1558, 1560, 1561, 1566, 1567, 1572, 1573, 1575, 1576, 1578, 1579, 1581, 1582, 1584, 1585, 1587, 1588, 1593, 1594, 1596, 1597, 1599, 1600, 1602, 1603, 1605, 1606, 1608, 1609, 1614, 1615, 1617, 1618, 1620, 1621, 1623, 1624, 1626, 1627, 1629, 1630, 1632, 1633, 1641, 1642, 1643, 1644, 1645, 1646, 1647, 1648, 1649, 1650, 1651]",1380.0,8748.0,14.0,5.0,0.003300095006495409,1.4916697034026214
strength,Nystroem_Ridge_control,4,1,354,0,178,"[6, 8, 9, 11, 12, 13, 14, 16, 17, 18, 19, 21, 28, 30, 31, 33, 46, 48, 49, 51, 58, 59, 60, 61, 62, 63, 64, 65, 66, 67, 86, 94, 106, 110, 118, 121, 124, 127, 130, 136, 148, 172, 176, 184, 196, 208, 222, 223, 225, 226, 228, 229, 233, 234, 235, 236, 238, 239, 241, 242, 244, 245, 247, 248, 250, 251, 253, 254, 256, 257, 259, 260, 274, 278, 299, 302, 312, 316, 319, 323, 345, 347, 354, 356, 360, 362, 363, 365, 369, 371, 378, 380, 390, 392, 396, 398, 399, 401, 405, 407, 411, 413, 420, 422, 423, 425, 429, 431, 432, 434, 435, 437, 438, 440, 444, 446, 450, 452, 453, 455, 456, 460, 461, 463, 479, 534, 561, 568, 579, 583, 587, 591, 595, 603, 615, 617, 618, 620, 624, 626, 633, 635, 636, 638, 642, 644, 648, 650, 651, 653, 654, 656, 657, 659, 660, 662, 666, 668, 672, 674, 675, 677, 678, 679, 681, 683, 684, 686, 687, 691, 692, 693, 694, 695, 708, 709, 710, 711, 713, 714, 715, 716, 717, 719, 720, 721, 722, 723, 724, 725, 726, 728, 895, 898, 900, 901, 902, 904, 905, 906, 907, 908, 909, 910, 911, 912, 915, 916, 917, 919, 921, 923, 927, 929, 931, 932, 935, 936, 943, 944, 945, 955, 965, 970, 975, 990, 1000, 1005, 1015, 1026, 1028, 1029, 1031, 1032, 1033, 1036, 1042, 1046, 1048, 1050, 1052, 1062, 1064, 1085, 1086, 1087, 1089, 1090, 1092, 1093, 1095, 1096, 1097, 1098, 1126, 1127, 1130, 1131, 1136, 1137, 1138, 1139, 1146, 1147, 1150, 1153, 1156, 1157, 1159, 1160, 1162, 1164, 1222, 1223, 1228, 1229, 1230, 1231, 1232, 1249, 1285, 1286, 1287, 1291, 1292, 1293, 1304, 1328, 1346, 1382, 1384, 1385, 1386, 1387, 1390, 1391, 1394, 1396, 1397, 1399, 1402, 1439, 1440, 1441, 1442, 1443, 1444, 1447, 1448, 1453, 1454, 1461, 1462, 1463, 1464, 1465, 1466, 1469, 1470, 1477, 1478, 1483, 1484, 1485, 1486, 1490, 1502, 1505, 1508, 1520, 1523, 1526, 1538, 1541, 1544, 1547, 1550, 1556, 1574, 1577, 1580, 1583, 1586, 1589, 1595, 1598, 1601, 1604, 1610, 1613, 1628, 1631, 1634, 1637]","[3, 5, 37, 39, 52, 54, 68, 69, 70, 74, 98, 102, 133, 140, 156, 160, 164, 200, 204, 212, 219, 220, 230, 231, 262, 263, 265, 266, 268, 269, 271, 272, 281, 284, 286, 289, 292, 296, 305, 309, 339, 342, 344, 348, 350, 357, 359, 366, 368, 372, 374, 381, 383, 387, 389, 402, 404, 408, 410, 417, 419, 426, 428, 441, 443, 447, 449, 454, 457, 459, 462, 464, 486, 493, 499, 541, 575, 607, 611, 627, 629, 639, 641, 669, 671, 676, 685, 688, 696, 697, 698, 699, 700, 701, 702, 703, 718, 727, 730, 731, 896, 897, 950, 980, 985, 995, 1010, 1020, 1024, 1027, 1035, 1044, 1054, 1056, 1060, 1066, 1091, 1094, 1128, 1129, 1132, 1133, 1134, 1135, 1140, 1141, 1142, 1143, 1144, 1145, 1158, 1161, 1220, 1221, 1224, 1225, 1226, 1227, 1305, 1306, 1336, 1356, 1377, 1378, 1379, 1380, 1381, 1383, 1392, 1393, 1395, 1398, 1401, 1408, 1437, 1438, 1452, 1457, 1458, 1471, 1472, 1475, 1476, 1479, 1480, 1496, 1517, 1529, 1535, 1553, 1559, 1562, 1568, 1592, 1607, 1622, 1625, 1640]",[],,,,,,
strength,Nystroem_Ridge_control,4,2,355,0,177,"[3, 5, 6, 8, 12, 13, 14, 16, 17, 18, 28, 30, 37, 39, 46, 48, 52, 54, 58, 59, 60, 61, 62, 63, 64, 65, 66, 67, 68, 69, 70, 74, 98, 102, 110, 121, 127, 133, 136, 140, 148, 156, 160, 164, 172, 184, 200, 204, 208, 212, 219, 220, 222, 223, 230, 231, 233, 234, 235, 236, 244, 245, 250, 251, 259, 260, 262, 263, 265, 266, 268, 269, 271, 272, 281, 284, 286, 289, 292, 296, 299, 302, 305, 309, 319, 323, 339, 342, 344, 345, 347, 348, 350, 357, 359, 360, 362, 366, 368, 372, 374, 378, 380, 381, 383, 387, 389, 396, 398, 399, 401, 402, 404, 408, 410, 411, 413, 417, 419, 426, 428, 432, 434, 435, 437, 438, 440, 441, 443, 444, 446, 447, 449, 450, 452, 454, 456, 457, 459, 461, 462, 463, 464, 486, 493, 499, 534, 541, 561, 575, 579, 583, 587, 591, 607, 611, 615, 617, 624, 626, 627, 629, 639, 641, 660, 662, 669, 671, 672, 674, 676, 678, 681, 683, 684, 685, 686, 687, 688, 693, 696, 697, 698, 699, 700, 701, 702, 703, 710, 711, 713, 714, 716, 717, 718, 720, 721, 722, 724, 727, 730, 731, 895, 896, 897, 901, 904, 905, 907, 908, 909, 910, 911, 912, 917, 929, 945, 950, 955, 970, 975, 980, 985, 995, 1005, 1010, 1015, 1020, 1024, 1026, 1027, 1035, 1042, 1044, 1048, 1050, 1052, 1054, 1056, 1060, 1062, 1064, 1066, 1086, 1087, 1091, 1093, 1094, 1095, 1097, 1098, 1128, 1129, 1130, 1131, 1132, 1133, 1134, 1135, 1136, 1137, 1140, 1141, 1142, 1143, 1144, 1145, 1153, 1157, 1158, 1161, 1162, 1164, 1220, 1221, 1224, 1225, 1226, 1227, 1228, 1229, 1285, 1286, 1287, 1291, 1292, 1293, 1304, 1305, 1306, 1336, 1356, 1377, 1378, 1379, 1380, 1381, 1382, 1383, 1391, 1392, 1393, 1394, 1395, 1396, 1398, 1399, 1401, 1402, 1408, 1437, 1438, 1441, 1442, 1443, 1444, 1447, 1448, 1452, 1457, 1458, 1461, 1462, 1471, 1472, 1475, 1476, 1479, 1480, 1496, 1505, 1517, 1523, 1529, 1535, 1544, 1547, 1553, 1559, 1562, 1568, 1574, 1577, 1583, 1586, 1592, 1601, 1607, 1613, 1622, 1625, 1628, 1631, 1634, 1640]","[9, 11, 19, 21, 31, 33, 49, 51, 86, 94, 106, 118, 124, 130, 176, 196, 225, 226, 228, 229, 238, 239, 241, 242, 247, 248, 253, 254, 256, 257, 274, 278, 312, 316, 354, 356, 363, 365, 369, 371, 390, 392, 405, 407, 420, 422, 423, 425, 429, 431, 453, 455, 460, 479, 568, 595, 603, 618, 620, 633, 635, 636, 638, 642, 644, 648, 650, 651, 653, 654, 656, 657, 659, 666, 668, 675, 677, 679, 691, 692, 694, 695, 708, 709, 715, 719, 723, 725, 726, 728, 898, 900, 902, 906, 915, 916, 919, 921, 923, 927, 931, 932, 935, 936, 943, 944, 965, 990, 1000, 1028, 1029, 1031, 1032, 1033, 1036, 1046, 1085, 1089, 1090, 1092, 1096, 1126, 1127, 1138, 1139, 1146, 1147, 1150, 1156, 1159, 1160, 1222, 1223, 1230, 1231, 1232, 1249, 1328, 1346, 1384, 1385, 1386, 1387, 1390, 1397, 1439, 1440, 1453, 1454, 1463, 1464, 1465, 1466, 1469, 1470, 1477, 1478, 1483, 1484, 1485, 1486, 1490, 1502, 1508, 1520, 1526, 1538, 1541, 1550, 1556, 1580, 1589, 1595, 1598, 1604, 1610, 1637]",[],,,,,,
strength,Nystroem_Ridge_control,4,3,355,0,177,"[3, 5, 9, 11, 19, 21, 31, 33, 37, 39, 49, 51, 52, 54, 68, 69, 70, 74, 86, 94, 98, 102, 106, 118, 124, 130, 133, 140, 156, 160, 164, 176, 196, 200, 204, 212, 219, 220, 225, 226, 228, 229, 230, 231, 238, 239, 241, 242, 247, 248, 253, 254, 256, 257, 262, 263, 265, 266, 268, 269, 271, 272, 274, 278, 281, 284, 286, 289, 292, 296, 305, 309, 312, 316, 339, 342, 344, 348, 350, 354, 356, 357, 359, 363, 365, 366, 368, 369, 371, 372, 374, 381, 383, 387, 389, 390, 392, 402, 404, 405, 407, 408, 410, 417, 419, 420, 422, 423, 425, 426, 428, 429, 431, 441, 443, 447, 449, 453, 454, 455, 457, 459, 460, 462, 464, 479, 486, 493, 499, 541, 568, 575, 595, 603, 607, 611, 618, 620, 627, 629, 633, 635, 636, 638, 639, 641, 642, 644, 648, 650, 651, 653, 654, 656, 657, 659, 666, 668, 669, 671, 675, 676, 677, 679, 685, 688, 691, 692, 694, 695, 696, 697, 698, 699, 700, 701, 702, 703, 708, 709, 715, 718, 719, 723, 725, 726, 727, 728, 730, 731, 896, 897, 898, 900, 902, 906, 915, 916, 919, 921, 923, 927, 931, 932, 935, 936, 943, 944, 950, 965, 980, 985, 990, 995, 1000, 1010, 1020, 1024, 1027, 1028, 1029, 1031, 1032, 1033, 1035, 1036, 1044, 1046, 1054, 1056, 1060, 1066, 1085, 1089, 1090, 1091, 1092, 1094, 1096, 1126, 1127, 1128, 1129, 1132, 1133, 1134, 1135, 1138, 1139, 1140, 1141, 1142, 1143, 1144, 1145, 1146, 1147, 1150, 1156, 1158, 1159, 1160, 1161, 1220, 1221, 1222, 1223, 1224, 1225, 1226, 1227, 1230, 1231, 1232, 1249, 1305, 1306, 1328, 1336, 1346, 1356, 1377, 1378, 1379, 1380, 1381, 1383, 1384, 1385, 1386, 1387, 1390, 1392, 1393, 1395, 1397, 1398, 1401, 1408, 1437, 1438, 1439, 1440, 1452, 1453, 1454, 1457, 1458, 1463, 1464, 1465, 1466, 1469, 1470, 1471, 1472, 1475, 1476, 1477, 1478, 1479, 1480, 1483, 1484, 1485, 1486, 1490, 1496, 1502, 1508, 1517, 1520, 1526, 1529, 1535, 1538, 1541, 1550, 1553, 1556, 1559, 1562, 1568, 1580, 1589, 1592, 1595, 1598, 1604, 1607, 1610, 1622, 1625, 1637, 1640]","[6, 8, 12, 13, 14, 16, 17, 18, 28, 30, 46, 48, 58, 59, 60, 61, 62, 63, 64, 65, 66, 67, 110, 121, 127, 136, 148, 172, 184, 208, 222, 223, 233, 234, 235, 236, 244, 245, 250, 251, 259, 260, 299, 302, 319, 323, 345, 347, 360, 362, 378, 380, 396, 398, 399, 401, 411, 413, 432, 434, 435, 437, 438, 440, 444, 446, 450, 452, 456, 461, 463, 534, 561, 579, 583, 587, 591, 615, 617, 624, 626, 660, 662, 672, 674, 678, 681, 683, 684, 686, 687, 693, 710, 711, 713, 714, 716, 717, 720, 721, 722, 724, 895, 901, 904, 905, 907, 908, 909, 910, 911, 912, 917, 929, 945, 955, 970, 975, 1005, 1015, 1026, 1042, 1048, 1050, 1052, 1062, 1064, 1086, 1087, 1093, 1095, 1097, 1098, 1130, 1131, 1136, 1137, 1153, 1157, 1162, 1164, 1228, 1229, 1285, 1286, 1287, 1291, 1292, 1293, 1304, 1382, 1391, 1394, 1396, 1399, 1402, 1441, 1442, 1443, 1444, 1447, 1448, 1461, 1462, 1505, 1523, 1544, 1547, 1574, 1577, 1583, 1586, 1601, 1613, 1628, 1631, 1634]",[],,,,,,
strength,Nystroem_Ridge_control,4,0,532,0,133,"[3, 5, 6, 8, 9, 11, 12, 13, 14, 16, 17, 18, 19, 21, 28, 30, 31, 33, 37, 39, 46, 48, 49, 51, 52, 54, 58, 59, 60, 61, 62, 63, 64, 65, 66, 67, 68, 69, 70, 74, 86, 94, 98, 102, 106, 110, 118, 121, 124, 127, 130, 133, 136, 140, 148, 156, 160, 164, 172, 176, 184, 196, 200, 204, 208, 212, 219, 220, 222, 223, 225, 226, 228, 229, 230, 231, 233, 234, 235, 236, 238, 239, 241, 242, 244, 245, 247, 248, 250, 251, 253, 254, 256, 257, 259, 260, 262, 263, 265, 266, 268, 269, 271, 272, 274, 278, 281, 284, 286, 289, 292, 296, 299, 302, 305, 309, 312, 316, 319, 323, 339, 342, 344, 345, 347, 348, 350, 354, 356, 357, 359, 360, 362, 363, 365, 366, 368, 369, 371, 372, 374, 378, 380, 381, 383, 387, 389, 390, 392, 396, 398, 399, 401, 402, 404, 405, 407, 408, 410, 411, 413, 417, 419, 420, 422, 423, 425, 426, 428, 429, 431, 432, 434, 435, 437, 438, 440, 441, 443, 444, 446, 447, 449, 450, 452, 453, 454, 455, 456, 457, 459, 460, 461, 462, 463, 464, 479, 486, 493, 499, 534, 541, 561, 568, 575, 579, 583, 587, 591, 595, 603, 607, 611, 615, 617, 618, 620, 624, 626, 627, 629, 633, 635, 636, 638, 639, 641, 642, 644, 648, 650, 651, 653, 654, 656, 657, 659, 660, 662, 666, 668, 669, 671, 672, 674, 675, 676, 677, 678, 679, 681, 683, 684, 685, 686, 687, 688, 691, 692, 693, 694, 695, 696, 697, 698, 699, 700, 701, 702, 703, 708, 709, 710, 711, 713, 714, 715, 716, 717, 718, 719, 720, 721, 722, 723, 724, 725, 726, 727, 728, 730, 731, 895, 896, 897, 898, 900, 901, 902, 904, 905, 906, 907, 908, 909, 910, 911, 912, 915, 916, 917, 919, 921, 923, 927, 929, 931, 932, 935, 936, 943, 944, 945, 950, 955, 965, 970, 975, 980, 985, 990, 995, 1000, 1005, 1010, 1015, 1020, 1024, 1026, 1027, 1028, 1029, 1031, 1032, 1033, 1035, 1036, 1042, 1044, 1046, 1048, 1050, 1052, 1054, 1056, 1060, 1062, 1064, 1066, 1085, 1086, 1087, 1089, 1090, 1091, 1092, 1093, 1094, 1095, 1096, 1097, 1098, 1126, 1127, 1128, 1129, 1130, 1131, 1132, 1133, 1134, 1135, 1136, 1137, 1138, 1139, 1140, 1141, 1142, 1143, 1144, 1145, 1146, 1147, 1150, 1153, 1156, 1157, 1158, 1159, 1160, 1161, 1162, 1164, 1220, 1221, 1222, 1223, 1224, 1225, 1226, 1227, 1228, 1229, 1230, 1231, 1232, 1249, 1285, 1286, 1287, 1291, 1292, 1293, 1304, 1305, 1306, 1328, 1336, 1346, 1356, 1377, 1378, 1379, 1380, 1381, 1382, 1383, 1384, 1385, 1386, 1387, 1390, 1391, 1392, 1393, 1394, 1395, 1396, 1397, 1398, 1399, 1401, 1402, 1408, 1437, 1438, 1439, 1440, 1441, 1442, 1443, 1444, 1447, 1448, 1452, 1453, 1454, 1457, 1458, 1461, 1462, 1463, 1464, 1465, 1466, 1469, 1470, 1471, 1472, 1475, 1476, 1477, 1478, 1479, 1480, 1483, 1484, 1485, 1486, 1490, 1496, 1502, 1505, 1508, 1517, 1520, 1523, 1526, 1529, 1535, 1538, 1541, 1544, 1547, 1550, 1553, 1556, 1559, 1562, 1568, 1574, 1577, 1580, 1583, 1586, 1589, 1592, 1595, 1598, 1601, 1604, 1607, 1610, 1613, 1622, 1625, 1628, 1631, 1634, 1637, 1640]","[0, 2, 22, 24, 25, 27, 34, 36, 40, 42, 43, 45, 55, 57, 78, 82, 90, 114, 144, 152, 168, 180, 188, 192, 216, 217, 326, 330, 333, 335, 336, 338, 351, 353, 375, 377, 384, 386, 393, 395, 414, 416, 458, 465, 472, 506, 513, 520, 527, 548, 554, 599, 621, 623, 630, 632, 645, 647, 663, 665, 680, 682, 689, 690, 704, 705, 706, 707, 712, 729, 899, 903, 913, 914, 925, 933, 934, 937, 938, 939, 940, 941, 942, 960, 1025, 1030, 1038, 1040, 1058, 1084, 1088, 1099, 1148, 1149, 1163, 1165, 1238, 1243, 1297, 1298, 1299, 1303, 1307, 1319, 1367, 1388, 1389, 1400, 1403, 1404, 1445, 1446, 1449, 1450, 1455, 1456, 1459, 1460, 1467, 1468, 1473, 1474, 1481, 1482, 1487, 1493, 1499, 1511, 1532, 1565, 1571, 1616, 1619]",[],532.0,0.0,0.0,0.0,0.0,
strength,Graph_labeled_only,4,1,354,0,178,"[6, 8, 9, 11, 12, 13, 14, 16, 17, 18, 19, 21, 28, 30, 31, 33, 46, 48, 49, 51, 58, 59, 60, 61, 62, 63, 64, 65, 66, 67, 86, 94, 106, 110, 118, 121, 124, 127, 130, 136, 148, 172, 176, 184, 196, 208, 222, 223, 225, 226, 228, 229, 233, 234, 235, 236, 238, 239, 241, 242, 244, 245, 247, 248, 250, 251, 253, 254, 256, 257, 259, 260, 274, 278, 299, 302, 312, 316, 319, 323, 345, 347, 354, 356, 360, 362, 363, 365, 369, 371, 378, 380, 390, 392, 396, 398, 399, 401, 405, 407, 411, 413, 420, 422, 423, 425, 429, 431, 432, 434, 435, 437, 438, 440, 444, 446, 450, 452, 453, 455, 456, 460, 461, 463, 479, 534, 561, 568, 579, 583, 587, 591, 595, 603, 615, 617, 618, 620, 624, 626, 633, 635, 636, 638, 642, 644, 648, 650, 651, 653, 654, 656, 657, 659, 660, 662, 666, 668, 672, 674, 675, 677, 678, 679, 681, 683, 684, 686, 687, 691, 692, 693, 694, 695, 708, 709, 710, 711, 713, 714, 715, 716, 717, 719, 720, 721, 722, 723, 724, 725, 726, 728, 895, 898, 900, 901, 902, 904, 905, 906, 907, 908, 909, 910, 911, 912, 915, 916, 917, 919, 921, 923, 927, 929, 931, 932, 935, 936, 943, 944, 945, 955, 965, 970, 975, 990, 1000, 1005, 1015, 1026, 1028, 1029, 1031, 1032, 1033, 1036, 1042, 1046, 1048, 1050, 1052, 1062, 1064, 1085, 1086, 1087, 1089, 1090, 1092, 1093, 1095, 1096, 1097, 1098, 1126, 1127, 1130, 1131, 1136, 1137, 1138, 1139, 1146, 1147, 1150, 1153, 1156, 1157, 1159, 1160, 1162, 1164, 1222, 1223, 1228, 1229, 1230, 1231, 1232, 1249, 1285, 1286, 1287, 1291, 1292, 1293, 1304, 1328, 1346, 1382, 1384, 1385, 1386, 1387, 1390, 1391, 1394, 1396, 1397, 1399, 1402, 1439, 1440, 1441, 1442, 1443, 1444, 1447, 1448, 1453, 1454, 1461, 1462, 1463, 1464, 1465, 1466, 1469, 1470, 1477, 1478, 1483, 1484, 1485, 1486, 1490, 1502, 1505, 1508, 1520, 1523, 1526, 1538, 1541, 1544, 1547, 1550, 1556, 1574, 1577, 1580, 1583, 1586, 1589, 1595, 1598, 1601, 1604, 1610, 1613, 1628, 1631, 1634, 1637]","[3, 5, 37, 39, 52, 54, 68, 69, 70, 74, 98, 102, 133, 140, 156, 160, 164, 200, 204, 212, 219, 220, 230, 231, 262, 263, 265, 266, 268, 269, 271, 272, 281, 284, 286, 289, 292, 296, 305, 309, 339, 342, 344, 348, 350, 357, 359, 366, 368, 372, 374, 381, 383, 387, 389, 402, 404, 408, 410, 417, 419, 426, 428, 441, 443, 447, 449, 454, 457, 459, 462, 464, 486, 493, 499, 541, 575, 607, 611, 627, 629, 639, 641, 669, 671, 676, 685, 688, 696, 697, 698, 699, 700, 701, 702, 703, 718, 727, 730, 731, 896, 897, 950, 980, 985, 995, 1010, 1020, 1024, 1027, 1035, 1044, 1054, 1056, 1060, 1066, 1091, 1094, 1128, 1129, 1132, 1133, 1134, 1135, 1140, 1141, 1142, 1143, 1144, 1145, 1158, 1161, 1220, 1221, 1224, 1225, 1226, 1227, 1305, 1306, 1336, 1356, 1377, 1378, 1379, 1380, 1381, 1383, 1392, 1393, 1395, 1398, 1401, 1408, 1437, 1438, 1452, 1457, 1458, 1471, 1472, 1475, 1476, 1479, 1480, 1496, 1517, 1529, 1535, 1553, 1559, 1562, 1568, 1592, 1607, 1622, 1625, 1640]",[],,,,,,
strength,Graph_labeled_only,4,2,355,0,177,"[3, 5, 6, 8, 12, 13, 14, 16, 17, 18, 28, 30, 37, 39, 46, 48, 52, 54, 58, 59, 60, 61, 62, 63, 64, 65, 66, 67, 68, 69, 70, 74, 98, 102, 110, 121, 127, 133, 136, 140, 148, 156, 160, 164, 172, 184, 200, 204, 208, 212, 219, 220, 222, 223, 230, 231, 233, 234, 235, 236, 244, 245, 250, 251, 259, 260, 262, 263, 265, 266, 268, 269, 271, 272, 281, 284, 286, 289, 292, 296, 299, 302, 305, 309, 319, 323, 339, 342, 344, 345, 347, 348, 350, 357, 359, 360, 362, 366, 368, 372, 374, 378, 380, 381, 383, 387, 389, 396, 398, 399, 401, 402, 404, 408, 410, 411, 413, 417, 419, 426, 428, 432, 434, 435, 437, 438, 440, 441, 443, 444, 446, 447, 449, 450, 452, 454, 456, 457, 459, 461, 462, 463, 464, 486, 493, 499, 534, 541, 561, 575, 579, 583, 587, 591, 607, 611, 615, 617, 624, 626, 627, 629, 639, 641, 660, 662, 669, 671, 672, 674, 676, 678, 681, 683, 684, 685, 686, 687, 688, 693, 696, 697, 698, 699, 700, 701, 702, 703, 710, 711, 713, 714, 716, 717, 718, 720, 721, 722, 724, 727, 730, 731, 895, 896, 897, 901, 904, 905, 907, 908, 909, 910, 911, 912, 917, 929, 945, 950, 955, 970, 975, 980, 985, 995, 1005, 1010, 1015, 1020, 1024, 1026, 1027, 1035, 1042, 1044, 1048, 1050, 1052, 1054, 1056, 1060, 1062, 1064, 1066, 1086, 1087, 1091, 1093, 1094, 1095, 1097, 1098, 1128, 1129, 1130, 1131, 1132, 1133, 1134, 1135, 1136, 1137, 1140, 1141, 1142, 1143, 1144, 1145, 1153, 1157, 1158, 1161, 1162, 1164, 1220, 1221, 1224, 1225, 1226, 1227, 1228, 1229, 1285, 1286, 1287, 1291, 1292, 1293, 1304, 1305, 1306, 1336, 1356, 1377, 1378, 1379, 1380, 1381, 1382, 1383, 1391, 1392, 1393, 1394, 1395, 1396, 1398, 1399, 1401, 1402, 1408, 1437, 1438, 1441, 1442, 1443, 1444, 1447, 1448, 1452, 1457, 1458, 1461, 1462, 1471, 1472, 1475, 1476, 1479, 1480, 1496, 1505, 1517, 1523, 1529, 1535, 1544, 1547, 1553, 1559, 1562, 1568, 1574, 1577, 1583, 1586, 1592, 1601, 1607, 1613, 1622, 1625, 1628, 1631, 1634, 1640]","[9, 11, 19, 21, 31, 33, 49, 51, 86, 94, 106, 118, 124, 130, 176, 196, 225, 226, 228, 229, 238, 239, 241, 242, 247, 248, 253, 254, 256, 257, 274, 278, 312, 316, 354, 356, 363, 365, 369, 371, 390, 392, 405, 407, 420, 422, 423, 425, 429, 431, 453, 455, 460, 479, 568, 595, 603, 618, 620, 633, 635, 636, 638, 642, 644, 648, 650, 651, 653, 654, 656, 657, 659, 666, 668, 675, 677, 679, 691, 692, 694, 695, 708, 709, 715, 719, 723, 725, 726, 728, 898, 900, 902, 906, 915, 916, 919, 921, 923, 927, 931, 932, 935, 936, 943, 944, 965, 990, 1000, 1028, 1029, 1031, 1032, 1033, 1036, 1046, 1085, 1089, 1090, 1092, 1096, 1126, 1127, 1138, 1139, 1146, 1147, 1150, 1156, 1159, 1160, 1222, 1223, 1230, 1231, 1232, 1249, 1328, 1346, 1384, 1385, 1386, 1387, 1390, 1397, 1439, 1440, 1453, 1454, 1463, 1464, 1465, 1466, 1469, 1470, 1477, 1478, 1483, 1484, 1485, 1486, 1490, 1502, 1508, 1520, 1526, 1538, 1541, 1550, 1556, 1580, 1589, 1595, 1598, 1604, 1610, 1637]",[],,,,,,
strength,Graph_labeled_only,4,3,355,0,177,"[3, 5, 9, 11, 19, 21, 31, 33, 37, 39, 49, 51, 52, 54, 68, 69, 70, 74, 86, 94, 98, 102, 106, 118, 124, 130, 133, 140, 156, 160, 164, 176, 196, 200, 204, 212, 219, 220, 225, 226, 228, 229, 230, 231, 238, 239, 241, 242, 247, 248, 253, 254, 256, 257, 262, 263, 265, 266, 268, 269, 271, 272, 274, 278, 281, 284, 286, 289, 292, 296, 305, 309, 312, 316, 339, 342, 344, 348, 350, 354, 356, 357, 359, 363, 365, 366, 368, 369, 371, 372, 374, 381, 383, 387, 389, 390, 392, 402, 404, 405, 407, 408, 410, 417, 419, 420, 422, 423, 425, 426, 428, 429, 431, 441, 443, 447, 449, 453, 454, 455, 457, 459, 460, 462, 464, 479, 486, 493, 499, 541, 568, 575, 595, 603, 607, 611, 618, 620, 627, 629, 633, 635, 636, 638, 639, 641, 642, 644, 648, 650, 651, 653, 654, 656, 657, 659, 666, 668, 669, 671, 675, 676, 677, 679, 685, 688, 691, 692, 694, 695, 696, 697, 698, 699, 700, 701, 702, 703, 708, 709, 715, 718, 719, 723, 725, 726, 727, 728, 730, 731, 896, 897, 898, 900, 902, 906, 915, 916, 919, 921, 923, 927, 931, 932, 935, 936, 943, 944, 950, 965, 980, 985, 990, 995, 1000, 1010, 1020, 1024, 1027, 1028, 1029, 1031, 1032, 1033, 1035, 1036, 1044, 1046, 1054, 1056, 1060, 1066, 1085, 1089, 1090, 1091, 1092, 1094, 1096, 1126, 1127, 1128, 1129, 1132, 1133, 1134, 1135, 1138, 1139, 1140, 1141, 1142, 1143, 1144, 1145, 1146, 1147, 1150, 1156, 1158, 1159, 1160, 1161, 1220, 1221, 1222, 1223, 1224, 1225, 1226, 1227, 1230, 1231, 1232, 1249, 1305, 1306, 1328, 1336, 1346, 1356, 1377, 1378, 1379, 1380, 1381, 1383, 1384, 1385, 1386, 1387, 1390, 1392, 1393, 1395, 1397, 1398, 1401, 1408, 1437, 1438, 1439, 1440, 1452, 1453, 1454, 1457, 1458, 1463, 1464, 1465, 1466, 1469, 1470, 1471, 1472, 1475, 1476, 1477, 1478, 1479, 1480, 1483, 1484, 1485, 1486, 1490, 1496, 1502, 1508, 1517, 1520, 1526, 1529, 1535, 1538, 1541, 1550, 1553, 1556, 1559, 1562, 1568, 1580, 1589, 1592, 1595, 1598, 1604, 1607, 1610, 1622, 1625, 1637, 1640]","[6, 8, 12, 13, 14, 16, 17, 18, 28, 30, 46, 48, 58, 59, 60, 61, 62, 63, 64, 65, 66, 67, 110, 121, 127, 136, 148, 172, 184, 208, 222, 223, 233, 234, 235, 236, 244, 245, 250, 251, 259, 260, 299, 302, 319, 323, 345, 347, 360, 362, 378, 380, 396, 398, 399, 401, 411, 413, 432, 434, 435, 437, 438, 440, 444, 446, 450, 452, 456, 461, 463, 534, 561, 579, 583, 587, 591, 615, 617, 624, 626, 660, 662, 672, 674, 678, 681, 683, 684, 686, 687, 693, 710, 711, 713, 714, 716, 717, 720, 721, 722, 724, 895, 901, 904, 905, 907, 908, 909, 910, 911, 912, 917, 929, 945, 955, 970, 975, 1005, 1015, 1026, 1042, 1048, 1050, 1052, 1062, 1064, 1086, 1087, 1093, 1095, 1097, 1098, 1130, 1131, 1136, 1137, 1153, 1157, 1162, 1164, 1228, 1229, 1285, 1286, 1287, 1291, 1292, 1293, 1304, 1382, 1391, 1394, 1396, 1399, 1402, 1441, 1442, 1443, 1444, 1447, 1448, 1461, 1462, 1505, 1523, 1544, 1547, 1574, 1577, 1583, 1586, 1601, 1613, 1628, 1631, 1634]",[],,,,,,
strength,Graph_labeled_only,4,0,532,0,133,"[3, 5, 6, 8, 9, 11, 12, 13, 14, 16, 17, 18, 19, 21, 28, 30, 31, 33, 37, 39, 46, 48, 49, 51, 52, 54, 58, 59, 60, 61, 62, 63, 64, 65, 66, 67, 68, 69, 70, 74, 86, 94, 98, 102, 106, 110, 118, 121, 124, 127, 130, 133, 136, 140, 148, 156, 160, 164, 172, 176, 184, 196, 200, 204, 208, 212, 219, 220, 222, 223, 225, 226, 228, 229, 230, 231, 233, 234, 235, 236, 238, 239, 241, 242, 244, 245, 247, 248, 250, 251, 253, 254, 256, 257, 259, 260, 262, 263, 265, 266, 268, 269, 271, 272, 274, 278, 281, 284, 286, 289, 292, 296, 299, 302, 305, 309, 312, 316, 319, 323, 339, 342, 344, 345, 347, 348, 350, 354, 356, 357, 359, 360, 362, 363, 365, 366, 368, 369, 371, 372, 374, 378, 380, 381, 383, 387, 389, 390, 392, 396, 398, 399, 401, 402, 404, 405, 407, 408, 410, 411, 413, 417, 419, 420, 422, 423, 425, 426, 428, 429, 431, 432, 434, 435, 437, 438, 440, 441, 443, 444, 446, 447, 449, 450, 452, 453, 454, 455, 456, 457, 459, 460, 461, 462, 463, 464, 479, 486, 493, 499, 534, 541, 561, 568, 575, 579, 583, 587, 591, 595, 603, 607, 611, 615, 617, 618, 620, 624, 626, 627, 629, 633, 635, 636, 638, 639, 641, 642, 644, 648, 650, 651, 653, 654, 656, 657, 659, 660, 662, 666, 668, 669, 671, 672, 674, 675, 676, 677, 678, 679, 681, 683, 684, 685, 686, 687, 688, 691, 692, 693, 694, 695, 696, 697, 698, 699, 700, 701, 702, 703, 708, 709, 710, 711, 713, 714, 715, 716, 717, 718, 719, 720, 721, 722, 723, 724, 725, 726, 727, 728, 730, 731, 895, 896, 897, 898, 900, 901, 902, 904, 905, 906, 907, 908, 909, 910, 911, 912, 915, 916, 917, 919, 921, 923, 927, 929, 931, 932, 935, 936, 943, 944, 945, 950, 955, 965, 970, 975, 980, 985, 990, 995, 1000, 1005, 1010, 1015, 1020, 1024, 1026, 1027, 1028, 1029, 1031, 1032, 1033, 1035, 1036, 1042, 1044, 1046, 1048, 1050, 1052, 1054, 1056, 1060, 1062, 1064, 1066, 1085, 1086, 1087, 1089, 1090, 1091, 1092, 1093, 1094, 1095, 1096, 1097, 1098, 1126, 1127, 1128, 1129, 1130, 1131, 1132, 1133, 1134, 1135, 1136, 1137, 1138, 1139, 1140, 1141, 1142, 1143, 1144, 1145, 1146, 1147, 1150, 1153, 1156, 1157, 1158, 1159, 1160, 1161, 1162, 1164, 1220, 1221, 1222, 1223, 1224, 1225, 1226, 1227, 1228, 1229, 1230, 1231, 1232, 1249, 1285, 1286, 1287, 1291, 1292, 1293, 1304, 1305, 1306, 1328, 1336, 1346, 1356, 1377, 1378, 1379, 1380, 1381, 1382, 1383, 1384, 1385, 1386, 1387, 1390, 1391, 1392, 1393, 1394, 1395, 1396, 1397, 1398, 1399, 1401, 1402, 1408, 1437, 1438, 1439, 1440, 1441, 1442, 1443, 1444, 1447, 1448, 1452, 1453, 1454, 1457, 1458, 1461, 1462, 1463, 1464, 1465, 1466, 1469, 1470, 1471, 1472, 1475, 1476, 1477, 1478, 1479, 1480, 1483, 1484, 1485, 1486, 1490, 1496, 1502, 1505, 1508, 1517, 1520, 1523, 1526, 1529, 1535, 1538, 1541, 1544, 1547, 1550, 1553, 1556, 1559, 1562, 1568, 1574, 1577, 1580, 1583, 1586, 1589, 1592, 1595, 1598, 1601, 1604, 1607, 1610, 1613, 1622, 1625, 1628, 1631, 1634, 1637, 1640]","[0, 2, 22, 24, 25, 27, 34, 36, 40, 42, 43, 45, 55, 57, 78, 82, 90, 114, 144, 152, 168, 180, 188, 192, 216, 217, 326, 330, 333, 335, 336, 338, 351, 353, 375, 377, 384, 386, 393, 395, 414, 416, 458, 465, 472, 506, 513, 520, 527, 548, 554, 599, 621, 623, 630, 632, 645, 647, 663, 665, 680, 682, 689, 690, 704, 705, 706, 707, 712, 729, 899, 903, 913, 914, 925, 933, 934, 937, 938, 939, 940, 941, 942, 960, 1025, 1030, 1038, 1040, 1058, 1084, 1088, 1099, 1148, 1149, 1163, 1165, 1238, 1243, 1297, 1298, 1299, 1303, 1307, 1319, 1367, 1388, 1389, 1400, 1403, 1404, 1445, 1446, 1449, 1450, 1455, 1456, 1459, 1460, 1467, 1468, 1473, 1474, 1481, 1482, 1487, 1493, 1499, 1511, 1532, 1565, 1571, 1616, 1619]",[],532.0,3408.0,4.0,0.0,0.008035303795470196,2.114630727937863
strength,Graph_semi_supervised,4,1,354,632,178,"[6, 8, 9, 11, 12, 13, 14, 16, 17, 18, 19, 21, 28, 30, 31, 33, 46, 48, 49, 51, 58, 59, 60, 61, 62, 63, 64, 65, 66, 67, 86, 94, 106, 110, 118, 121, 124, 127, 130, 136, 148, 172, 176, 184, 196, 208, 222, 223, 225, 226, 228, 229, 233, 234, 235, 236, 238, 239, 241, 242, 244, 245, 247, 248, 250, 251, 253, 254, 256, 257, 259, 260, 274, 278, 299, 302, 312, 316, 319, 323, 345, 347, 354, 356, 360, 362, 363, 365, 369, 371, 378, 380, 390, 392, 396, 398, 399, 401, 405, 407, 411, 413, 420, 422, 423, 425, 429, 431, 432, 434, 435, 437, 438, 440, 444, 446, 450, 452, 453, 455, 456, 460, 461, 463, 479, 534, 561, 568, 579, 583, 587, 591, 595, 603, 615, 617, 618, 620, 624, 626, 633, 635, 636, 638, 642, 644, 648, 650, 651, 653, 654, 656, 657, 659, 660, 662, 666, 668, 672, 674, 675, 677, 678, 679, 681, 683, 684, 686, 687, 691, 692, 693, 694, 695, 708, 709, 710, 711, 713, 714, 715, 716, 717, 719, 720, 721, 722, 723, 724, 725, 726, 728, 895, 898, 900, 901, 902, 904, 905, 906, 907, 908, 909, 910, 911, 912, 915, 916, 917, 919, 921, 923, 927, 929, 931, 932, 935, 936, 943, 944, 945, 955, 965, 970, 975, 990, 1000, 1005, 1015, 1026, 1028, 1029, 1031, 1032, 1033, 1036, 1042, 1046, 1048, 1050, 1052, 1062, 1064, 1085, 1086, 1087, 1089, 1090, 1092, 1093, 1095, 1096, 1097, 1098, 1126, 1127, 1130, 1131, 1136, 1137, 1138, 1139, 1146, 1147, 1150, 1153, 1156, 1157, 1159, 1160, 1162, 1164, 1222, 1223, 1228, 1229, 1230, 1231, 1232, 1249, 1285, 1286, 1287, 1291, 1292, 1293, 1304, 1328, 1346, 1382, 1384, 1385, 1386, 1387, 1390, 1391, 1394, 1396, 1397, 1399, 1402, 1439, 1440, 1441, 1442, 1443, 1444, 1447, 1448, 1453, 1454, 1461, 1462, 1463, 1464, 1465, 1466, 1469, 1470, 1477, 1478, 1483, 1484, 1485, 1486, 1490, 1502, 1505, 1508, 1520, 1523, 1526, 1538, 1541, 1544, 1547, 1550, 1556, 1574, 1577, 1580, 1583, 1586, 1589, 1595, 1598, 1601, 1604, 1610, 1613, 1628, 1631, 1634, 1637]","[3, 5, 37, 39, 52, 54, 68, 69, 70, 74, 98, 102, 133, 140, 156, 160, 164, 200, 204, 212, 219, 220, 230, 231, 262, 263, 265, 266, 268, 269, 271, 272, 281, 284, 286, 289, 292, 296, 305, 309, 339, 342, 344, 348, 350, 357, 359, 366, 368, 372, 374, 381, 383, 387, 389, 402, 404, 408, 410, 417, 419, 426, 428, 441, 443, 447, 449, 454, 457, 459, 462, 464, 486, 493, 499, 541, 575, 607, 611, 627, 629, 639, 641, 669, 671, 676, 685, 688, 696, 697, 698, 699, 700, 701, 702, 703, 718, 727, 730, 731, 896, 897, 950, 980, 985, 995, 1010, 1020, 1024, 1027, 1035, 1044, 1054, 1056, 1060, 1066, 1091, 1094, 1128, 1129, 1132, 1133, 1134, 1135, 1140, 1141, 1142, 1143, 1144, 1145, 1158, 1161, 1220, 1221, 1224, 1225, 1226, 1227, 1305, 1306, 1336, 1356, 1377, 1378, 1379, 1380, 1381, 1383, 1392, 1393, 1395, 1398, 1401, 1408, 1437, 1438, 1452, 1457, 1458, 1471, 1472, 1475, 1476, 1479, 1480, 1496, 1517, 1529, 1535, 1553, 1559, 1562, 1568, 1592, 1607, 1622, 1625, 1640]","[7, 10, 15, 20, 29, 32, 47, 50, 87, 88, 89, 95, 96, 97, 107, 108, 109, 111, 112, 113, 119, 120, 122, 123, 125, 126, 128, 129, 131, 132, 137, 138, 139, 149, 150, 151, 173, 174, 175, 177, 178, 179, 185, 186, 187, 197, 198, 199, 209, 210, 211, 224, 227, 237, 240, 243, 246, 249, 252, 255, 258, 261, 275, 276, 277, 279, 280, 300, 301, 303, 304, 313, 314, 315, 317, 318, 320, 321, 322, 324, 325, 346, 355, 361, 364, 370, 379, 391, 397, 400, 406, 412, 421, 424, 430, 433, 436, 439, 445, 451, 480, 481, 482, 483, 484, 485, 535, 536, 537, 538, 539, 540, 562, 563, 564, 565, 566, 567, 569, 570, 571, 572, 573, 574, 580, 581, 582, 584, 585, 586, 588, 589, 590, 592, 593, 594, 596, 597, 598, 604, 605, 606, 616, 619, 625, 634, 637, 643, 649, 652, 655, 658, 661, 667, 673, 732, 733, 734, 735, 736, 737, 738, 739, 740, 741, 742, 743, 744, 745, 746, 747, 748, 749, 750, 751, 752, 753, 754, 755, 756, 757, 758, 759, 760, 761, 762, 763, 764, 765, 766, 767, 768, 769, 770, 771, 772, 773, 774, 775, 776, 777, 778, 779, 780, 781, 782, 783, 784, 785, 786, 787, 788, 789, 790, 791, 792, 793, 794, 795, 796, 797, 798, 799, 800, 801, 802, 803, 804, 805, 806, 807, 808, 809, 810, 811, 812, 813, 814, 815, 816, 817, 818, 819, 820, 821, 822, 823, 824, 825, 826, 827, 828, 829, 830, 831, 832, 833, 834, 835, 836, 837, 838, 839, 840, 841, 842, 843, 844, 845, 846, 847, 848, 849, 850, 851, 852, 853, 854, 855, 856, 857, 858, 859, 860, 861, 862, 863, 864, 865, 866, 867, 868, 869, 870, 871, 872, 873, 874, 875, 876, 877, 878, 879, 880, 881, 882, 883, 884, 885, 886, 887, 888, 889, 890, 891, 892, 893, 894, 918, 920, 922, 924, 928, 930, 946, 947, 948, 949, 956, 957, 958, 959, 966, 967, 968, 969, 971, 972, 973, 974, 976, 977, 978, 979, 991, 992, 993, 994, 1001, 1002, 1003, 1004, 1006, 1007, 1008, 1009, 1016, 1017, 1018, 1019, 1034, 1037, 1043, 1047, 1049, 1051, 1053, 1063, 1065, 1068, 1069, 1070, 1071, 1072, 1073, 1074, 1075, 1076, 1077, 1078, 1079, 1080, 1081, 1082, 1083, 1100, 1101, 1102, 1103, 1104, 1105, 1106, 1107, 1108, 1109, 1110, 1111, 1112, 1113, 1114, 1115, 1116, 1117, 1118, 1119, 1120, 1121, 1122, 1123, 1124, 1125, 1151, 1152, 1154, 1155, 1166, 1167, 1168, 1169, 1170, 1171, 1172, 1173, 1174, 1175, 1176, 1177, 1178, 1179, 1180, 1181, 1182, 1183, 1184, 1185, 1186, 1187, 1188, 1189, 1190, 1191, 1192, 1193, 1194, 1195, 1196, 1197, 1198, 1199, 1200, 1201, 1202, 1203, 1204, 1205, 1206, 1207, 1208, 1209, 1210, 1211, 1212, 1213, 1214, 1215, 1216, 1217, 1218, 1219, 1233, 1234, 1235, 1236, 1237, 1250, 1251, 1252, 1253, 1254, 1255, 1256, 1257, 1258, 1259, 1260, 1261, 1262, 1263, 1264, 1265, 1266, 1267, 1268, 1269, 1270, 1271, 1272, 1273, 1274, 1275, 1276, 1277, 1278, 1279, 1280, 1281, 1282, 1283, 1284, 1288, 1289, 1290, 1294, 1295, 1296, 1329, 1330, 1331, 1332, 1333, 1334, 1335, 1347, 1348, 1349, 1350, 1351, 1352, 1353, 1354, 1355, 1405, 1406, 1407, 1409, 1410, 1411, 1412, 1413, 1414, 1415, 1416, 1417, 1418, 1419, 1420, 1421, 1422, 1423, 1424, 1425, 1426, 1427, 1428, 1429, 1430, 1431, 1432, 1433, 1434, 1435, 1436, 1491, 1492, 1503, 1504, 1506, 1507, 1509, 1510, 1514, 1515, 1516, 1521, 1522, 1524, 1525, 1527, 1528, 1539, 1540, 1542, 1543, 1545, 1546, 1548, 1549, 1551, 1552, 1557, 1558, 1575, 1576, 1578, 1579, 1581, 1582, 1584, 1585, 1587, 1588, 1590, 1591, 1596, 1597, 1599, 1600, 1602, 1603, 1605, 1606, 1611, 1612, 1614, 1615, 1629, 1630, 1632, 1633, 1635, 1636, 1638, 1639, 1643, 1644, 1645, 1646, 1647, 1648, 1649, 1650, 1651]",,,,,,
strength,Graph_semi_supervised,4,2,355,665,177,"[3, 5, 6, 8, 12, 13, 14, 16, 17, 18, 28, 30, 37, 39, 46, 48, 52, 54, 58, 59, 60, 61, 62, 63, 64, 65, 66, 67, 68, 69, 70, 74, 98, 102, 110, 121, 127, 133, 136, 140, 148, 156, 160, 164, 172, 184, 200, 204, 208, 212, 219, 220, 222, 223, 230, 231, 233, 234, 235, 236, 244, 245, 250, 251, 259, 260, 262, 263, 265, 266, 268, 269, 271, 272, 281, 284, 286, 289, 292, 296, 299, 302, 305, 309, 319, 323, 339, 342, 344, 345, 347, 348, 350, 357, 359, 360, 362, 366, 368, 372, 374, 378, 380, 381, 383, 387, 389, 396, 398, 399, 401, 402, 404, 408, 410, 411, 413, 417, 419, 426, 428, 432, 434, 435, 437, 438, 440, 441, 443, 444, 446, 447, 449, 450, 452, 454, 456, 457, 459, 461, 462, 463, 464, 486, 493, 499, 534, 541, 561, 575, 579, 583, 587, 591, 607, 611, 615, 617, 624, 626, 627, 629, 639, 641, 660, 662, 669, 671, 672, 674, 676, 678, 681, 683, 684, 685, 686, 687, 688, 693, 696, 697, 698, 699, 700, 701, 702, 703, 710, 711, 713, 714, 716, 717, 718, 720, 721, 722, 724, 727, 730, 731, 895, 896, 897, 901, 904, 905, 907, 908, 909, 910, 911, 912, 917, 929, 945, 950, 955, 970, 975, 980, 985, 995, 1005, 1010, 1015, 1020, 1024, 1026, 1027, 1035, 1042, 1044, 1048, 1050, 1052, 1054, 1056, 1060, 1062, 1064, 1066, 1086, 1087, 1091, 1093, 1094, 1095, 1097, 1098, 1128, 1129, 1130, 1131, 1132, 1133, 1134, 1135, 1136, 1137, 1140, 1141, 1142, 1143, 1144, 1145, 1153, 1157, 1158, 1161, 1162, 1164, 1220, 1221, 1224, 1225, 1226, 1227, 1228, 1229, 1285, 1286, 1287, 1291, 1292, 1293, 1304, 1305, 1306, 1336, 1356, 1377, 1378, 1379, 1380, 1381, 1382, 1383, 1391, 1392, 1393, 1394, 1395, 1396, 1398, 1399, 1401, 1402, 1408, 1437, 1438, 1441, 1442, 1443, 1444, 1447, 1448, 1452, 1457, 1458, 1461, 1462, 1471, 1472, 1475, 1476, 1479, 1480, 1496, 1505, 1517, 1523, 1529, 1535, 1544, 1547, 1553, 1559, 1562, 1568, 1574, 1577, 1583, 1586, 1592, 1601, 1607, 1613, 1622, 1625, 1628, 1631, 1634, 1640]","[9, 11, 19, 21, 31, 33, 49, 51, 86, 94, 106, 118, 124, 130, 176, 196, 225, 226, 228, 229, 238, 239, 241, 242, 247, 248, 253, 254, 256, 257, 274, 278, 312, 316, 354, 356, 363, 365, 369, 371, 390, 392, 405, 407, 420, 422, 423, 425, 429, 431, 453, 455, 460, 479, 568, 595, 603, 618, 620, 633, 635, 636, 638, 642, 644, 648, 650, 651, 653, 654, 656, 657, 659, 666, 668, 675, 677, 679, 691, 692, 694, 695, 708, 709, 715, 719, 723, 725, 726, 728, 898, 900, 902, 906, 915, 916, 919, 921, 923, 927, 931, 932, 935, 936, 943, 944, 965, 990, 1000, 1028, 1029, 1031, 1032, 1033, 1036, 1046, 1085, 1089, 1090, 1092, 1096, 1126, 1127, 1138, 1139, 1146, 1147, 1150, 1156, 1159, 1160, 1222, 1223, 1230, 1231, 1232, 1249, 1328, 1346, 1384, 1385, 1386, 1387, 1390, 1397, 1439, 1440, 1453, 1454, 1463, 1464, 1465, 1466, 1469, 1470, 1477, 1478, 1483, 1484, 1485, 1486, 1490, 1502, 1508, 1520, 1526, 1538, 1541, 1550, 1556, 1580, 1589, 1595, 1598, 1604, 1610, 1637]","[4, 7, 15, 29, 38, 47, 53, 71, 72, 73, 75, 76, 77, 99, 100, 101, 103, 104, 105, 111, 112, 113, 122, 123, 128, 129, 134, 135, 137, 138, 139, 141, 142, 143, 149, 150, 151, 157, 158, 159, 161, 162, 163, 165, 166, 167, 173, 174, 175, 185, 186, 187, 201, 202, 203, 205, 206, 207, 209, 210, 211, 213, 214, 215, 221, 224, 232, 237, 246, 252, 261, 264, 267, 270, 273, 282, 283, 285, 287, 288, 290, 291, 293, 294, 295, 297, 298, 300, 301, 303, 304, 306, 307, 308, 310, 311, 320, 321, 322, 324, 325, 340, 341, 343, 346, 349, 358, 361, 367, 373, 379, 382, 388, 397, 400, 403, 409, 412, 418, 427, 433, 436, 439, 442, 445, 448, 451, 487, 488, 489, 490, 491, 492, 494, 495, 496, 497, 498, 500, 501, 502, 503, 504, 505, 535, 536, 537, 538, 539, 540, 542, 543, 544, 545, 546, 547, 562, 563, 564, 565, 566, 567, 576, 577, 578, 580, 581, 582, 584, 585, 586, 588, 589, 590, 592, 593, 594, 608, 609, 610, 612, 613, 614, 616, 625, 628, 640, 661, 670, 673, 732, 733, 734, 735, 736, 737, 738, 739, 740, 741, 742, 743, 744, 745, 746, 747, 748, 749, 750, 751, 752, 753, 754, 755, 756, 757, 758, 759, 760, 761, 762, 763, 764, 765, 766, 767, 768, 769, 770, 771, 772, 773, 774, 775, 776, 777, 778, 779, 780, 781, 782, 783, 784, 785, 786, 787, 788, 789, 790, 791, 792, 793, 794, 795, 796, 797, 798, 799, 800, 801, 802, 803, 804, 805, 806, 807, 808, 809, 810, 811, 812, 813, 814, 815, 816, 817, 818, 819, 820, 821, 822, 823, 824, 825, 826, 827, 828, 829, 830, 831, 832, 833, 834, 835, 836, 837, 838, 839, 840, 841, 842, 843, 844, 845, 846, 847, 848, 849, 850, 851, 852, 853, 854, 855, 856, 857, 858, 859, 860, 861, 862, 863, 864, 865, 866, 867, 868, 869, 870, 871, 872, 873, 874, 875, 876, 877, 878, 879, 880, 881, 882, 883, 884, 885, 886, 887, 888, 889, 890, 891, 892, 893, 894, 918, 930, 946, 947, 948, 949, 951, 952, 953, 954, 956, 957, 958, 959, 971, 972, 973, 974, 976, 977, 978, 979, 981, 982, 983, 984, 986, 987, 988, 989, 996, 997, 998, 999, 1006, 1007, 1008, 1009, 1011, 1012, 1013, 1014, 1016, 1017, 1018, 1019, 1021, 1022, 1023, 1034, 1043, 1045, 1049, 1051, 1053, 1055, 1057, 1061, 1063, 1065, 1067, 1068, 1069, 1070, 1071, 1072, 1073, 1074, 1075, 1076, 1077, 1078, 1079, 1080, 1081, 1082, 1083, 1100, 1101, 1102, 1103, 1104, 1105, 1106, 1107, 1108, 1109, 1110, 1111, 1112, 1113, 1114, 1115, 1116, 1117, 1118, 1119, 1120, 1121, 1122, 1123, 1124, 1125, 1151, 1152, 1154, 1155, 1166, 1167, 1168, 1169, 1170, 1171, 1172, 1173, 1174, 1175, 1176, 1177, 1178, 1179, 1180, 1181, 1182, 1183, 1184, 1185, 1186, 1187, 1188, 1189, 1190, 1191, 1192, 1193, 1194, 1195, 1196, 1197, 1198, 1199, 1200, 1201, 1202, 1203, 1204, 1205, 1206, 1207, 1208, 1209, 1210, 1211, 1212, 1213, 1214, 1215, 1216, 1217, 1218, 1219, 1255, 1256, 1257, 1258, 1259, 1260, 1261, 1262, 1263, 1264, 1265, 1266, 1267, 1268, 1269, 1270, 1271, 1272, 1273, 1274, 1275, 1276, 1277, 1278, 1279, 1280, 1281, 1282, 1283, 1284, 1288, 1289, 1290, 1294, 1295, 1296, 1337, 1338, 1339, 1340, 1341, 1342, 1343, 1344, 1345, 1357, 1358, 1359, 1360, 1361, 1362, 1363, 1364, 1365, 1366, 1405, 1406, 1407, 1409, 1410, 1411, 1412, 1413, 1414, 1415, 1416, 1417, 1418, 1419, 1420, 1421, 1422, 1423, 1424, 1425, 1426, 1427, 1428, 1429, 1430, 1431, 1432, 1433, 1434, 1435, 1436, 1451, 1497, 1498, 1506, 1507, 1514, 1515, 1516, 1518, 1519, 1524, 1525, 1530, 1531, 1536, 1537, 1545, 1546, 1548, 1549, 1554, 1555, 1560, 1561, 1563, 1564, 1569, 1570, 1575, 1576, 1578, 1579, 1584, 1585, 1587, 1588, 1593, 1594, 1602, 1603, 1608, 1609, 1614, 1615, 1623, 1624, 1626, 1627, 1629, 1630, 1632, 1633, 1635, 1636, 1641, 1642, 1643, 1644, 1645, 1646, 1647, 1648, 1649, 1650, 1651]",,,,,,
strength,Graph_semi_supervised,4,3,355,674,177,"[3, 5, 9, 11, 19, 21, 31, 33, 37, 39, 49, 51, 52, 54, 68, 69, 70, 74, 86, 94, 98, 102, 106, 118, 124, 130, 133, 140, 156, 160, 164, 176, 196, 200, 204, 212, 219, 220, 225, 226, 228, 229, 230, 231, 238, 239, 241, 242, 247, 248, 253, 254, 256, 257, 262, 263, 265, 266, 268, 269, 271, 272, 274, 278, 281, 284, 286, 289, 292, 296, 305, 309, 312, 316, 339, 342, 344, 348, 350, 354, 356, 357, 359, 363, 365, 366, 368, 369, 371, 372, 374, 381, 383, 387, 389, 390, 392, 402, 404, 405, 407, 408, 410, 417, 419, 420, 422, 423, 425, 426, 428, 429, 431, 441, 443, 447, 449, 453, 454, 455, 457, 459, 460, 462, 464, 479, 486, 493, 499, 541, 568, 575, 595, 603, 607, 611, 618, 620, 627, 629, 633, 635, 636, 638, 639, 641, 642, 644, 648, 650, 651, 653, 654, 656, 657, 659, 666, 668, 669, 671, 675, 676, 677, 679, 685, 688, 691, 692, 694, 695, 696, 697, 698, 699, 700, 701, 702, 703, 708, 709, 715, 718, 719, 723, 725, 726, 727, 728, 730, 731, 896, 897, 898, 900, 902, 906, 915, 916, 919, 921, 923, 927, 931, 932, 935, 936, 943, 944, 950, 965, 980, 985, 990, 995, 1000, 1010, 1020, 1024, 1027, 1028, 1029, 1031, 1032, 1033, 1035, 1036, 1044, 1046, 1054, 1056, 1060, 1066, 1085, 1089, 1090, 1091, 1092, 1094, 1096, 1126, 1127, 1128, 1129, 1132, 1133, 1134, 1135, 1138, 1139, 1140, 1141, 1142, 1143, 1144, 1145, 1146, 1147, 1150, 1156, 1158, 1159, 1160, 1161, 1220, 1221, 1222, 1223, 1224, 1225, 1226, 1227, 1230, 1231, 1232, 1249, 1305, 1306, 1328, 1336, 1346, 1356, 1377, 1378, 1379, 1380, 1381, 1383, 1384, 1385, 1386, 1387, 1390, 1392, 1393, 1395, 1397, 1398, 1401, 1408, 1437, 1438, 1439, 1440, 1452, 1453, 1454, 1457, 1458, 1463, 1464, 1465, 1466, 1469, 1470, 1471, 1472, 1475, 1476, 1477, 1478, 1479, 1480, 1483, 1484, 1485, 1486, 1490, 1496, 1502, 1508, 1517, 1520, 1526, 1529, 1535, 1538, 1541, 1550, 1553, 1556, 1559, 1562, 1568, 1580, 1589, 1592, 1595, 1598, 1604, 1607, 1610, 1622, 1625, 1637, 1640]","[6, 8, 12, 13, 14, 16, 17, 18, 28, 30, 46, 48, 58, 59, 60, 61, 62, 63, 64, 65, 66, 67, 110, 121, 127, 136, 148, 172, 184, 208, 222, 223, 233, 234, 235, 236, 244, 245, 250, 251, 259, 260, 299, 302, 319, 323, 345, 347, 360, 362, 378, 380, 396, 398, 399, 401, 411, 413, 432, 434, 435, 437, 438, 440, 444, 446, 450, 452, 456, 461, 463, 534, 561, 579, 583, 587, 591, 615, 617, 624, 626, 660, 662, 672, 674, 678, 681, 683, 684, 686, 687, 693, 710, 711, 713, 714, 716, 717, 720, 721, 722, 724, 895, 901, 904, 905, 907, 908, 909, 910, 911, 912, 917, 929, 945, 955, 970, 975, 1005, 1015, 1026, 1042, 1048, 1050, 1052, 1062, 1064, 1086, 1087, 1093, 1095, 1097, 1098, 1130, 1131, 1136, 1137, 1153, 1157, 1162, 1164, 1228, 1229, 1285, 1286, 1287, 1291, 1292, 1293, 1304, 1382, 1391, 1394, 1396, 1399, 1402, 1441, 1442, 1443, 1444, 1447, 1448, 1461, 1462, 1505, 1523, 1544, 1547, 1574, 1577, 1583, 1586, 1601, 1613, 1628, 1631, 1634]","[4, 10, 20, 32, 38, 50, 53, 71, 72, 73, 75, 76, 77, 87, 88, 89, 95, 96, 97, 99, 100, 101, 103, 104, 105, 107, 108, 109, 119, 120, 125, 126, 131, 132, 134, 135, 141, 142, 143, 157, 158, 159, 161, 162, 163, 165, 166, 167, 177, 178, 179, 197, 198, 199, 201, 202, 203, 205, 206, 207, 213, 214, 215, 221, 227, 232, 240, 243, 249, 255, 258, 264, 267, 270, 273, 275, 276, 277, 279, 280, 282, 283, 285, 287, 288, 290, 291, 293, 294, 295, 297, 298, 306, 307, 308, 310, 311, 313, 314, 315, 317, 318, 340, 341, 343, 349, 355, 358, 364, 367, 370, 373, 382, 388, 391, 403, 406, 409, 418, 421, 424, 427, 430, 442, 448, 480, 481, 482, 483, 484, 485, 487, 488, 489, 490, 491, 492, 494, 495, 496, 497, 498, 500, 501, 502, 503, 504, 505, 542, 543, 544, 545, 546, 547, 569, 570, 571, 572, 573, 574, 576, 577, 578, 596, 597, 598, 604, 605, 606, 608, 609, 610, 612, 613, 614, 619, 628, 634, 637, 640, 643, 649, 652, 655, 658, 667, 670, 732, 733, 734, 735, 736, 737, 738, 739, 740, 741, 742, 743, 744, 745, 746, 747, 748, 749, 750, 751, 752, 753, 754, 755, 756, 757, 758, 759, 760, 761, 762, 763, 764, 765, 766, 767, 768, 769, 770, 771, 772, 773, 774, 775, 776, 777, 778, 779, 780, 781, 782, 783, 784, 785, 786, 787, 788, 789, 790, 791, 792, 793, 794, 795, 796, 797, 798, 799, 800, 801, 802, 803, 804, 805, 806, 807, 808, 809, 810, 811, 812, 813, 814, 815, 816, 817, 818, 819, 820, 821, 822, 823, 824, 825, 826, 827, 828, 829, 830, 831, 832, 833, 834, 835, 836, 837, 838, 839, 840, 841, 842, 843, 844, 845, 846, 847, 848, 849, 850, 851, 852, 853, 854, 855, 856, 857, 858, 859, 860, 861, 862, 863, 864, 865, 866, 867, 868, 869, 870, 871, 872, 873, 874, 875, 876, 877, 878, 879, 880, 881, 882, 883, 884, 885, 886, 887, 888, 889, 890, 891, 892, 893, 894, 920, 922, 924, 928, 951, 952, 953, 954, 966, 967, 968, 969, 981, 982, 983, 984, 986, 987, 988, 989, 991, 992, 993, 994, 996, 997, 998, 999, 1001, 1002, 1003, 1004, 1011, 1012, 1013, 1014, 1021, 1022, 1023, 1034, 1037, 1045, 1047, 1055, 1057, 1061, 1067, 1068, 1069, 1070, 1071, 1072, 1073, 1074, 1075, 1076, 1077, 1078, 1079, 1080, 1081, 1082, 1083, 1100, 1101, 1102, 1103, 1104, 1105, 1106, 1107, 1108, 1109, 1110, 1111, 1112, 1113, 1114, 1115, 1116, 1117, 1118, 1119, 1120, 1121, 1122, 1123, 1124, 1125, 1151, 1152, 1154, 1155, 1166, 1167, 1168, 1169, 1170, 1171, 1172, 1173, 1174, 1175, 1176, 1177, 1178, 1179, 1180, 1181, 1182, 1183, 1184, 1185, 1186, 1187, 1188, 1189, 1190, 1191, 1192, 1193, 1194, 1195, 1196, 1197, 1198, 1199, 1200, 1201, 1202, 1203, 1204, 1205, 1206, 1207, 1208, 1209, 1210, 1211, 1212, 1213, 1214, 1215, 1216, 1217, 1218, 1219, 1233, 1234, 1235, 1236, 1237, 1250, 1251, 1252, 1253, 1254, 1255, 1256, 1257, 1258, 1259, 1260, 1261, 1262, 1263, 1264, 1265, 1266, 1267, 1268, 1269, 1270, 1271, 1272, 1273, 1274, 1275, 1276, 1277, 1278, 1279, 1280, 1281, 1282, 1283, 1284, 1329, 1330, 1331, 1332, 1333, 1334, 1335, 1337, 1338, 1339, 1340, 1341, 1342, 1343, 1344, 1345, 1347, 1348, 1349, 1350, 1351, 1352, 1353, 1354, 1355, 1357, 1358, 1359, 1360, 1361, 1362, 1363, 1364, 1365, 1366, 1405, 1406, 1407, 1409, 1410, 1411, 1412, 1413, 1414, 1415, 1416, 1417, 1418, 1419, 1420, 1421, 1422, 1423, 1424, 1425, 1426, 1427, 1428, 1429, 1430, 1431, 1432, 1433, 1434, 1435, 1436, 1451, 1491, 1492, 1497, 1498, 1503, 1504, 1509, 1510, 1514, 1515, 1516, 1518, 1519, 1521, 1522, 1527, 1528, 1530, 1531, 1536, 1537, 1539, 1540, 1542, 1543, 1551, 1552, 1554, 1555, 1557, 1558, 1560, 1561, 1563, 1564, 1569, 1570, 1581, 1582, 1590, 1591, 1593, 1594, 1596, 1597, 1599, 1600, 1605, 1606, 1608, 1609, 1611, 1612, 1623, 1624, 1626, 1627, 1638, 1639, 1641, 1642, 1643, 1644, 1645, 1646, 1647, 1648, 1649, 1650, 1651]",,,,,,
strength,Graph_semi_supervised,4,0,532,817,133,"[3, 5, 6, 8, 9, 11, 12, 13, 14, 16, 17, 18, 19, 21, 28, 30, 31, 33, 37, 39, 46, 48, 49, 51, 52, 54, 58, 59, 60, 61, 62, 63, 64, 65, 66, 67, 68, 69, 70, 74, 86, 94, 98, 102, 106, 110, 118, 121, 124, 127, 130, 133, 136, 140, 148, 156, 160, 164, 172, 176, 184, 196, 200, 204, 208, 212, 219, 220, 222, 223, 225, 226, 228, 229, 230, 231, 233, 234, 235, 236, 238, 239, 241, 242, 244, 245, 247, 248, 250, 251, 253, 254, 256, 257, 259, 260, 262, 263, 265, 266, 268, 269, 271, 272, 274, 278, 281, 284, 286, 289, 292, 296, 299, 302, 305, 309, 312, 316, 319, 323, 339, 342, 344, 345, 347, 348, 350, 354, 356, 357, 359, 360, 362, 363, 365, 366, 368, 369, 371, 372, 374, 378, 380, 381, 383, 387, 389, 390, 392, 396, 398, 399, 401, 402, 404, 405, 407, 408, 410, 411, 413, 417, 419, 420, 422, 423, 425, 426, 428, 429, 431, 432, 434, 435, 437, 438, 440, 441, 443, 444, 446, 447, 449, 450, 452, 453, 454, 455, 456, 457, 459, 460, 461, 462, 463, 464, 479, 486, 493, 499, 534, 541, 561, 568, 575, 579, 583, 587, 591, 595, 603, 607, 611, 615, 617, 618, 620, 624, 626, 627, 629, 633, 635, 636, 638, 639, 641, 642, 644, 648, 650, 651, 653, 654, 656, 657, 659, 660, 662, 666, 668, 669, 671, 672, 674, 675, 676, 677, 678, 679, 681, 683, 684, 685, 686, 687, 688, 691, 692, 693, 694, 695, 696, 697, 698, 699, 700, 701, 702, 703, 708, 709, 710, 711, 713, 714, 715, 716, 717, 718, 719, 720, 721, 722, 723, 724, 725, 726, 727, 728, 730, 731, 895, 896, 897, 898, 900, 901, 902, 904, 905, 906, 907, 908, 909, 910, 911, 912, 915, 916, 917, 919, 921, 923, 927, 929, 931, 932, 935, 936, 943, 944, 945, 950, 955, 965, 970, 975, 980, 985, 990, 995, 1000, 1005, 1010, 1015, 1020, 1024, 1026, 1027, 1028, 1029, 1031, 1032, 1033, 1035, 1036, 1042, 1044, 1046, 1048, 1050, 1052, 1054, 1056, 1060, 1062, 1064, 1066, 1085, 1086, 1087, 1089, 1090, 1091, 1092, 1093, 1094, 1095, 1096, 1097, 1098, 1126, 1127, 1128, 1129, 1130, 1131, 1132, 1133, 1134, 1135, 1136, 1137, 1138, 1139, 1140, 1141, 1142, 1143, 1144, 1145, 1146, 1147, 1150, 1153, 1156, 1157, 1158, 1159, 1160, 1161, 1162, 1164, 1220, 1221, 1222, 1223, 1224, 1225, 1226, 1227, 1228, 1229, 1230, 1231, 1232, 1249, 1285, 1286, 1287, 1291, 1292, 1293, 1304, 1305, 1306, 1328, 1336, 1346, 1356, 1377, 1378, 1379, 1380, 1381, 1382, 1383, 1384, 1385, 1386, 1387, 1390, 1391, 1392, 1393, 1394, 1395, 1396, 1397, 1398, 1399, 1401, 1402, 1408, 1437, 1438, 1439, 1440, 1441, 1442, 1443, 1444, 1447, 1448, 1452, 1453, 1454, 1457, 1458, 1461, 1462, 1463, 1464, 1465, 1466, 1469, 1470, 1471, 1472, 1475, 1476, 1477, 1478, 1479, 1480, 1483, 1484, 1485, 1486, 1490, 1496, 1502, 1505, 1508, 1517, 1520, 1523, 1526, 1529, 1535, 1538, 1541, 1544, 1547, 1550, 1553, 1556, 1559, 1562, 1568, 1574, 1577, 1580, 1583, 1586, 1589, 1592, 1595, 1598, 1601, 1604, 1607, 1610, 1613, 1622, 1625, 1628, 1631, 1634, 1637, 1640]","[0, 2, 22, 24, 25, 27, 34, 36, 40, 42, 43, 45, 55, 57, 78, 82, 90, 114, 144, 152, 168, 180, 188, 192, 216, 217, 326, 330, 333, 335, 336, 338, 351, 353, 375, 377, 384, 386, 393, 395, 414, 416, 458, 465, 472, 506, 513, 520, 527, 548, 554, 599, 621, 623, 630, 632, 645, 647, 663, 665, 680, 682, 689, 690, 704, 705, 706, 707, 712, 729, 899, 903, 913, 914, 925, 933, 934, 937, 938, 939, 940, 941, 942, 960, 1025, 1030, 1038, 1040, 1058, 1084, 1088, 1099, 1148, 1149, 1163, 1165, 1238, 1243, 1297, 1298, 1299, 1303, 1307, 1319, 1367, 1388, 1389, 1400, 1403, 1404, 1445, 1446, 1449, 1450, 1455, 1456, 1459, 1460, 1467, 1468, 1473, 1474, 1481, 1482, 1487, 1493, 1499, 1511, 1532, 1565, 1571, 1616, 1619]","[4, 7, 10, 15, 20, 29, 32, 38, 47, 50, 53, 71, 72, 73, 75, 76, 77, 87, 88, 89, 95, 96, 97, 99, 100, 101, 103, 104, 105, 107, 108, 109, 111, 112, 113, 119, 120, 122, 123, 125, 126, 128, 129, 131, 132, 134, 135, 137, 138, 139, 141, 142, 143, 149, 150, 151, 157, 158, 159, 161, 162, 163, 165, 166, 167, 173, 174, 175, 177, 178, 179, 185, 186, 187, 197, 198, 199, 201, 202, 203, 205, 206, 207, 209, 210, 211, 213, 214, 215, 221, 224, 227, 232, 237, 240, 243, 246, 249, 252, 255, 258, 261, 264, 267, 270, 273, 275, 276, 277, 279, 280, 282, 283, 285, 287, 288, 290, 291, 293, 294, 295, 297, 298, 300, 301, 303, 304, 306, 307, 308, 310, 311, 313, 314, 315, 317, 318, 320, 321, 322, 324, 325, 340, 341, 343, 346, 349, 355, 358, 361, 364, 367, 370, 373, 379, 382, 388, 391, 397, 400, 403, 406, 409, 412, 418, 421, 424, 427, 430, 433, 436, 439, 442, 445, 448, 451, 480, 481, 482, 483, 484, 485, 487, 488, 489, 490, 491, 492, 494, 495, 496, 497, 498, 500, 501, 502, 503, 504, 505, 535, 536, 537, 538, 539, 540, 542, 543, 544, 545, 546, 547, 562, 563, 564, 565, 566, 567, 569, 570, 571, 572, 573, 574, 576, 577, 578, 580, 581, 582, 584, 585, 586, 588, 589, 590, 592, 593, 594, 596, 597, 598, 604, 605, 606, 608, 609, 610, 612, 613, 614, 616, 619, 625, 628, 634, 637, 640, 643, 649, 652, 655, 658, 661, 667, 670, 673, 732, 733, 734, 735, 736, 737, 738, 739, 740, 741, 742, 743, 744, 745, 746, 747, 748, 749, 750, 751, 752, 753, 754, 755, 756, 757, 758, 759, 760, 761, 762, 763, 764, 765, 766, 767, 768, 769, 770, 771, 772, 773, 774, 775, 776, 777, 778, 779, 780, 781, 782, 783, 784, 785, 786, 787, 788, 789, 790, 791, 792, 793, 794, 795, 796, 797, 798, 799, 800, 801, 802, 803, 804, 805, 806, 807, 808, 809, 810, 811, 812, 813, 814, 815, 816, 817, 818, 819, 820, 821, 822, 823, 824, 825, 826, 827, 828, 829, 830, 831, 832, 833, 834, 835, 836, 837, 838, 839, 840, 841, 842, 843, 844, 845, 846, 847, 848, 849, 850, 851, 852, 853, 854, 855, 856, 857, 858, 859, 860, 861, 862, 863, 864, 865, 866, 867, 868, 869, 870, 871, 872, 873, 874, 875, 876, 877, 878, 879, 880, 881, 882, 883, 884, 885, 886, 887, 888, 889, 890, 891, 892, 893, 894, 918, 920, 922, 924, 928, 930, 946, 947, 948, 949, 951, 952, 953, 954, 956, 957, 958, 959, 966, 967, 968, 969, 971, 972, 973, 974, 976, 977, 978, 979, 981, 982, 983, 984, 986, 987, 988, 989, 991, 992, 993, 994, 996, 997, 998, 999, 1001, 1002, 1003, 1004, 1006, 1007, 1008, 1009, 1011, 1012, 1013, 1014, 1016, 1017, 1018, 1019, 1021, 1022, 1023, 1034, 1037, 1043, 1045, 1047, 1049, 1051, 1053, 1055, 1057, 1061, 1063, 1065, 1067, 1068, 1069, 1070, 1071, 1072, 1073, 1074, 1075, 1076, 1077, 1078, 1079, 1080, 1081, 1082, 1083, 1100, 1101, 1102, 1103, 1104, 1105, 1106, 1107, 1108, 1109, 1110, 1111, 1112, 1113, 1114, 1115, 1116, 1117, 1118, 1119, 1120, 1121, 1122, 1123, 1124, 1125, 1151, 1152, 1154, 1155, 1166, 1167, 1168, 1169, 1170, 1171, 1172, 1173, 1174, 1175, 1176, 1177, 1178, 1179, 1180, 1181, 1182, 1183, 1184, 1185, 1186, 1187, 1188, 1189, 1190, 1191, 1192, 1193, 1194, 1195, 1196, 1197, 1198, 1199, 1200, 1201, 1202, 1203, 1204, 1205, 1206, 1207, 1208, 1209, 1210, 1211, 1212, 1213, 1214, 1215, 1216, 1217, 1218, 1219, 1233, 1234, 1235, 1236, 1237, 1250, 1251, 1252, 1253, 1254, 1255, 1256, 1257, 1258, 1259, 1260, 1261, 1262, 1263, 1264, 1265, 1266, 1267, 1268, 1269, 1270, 1271, 1272, 1273, 1274, 1275, 1276, 1277, 1278, 1279, 1280, 1281, 1282, 1283, 1284, 1288, 1289, 1290, 1294, 1295, 1296, 1329, 1330, 1331, 1332, 1333, 1334, 1335, 1337, 1338, 1339, 1340, 1341, 1342, 1343, 1344, 1345, 1347, 1348, 1349, 1350, 1351, 1352, 1353, 1354, 1355, 1357, 1358, 1359, 1360, 1361, 1362, 1363, 1364, 1365, 1366, 1405, 1406, 1407, 1409, 1410, 1411, 1412, 1413, 1414, 1415, 1416, 1417, 1418, 1419, 1420, 1421, 1422, 1423, 1424, 1425, 1426, 1427, 1428, 1429, 1430, 1431, 1432, 1433, 1434, 1435, 1436, 1451, 1491, 1492, 1497, 1498, 1503, 1504, 1506, 1507, 1509, 1510, 1514, 1515, 1516, 1518, 1519, 1521, 1522, 1524, 1525, 1527, 1528, 1530, 1531, 1536, 1537, 1539, 1540, 1542, 1543, 1545, 1546, 1548, 1549, 1551, 1552, 1554, 1555, 1557, 1558, 1560, 1561, 1563, 1564, 1569, 1570, 1575, 1576, 1578, 1579, 1581, 1582, 1584, 1585, 1587, 1588, 1590, 1591, 1593, 1594, 1596, 1597, 1599, 1600, 1602, 1603, 1605, 1606, 1608, 1609, 1611, 1612, 1614, 1615, 1623, 1624, 1626, 1627, 1629, 1630, 1632, 1633, 1635, 1636, 1638, 1639, 1641, 1642, 1643, 1644, 1645, 1646, 1647, 1648, 1649, 1650, 1651]",1349.0,8524.0,16.0,4.0,0.0033642570071055955,1.4926223326766965
strength,Nystroem_Ridge_control,5,1,354,0,178,"[0, 2, 6, 8, 9, 11, 12, 13, 14, 16, 17, 18, 19, 21, 25, 27, 28, 30, 31, 33, 34, 36, 40, 42, 46, 48, 49, 51, 60, 61, 62, 63, 66, 67, 78, 86, 90, 94, 110, 114, 118, 121, 124, 130, 144, 148, 172, 180, 188, 196, 208, 216, 217, 222, 223, 225, 226, 228, 229, 233, 234, 238, 239, 244, 245, 247, 248, 253, 254, 256, 257, 259, 260, 274, 278, 299, 302, 319, 323, 326, 330, 351, 353, 360, 362, 363, 365, 378, 380, 384, 386, 390, 392, 396, 398, 399, 401, 405, 407, 411, 413, 423, 425, 429, 431, 435, 437, 438, 440, 444, 446, 450, 452, 455, 456, 460, 461, 463, 465, 479, 506, 527, 534, 548, 554, 568, 579, 583, 587, 591, 599, 615, 617, 618, 620, 621, 623, 624, 626, 633, 635, 636, 638, 642, 644, 645, 647, 648, 650, 651, 653, 654, 656, 657, 659, 660, 662, 663, 665, 666, 668, 675, 678, 679, 680, 682, 683, 684, 686, 687, 689, 691, 692, 694, 695, 704, 705, 706, 707, 708, 709, 710, 711, 712, 713, 719, 720, 721, 722, 723, 725, 728, 895, 899, 900, 901, 904, 905, 906, 907, 908, 913, 914, 915, 916, 917, 921, 923, 925, 927, 929, 933, 934, 935, 936, 937, 938, 939, 940, 941, 942, 945, 960, 970, 975, 990, 1000, 1005, 1015, 1025, 1026, 1029, 1030, 1031, 1032, 1033, 1040, 1042, 1046, 1048, 1050, 1058, 1062, 1085, 1086, 1088, 1089, 1090, 1092, 1093, 1095, 1096, 1097, 1099, 1130, 1131, 1136, 1137, 1138, 1139, 1150, 1153, 1159, 1162, 1163, 1164, 1165, 1222, 1223, 1230, 1231, 1232, 1238, 1243, 1249, 1285, 1286, 1287, 1291, 1292, 1293, 1297, 1298, 1299, 1307, 1319, 1328, 1367, 1382, 1384, 1386, 1387, 1388, 1389, 1391, 1394, 1396, 1397, 1399, 1400, 1402, 1404, 1439, 1440, 1441, 1442, 1443, 1444, 1447, 1448, 1449, 1450, 1453, 1454, 1459, 1460, 1461, 1462, 1467, 1468, 1473, 1474, 1477, 1478, 1481, 1482, 1483, 1484, 1485, 1486, 1490, 1493, 1505, 1508, 1511, 1520, 1526, 1538, 1547, 1556, 1565, 1571, 1574, 1580, 1583, 1589, 1595, 1598, 1610, 1619, 1628, 1631, 1634, 1637]","[3, 5, 22, 24, 37, 39, 43, 45, 52, 54, 55, 57, 68, 69, 70, 74, 82, 98, 102, 133, 140, 152, 160, 164, 168, 192, 200, 204, 212, 219, 220, 230, 231, 262, 263, 268, 269, 271, 272, 281, 284, 286, 289, 292, 296, 305, 309, 333, 335, 336, 338, 342, 344, 348, 350, 357, 359, 366, 368, 372, 374, 375, 377, 381, 383, 393, 395, 402, 404, 408, 410, 414, 416, 426, 428, 441, 443, 454, 457, 458, 459, 462, 464, 472, 486, 499, 513, 520, 607, 611, 630, 632, 639, 641, 669, 671, 676, 688, 690, 696, 697, 700, 701, 718, 729, 731, 896, 903, 980, 985, 995, 1010, 1020, 1024, 1027, 1035, 1038, 1044, 1060, 1066, 1084, 1094, 1128, 1129, 1132, 1133, 1134, 1135, 1142, 1143, 1144, 1145, 1148, 1149, 1158, 1161, 1220, 1221, 1224, 1225, 1303, 1306, 1336, 1356, 1381, 1383, 1392, 1393, 1395, 1398, 1403, 1408, 1437, 1438, 1445, 1446, 1452, 1455, 1456, 1457, 1458, 1471, 1472, 1479, 1480, 1487, 1496, 1499, 1517, 1532, 1535, 1553, 1559, 1562, 1568, 1592, 1616, 1622]",[],,,,,,
strength,Nystroem_Ridge_control,5,2,355,0,177,"[3, 5, 6, 8, 12, 13, 14, 16, 17, 18, 22, 24, 28, 30, 34, 36, 37, 39, 40, 42, 43, 45, 46, 48, 52, 54, 55, 57, 60, 61, 62, 63, 66, 67, 68, 69, 70, 74, 78, 82, 90, 98, 102, 110, 121, 133, 140, 144, 148, 152, 160, 164, 168, 172, 180, 192, 200, 204, 208, 212, 219, 220, 222, 223, 230, 231, 233, 234, 244, 245, 259, 260, 262, 263, 268, 269, 271, 272, 281, 284, 286, 289, 292, 296, 299, 302, 305, 309, 319, 323, 333, 335, 336, 338, 342, 344, 348, 350, 351, 353, 357, 359, 360, 362, 366, 368, 372, 374, 375, 377, 378, 380, 381, 383, 393, 395, 396, 398, 399, 401, 402, 404, 408, 410, 411, 413, 414, 416, 426, 428, 435, 437, 438, 440, 441, 443, 444, 446, 450, 452, 454, 456, 457, 458, 459, 461, 462, 463, 464, 465, 472, 486, 499, 513, 520, 534, 554, 579, 583, 587, 591, 607, 611, 615, 617, 624, 626, 630, 632, 639, 641, 645, 647, 660, 662, 669, 671, 676, 678, 680, 683, 684, 686, 687, 688, 690, 696, 697, 700, 701, 710, 711, 713, 718, 720, 721, 722, 729, 731, 895, 896, 901, 903, 904, 905, 907, 908, 917, 925, 929, 937, 938, 941, 942, 945, 960, 970, 975, 980, 985, 995, 1005, 1010, 1015, 1020, 1024, 1025, 1026, 1027, 1030, 1035, 1038, 1040, 1042, 1044, 1048, 1050, 1060, 1062, 1066, 1084, 1086, 1088, 1093, 1094, 1095, 1097, 1099, 1128, 1129, 1130, 1131, 1132, 1133, 1134, 1135, 1136, 1137, 1142, 1143, 1144, 1145, 1148, 1149, 1153, 1158, 1161, 1162, 1164, 1220, 1221, 1224, 1225, 1238, 1243, 1285, 1286, 1287, 1291, 1292, 1293, 1297, 1298, 1299, 1303, 1306, 1336, 1356, 1381, 1382, 1383, 1391, 1392, 1393, 1394, 1395, 1396, 1398, 1399, 1402, 1403, 1404, 1408, 1437, 1438, 1441, 1442, 1443, 1444, 1445, 1446, 1447, 1448, 1449, 1450, 1452, 1455, 1456, 1457, 1458, 1459, 1460, 1461, 1462, 1471, 1472, 1473, 1474, 1479, 1480, 1481, 1482, 1487, 1493, 1496, 1499, 1505, 1511, 1517, 1532, 1535, 1547, 1553, 1559, 1562, 1568, 1574, 1583, 1592, 1616, 1619, 1622, 1628, 1631, 1634]","[0, 2, 9, 11, 19, 21, 25, 27, 31, 33, 49, 51, 86, 94, 114, 118, 124, 130, 188, 196, 216, 217, 225, 226, 228, 229, 238, 239, 247, 248, 253, 254, 256, 257, 274, 278, 326, 330, 363, 365, 384, 386, 390, 392, 405, 407, 423, 425, 429, 431, 455, 460, 479, 506, 527, 548, 568, 599, 618, 620, 621, 623, 633, 635, 636, 638, 642, 644, 648, 650, 651, 653, 654, 656, 657, 659, 663, 665, 666, 668, 675, 679, 682, 689, 691, 692, 694, 695, 704, 705, 706, 707, 708, 709, 712, 719, 723, 725, 728, 899, 900, 906, 913, 914, 915, 916, 921, 923, 927, 933, 934, 935, 936, 939, 940, 990, 1000, 1029, 1031, 1032, 1033, 1046, 1058, 1085, 1089, 1090, 1092, 1096, 1138, 1139, 1150, 1159, 1163, 1165, 1222, 1223, 1230, 1231, 1232, 1249, 1307, 1319, 1328, 1367, 1384, 1386, 1387, 1388, 1389, 1397, 1400, 1439, 1440, 1453, 1454, 1467, 1468, 1477, 1478, 1483, 1484, 1485, 1486, 1490, 1508, 1520, 1526, 1538, 1556, 1565, 1571, 1580, 1589, 1595, 1598, 1610, 1637]",[],,,,,,
strength,Nystroem_Ridge_control,5,3,355,0,177,"[0, 2, 3, 5, 9, 11, 19, 21, 22, 24, 25, 27, 31, 33, 37, 39, 43, 45, 49, 51, 52, 54, 55, 57, 68, 69, 70, 74, 82, 86, 94, 98, 102, 114, 118, 124, 130, 133, 140, 152, 160, 164, 168, 188, 192, 196, 200, 204, 212, 216, 217, 219, 220, 225, 226, 228, 229, 230, 231, 238, 239, 247, 248, 253, 254, 256, 257, 262, 263, 268, 269, 271, 272, 274, 278, 281, 284, 286, 289, 292, 296, 305, 309, 326, 330, 333, 335, 336, 338, 342, 344, 348, 350, 357, 359, 363, 365, 366, 368, 372, 374, 375, 377, 381, 383, 384, 386, 390, 392, 393, 395, 402, 404, 405, 407, 408, 410, 414, 416, 423, 425, 426, 428, 429, 431, 441, 443, 454, 455, 457, 458, 459, 460, 462, 464, 472, 479, 486, 499, 506, 513, 520, 527, 548, 568, 599, 607, 611, 618, 620, 621, 623, 630, 632, 633, 635, 636, 638, 639, 641, 642, 644, 648, 650, 651, 653, 654, 656, 657, 659, 663, 665, 666, 668, 669, 671, 675, 676, 679, 682, 688, 689, 690, 691, 692, 694, 695, 696, 697, 700, 701, 704, 705, 706, 707, 708, 709, 712, 718, 719, 723, 725, 728, 729, 731, 896, 899, 900, 903, 906, 913, 914, 915, 916, 921, 923, 927, 933, 934, 935, 936, 939, 940, 980, 985, 990, 995, 1000, 1010, 1020, 1024, 1027, 1029, 1031, 1032, 1033, 1035, 1038, 1044, 1046, 1058, 1060, 1066, 1084, 1085, 1089, 1090, 1092, 1094, 1096, 1128, 1129, 1132, 1133, 1134, 1135, 1138, 1139, 1142, 1143, 1144, 1145, 1148, 1149, 1150, 1158, 1159, 1161, 1163, 1165, 1220, 1221, 1222, 1223, 1224, 1225, 1230, 1231, 1232, 1249, 1303, 1306, 1307, 1319, 1328, 1336, 1356, 1367, 1381, 1383, 1384, 1386, 1387, 1388, 1389, 1392, 1393, 1395, 1397, 1398, 1400, 1403, 1408, 1437, 1438, 1439, 1440, 1445, 1446, 1452, 1453, 1454, 1455, 1456, 1457, 1458, 1467, 1468, 1471, 1472, 1477, 1478, 1479, 1480, 1483, 1484, 1485, 1486, 1487, 1490, 1496, 1499, 1508, 1517, 1520, 1526, 1532, 1535, 1538, 1553, 1556, 1559, 1562, 1565, 1568, 1571, 1580, 1589, 1592, 1595, 1598, 1610, 1616, 1622, 1637]","[6, 8, 12, 13, 14, 16, 17, 18, 28, 30, 34, 36, 40, 42, 46, 48, 60, 61, 62, 63, 66, 67, 78, 90, 110, 121, 144, 148, 172, 180, 208, 222, 223, 233, 234, 244, 245, 259, 260, 299, 302, 319, 323, 351, 353, 360, 362, 378, 380, 396, 398, 399, 401, 411, 413, 435, 437, 438, 440, 444, 446, 450, 452, 456, 461, 463, 465, 534, 554, 579, 583, 587, 591, 615, 617, 624, 626, 645, 647, 660, 662, 678, 680, 683, 684, 686, 687, 710, 711, 713, 720, 721, 722, 895, 901, 904, 905, 907, 908, 917, 925, 929, 937, 938, 941, 942, 945, 960, 970, 975, 1005, 1015, 1025, 1026, 1030, 1040, 1042, 1048, 1050, 1062, 1086, 1088, 1093, 1095, 1097, 1099, 1130, 1131, 1136, 1137, 1153, 1162, 1164, 1238, 1243, 1285, 1286, 1287, 1291, 1292, 1293, 1297, 1298, 1299, 1382, 1391, 1394, 1396, 1399, 1402, 1404, 1441, 1442, 1443, 1444, 1447, 1448, 1449, 1450, 1459, 1460, 1461, 1462, 1473, 1474, 1481, 1482, 1493, 1505, 1511, 1547, 1574, 1583, 1619, 1628, 1631, 1634]",[],,,,,,
strength,Nystroem_Ridge_control,5,0,532,0,133,"[0, 2, 3, 5, 6, 8, 9, 11, 12, 13, 14, 16, 17, 18, 19, 21, 22, 24, 25, 27, 28, 30, 31, 33, 34, 36, 37, 39, 40, 42, 43, 45, 46, 48, 49, 51, 52, 54, 55, 57, 60, 61, 62, 63, 66, 67, 68, 69, 70, 74, 78, 82, 86, 90, 94, 98, 102, 110, 114, 118, 121, 124, 130, 133, 140, 144, 148, 152, 160, 164, 168, 172, 180, 188, 192, 196, 200, 204, 208, 212, 216, 217, 219, 220, 222, 223, 225, 226, 228, 229, 230, 231, 233, 234, 238, 239, 244, 245, 247, 248, 253, 254, 256, 257, 259, 260, 262, 263, 268, 269, 271, 272, 274, 278, 281, 284, 286, 289, 292, 296, 299, 302, 305, 309, 319, 323, 326, 330, 333, 335, 336, 338, 342, 344, 348, 350, 351, 353, 357, 359, 360, 362, 363, 365, 366, 368, 372, 374, 375, 377, 378, 380, 381, 383, 384, 386, 390, 392, 393, 395, 396, 398, 399, 401, 402, 404, 405, 407, 408, 410, 411, 413, 414, 416, 423, 425, 426, 428, 429, 431, 435, 437, 438, 440, 441, 443, 444, 446, 450, 452, 454, 455, 456, 457, 458, 459, 460, 461, 462, 463, 464, 465, 472, 479, 486, 499, 506, 513, 520, 527, 534, 548, 554, 568, 579, 583, 587, 591, 599, 607, 611, 615, 617, 618, 620, 621, 623, 624, 626, 630, 632, 633, 635, 636, 638, 639, 641, 642, 644, 645, 647, 648, 650, 651, 653, 654, 656, 657, 659, 660, 662, 663, 665, 666, 668, 669, 671, 675, 676, 678, 679, 680, 682, 683, 684, 686, 687, 688, 689, 690, 691, 692, 694, 695, 696, 697, 700, 701, 704, 705, 706, 707, 708, 709, 710, 711, 712, 713, 718, 719, 720, 721, 722, 723, 725, 728, 729, 731, 895, 896, 899, 900, 901, 903, 904, 905, 906, 907, 908, 913, 914, 915, 916, 917, 921, 923, 925, 927, 929, 933, 934, 935, 936, 937, 938, 939, 940, 941, 942, 945, 960, 970, 975, 980, 985, 990, 995, 1000, 1005, 1010, 1015, 1020, 1024, 1025, 1026, 1027, 1029, 1030, 1031, 1032, 1033, 1035, 1038, 1040, 1042, 1044, 1046, 1048, 1050, 1058, 1060, 1062, 1066, 1084, 1085, 1086, 1088, 1089, 1090, 1092, 1093, 1094, 1095, 1096, 1097, 1099, 1128, 1129, 1130, 1131, 1132, 1133, 1134, 1135, 1136, 1137, 1138, 1139, 1142, 1143, 1144, 1145, 1148, 1149, 1150, 1153, 1158, 1159, 1161, 1162, 1163, 1164, 1165, 1220, 1221, 1222, 1223, 1224, 1225, 1230, 1231, 1232, 1238, 1243, 1249, 1285, 1286, 1287, 1291, 1292, 1293, 1297, 1298, 1299, 1303, 1306, 1307, 1319, 1328, 1336, 1356, 1367, 1381, 1382, 1383, 1384, 1386, 1387, 1388, 1389, 1391, 1392, 1393, 1394, 1395, 1396, 1397, 1398, 1399, 1400, 1402, 1403, 1404, 1408, 1437, 1438, 1439, 1440, 1441, 1442, 1443, 1444, 1445, 1446, 1447, 1448, 1449, 1450, 1452, 1453, 1454, 1455, 1456, 1457, 1458, 1459, 1460, 1461, 1462, 1467, 1468, 1471, 1472, 1473, 1474, 1477, 1478, 1479, 1480, 1481, 1482, 1483, 1484, 1485, 1486, 1487, 1490, 1493, 1496, 1499, 1505, 1508, 1511, 1517, 1520, 1526, 1532, 1535, 1538, 1547, 1553, 1556, 1559, 1562, 1565, 1568, 1571, 1574, 1580, 1583, 1589, 1592, 1595, 1598, 1610, 1616, 1619, 1622, 1628, 1631, 1634, 1637]","[58, 59, 64, 65, 106, 127, 136, 156, 176, 184, 235, 236, 241, 242, 250, 251, 265, 266, 312, 316, 339, 345, 347, 354, 356, 369, 371, 387, 389, 417, 419, 420, 422, 432, 434, 447, 449, 453, 493, 541, 561, 575, 595, 603, 627, 629, 672, 674, 677, 681, 685, 693, 698, 699, 702, 703, 714, 715, 716, 717, 724, 726, 727, 730, 897, 898, 902, 909, 910, 911, 912, 919, 931, 932, 943, 944, 950, 955, 965, 1028, 1036, 1052, 1054, 1056, 1064, 1087, 1091, 1098, 1126, 1127, 1140, 1141, 1146, 1147, 1156, 1157, 1160, 1226, 1227, 1228, 1229, 1304, 1305, 1346, 1377, 1378, 1379, 1380, 1385, 1390, 1401, 1463, 1464, 1465, 1466, 1469, 1470, 1475, 1476, 1502, 1523, 1529, 1541, 1544, 1550, 1577, 1586, 1601, 1604, 1607, 1613, 1625, 1640]",[],532.0,0.0,0.0,0.0,0.0,
strength,Graph_labeled_only,5,1,354,0,178,"[0, 2, 6, 8, 9, 11, 12, 13, 14, 16, 17, 18, 19, 21, 25, 27, 28, 30, 31, 33, 34, 36, 40, 42, 46, 48, 49, 51, 60, 61, 62, 63, 66, 67, 78, 86, 90, 94, 110, 114, 118, 121, 124, 130, 144, 148, 172, 180, 188, 196, 208, 216, 217, 222, 223, 225, 226, 228, 229, 233, 234, 238, 239, 244, 245, 247, 248, 253, 254, 256, 257, 259, 260, 274, 278, 299, 302, 319, 323, 326, 330, 351, 353, 360, 362, 363, 365, 378, 380, 384, 386, 390, 392, 396, 398, 399, 401, 405, 407, 411, 413, 423, 425, 429, 431, 435, 437, 438, 440, 444, 446, 450, 452, 455, 456, 460, 461, 463, 465, 479, 506, 527, 534, 548, 554, 568, 579, 583, 587, 591, 599, 615, 617, 618, 620, 621, 623, 624, 626, 633, 635, 636, 638, 642, 644, 645, 647, 648, 650, 651, 653, 654, 656, 657, 659, 660, 662, 663, 665, 666, 668, 675, 678, 679, 680, 682, 683, 684, 686, 687, 689, 691, 692, 694, 695, 704, 705, 706, 707, 708, 709, 710, 711, 712, 713, 719, 720, 721, 722, 723, 725, 728, 895, 899, 900, 901, 904, 905, 906, 907, 908, 913, 914, 915, 916, 917, 921, 923, 925, 927, 929, 933, 934, 935, 936, 937, 938, 939, 940, 941, 942, 945, 960, 970, 975, 990, 1000, 1005, 1015, 1025, 1026, 1029, 1030, 1031, 1032, 1033, 1040, 1042, 1046, 1048, 1050, 1058, 1062, 1085, 1086, 1088, 1089, 1090, 1092, 1093, 1095, 1096, 1097, 1099, 1130, 1131, 1136, 1137, 1138, 1139, 1150, 1153, 1159, 1162, 1163, 1164, 1165, 1222, 1223, 1230, 1231, 1232, 1238, 1243, 1249, 1285, 1286, 1287, 1291, 1292, 1293, 1297, 1298, 1299, 1307, 1319, 1328, 1367, 1382, 1384, 1386, 1387, 1388, 1389, 1391, 1394, 1396, 1397, 1399, 1400, 1402, 1404, 1439, 1440, 1441, 1442, 1443, 1444, 1447, 1448, 1449, 1450, 1453, 1454, 1459, 1460, 1461, 1462, 1467, 1468, 1473, 1474, 1477, 1478, 1481, 1482, 1483, 1484, 1485, 1486, 1490, 1493, 1505, 1508, 1511, 1520, 1526, 1538, 1547, 1556, 1565, 1571, 1574, 1580, 1583, 1589, 1595, 1598, 1610, 1619, 1628, 1631, 1634, 1637]","[3, 5, 22, 24, 37, 39, 43, 45, 52, 54, 55, 57, 68, 69, 70, 74, 82, 98, 102, 133, 140, 152, 160, 164, 168, 192, 200, 204, 212, 219, 220, 230, 231, 262, 263, 268, 269, 271, 272, 281, 284, 286, 289, 292, 296, 305, 309, 333, 335, 336, 338, 342, 344, 348, 350, 357, 359, 366, 368, 372, 374, 375, 377, 381, 383, 393, 395, 402, 404, 408, 410, 414, 416, 426, 428, 441, 443, 454, 457, 458, 459, 462, 464, 472, 486, 499, 513, 520, 607, 611, 630, 632, 639, 641, 669, 671, 676, 688, 690, 696, 697, 700, 701, 718, 729, 731, 896, 903, 980, 985, 995, 1010, 1020, 1024, 1027, 1035, 1038, 1044, 1060, 1066, 1084, 1094, 1128, 1129, 1132, 1133, 1134, 1135, 1142, 1143, 1144, 1145, 1148, 1149, 1158, 1161, 1220, 1221, 1224, 1225, 1303, 1306, 1336, 1356, 1381, 1383, 1392, 1393, 1395, 1398, 1403, 1408, 1437, 1438, 1445, 1446, 1452, 1455, 1456, 1457, 1458, 1471, 1472, 1479, 1480, 1487, 1496, 1499, 1517, 1532, 1535, 1553, 1559, 1562, 1568, 1592, 1616, 1622]",[],,,,,,
strength,Graph_labeled_only,5,2,355,0,177,"[3, 5, 6, 8, 12, 13, 14, 16, 17, 18, 22, 24, 28, 30, 34, 36, 37, 39, 40, 42, 43, 45, 46, 48, 52, 54, 55, 57, 60, 61, 62, 63, 66, 67, 68, 69, 70, 74, 78, 82, 90, 98, 102, 110, 121, 133, 140, 144, 148, 152, 160, 164, 168, 172, 180, 192, 200, 204, 208, 212, 219, 220, 222, 223, 230, 231, 233, 234, 244, 245, 259, 260, 262, 263, 268, 269, 271, 272, 281, 284, 286, 289, 292, 296, 299, 302, 305, 309, 319, 323, 333, 335, 336, 338, 342, 344, 348, 350, 351, 353, 357, 359, 360, 362, 366, 368, 372, 374, 375, 377, 378, 380, 381, 383, 393, 395, 396, 398, 399, 401, 402, 404, 408, 410, 411, 413, 414, 416, 426, 428, 435, 437, 438, 440, 441, 443, 444, 446, 450, 452, 454, 456, 457, 458, 459, 461, 462, 463, 464, 465, 472, 486, 499, 513, 520, 534, 554, 579, 583, 587, 591, 607, 611, 615, 617, 624, 626, 630, 632, 639, 641, 645, 647, 660, 662, 669, 671, 676, 678, 680, 683, 684, 686, 687, 688, 690, 696, 697, 700, 701, 710, 711, 713, 718, 720, 721, 722, 729, 731, 895, 896, 901, 903, 904, 905, 907, 908, 917, 925, 929, 937, 938, 941, 942, 945, 960, 970, 975, 980, 985, 995, 1005, 1010, 1015, 1020, 1024, 1025, 1026, 1027, 1030, 1035, 1038, 1040, 1042, 1044, 1048, 1050, 1060, 1062, 1066, 1084, 1086, 1088, 1093, 1094, 1095, 1097, 1099, 1128, 1129, 1130, 1131, 1132, 1133, 1134, 1135, 1136, 1137, 1142, 1143, 1144, 1145, 1148, 1149, 1153, 1158, 1161, 1162, 1164, 1220, 1221, 1224, 1225, 1238, 1243, 1285, 1286, 1287, 1291, 1292, 1293, 1297, 1298, 1299, 1303, 1306, 1336, 1356, 1381, 1382, 1383, 1391, 1392, 1393, 1394, 1395, 1396, 1398, 1399, 1402, 1403, 1404, 1408, 1437, 1438, 1441, 1442, 1443, 1444, 1445, 1446, 1447, 1448, 1449, 1450, 1452, 1455, 1456, 1457, 1458, 1459, 1460, 1461, 1462, 1471, 1472, 1473, 1474, 1479, 1480, 1481, 1482, 1487, 1493, 1496, 1499, 1505, 1511, 1517, 1532, 1535, 1547, 1553, 1559, 1562, 1568, 1574, 1583, 1592, 1616, 1619, 1622, 1628, 1631, 1634]","[0, 2, 9, 11, 19, 21, 25, 27, 31, 33, 49, 51, 86, 94, 114, 118, 124, 130, 188, 196, 216, 217, 225, 226, 228, 229, 238, 239, 247, 248, 253, 254, 256, 257, 274, 278, 326, 330, 363, 365, 384, 386, 390, 392, 405, 407, 423, 425, 429, 431, 455, 460, 479, 506, 527, 548, 568, 599, 618, 620, 621, 623, 633, 635, 636, 638, 642, 644, 648, 650, 651, 653, 654, 656, 657, 659, 663, 665, 666, 668, 675, 679, 682, 689, 691, 692, 694, 695, 704, 705, 706, 707, 708, 709, 712, 719, 723, 725, 728, 899, 900, 906, 913, 914, 915, 916, 921, 923, 927, 933, 934, 935, 936, 939, 940, 990, 1000, 1029, 1031, 1032, 1033, 1046, 1058, 1085, 1089, 1090, 1092, 1096, 1138, 1139, 1150, 1159, 1163, 1165, 1222, 1223, 1230, 1231, 1232, 1249, 1307, 1319, 1328, 1367, 1384, 1386, 1387, 1388, 1389, 1397, 1400, 1439, 1440, 1453, 1454, 1467, 1468, 1477, 1478, 1483, 1484, 1485, 1486, 1490, 1508, 1520, 1526, 1538, 1556, 1565, 1571, 1580, 1589, 1595, 1598, 1610, 1637]",[],,,,,,
strength,Graph_labeled_only,5,3,355,0,177,"[0, 2, 3, 5, 9, 11, 19, 21, 22, 24, 25, 27, 31, 33, 37, 39, 43, 45, 49, 51, 52, 54, 55, 57, 68, 69, 70, 74, 82, 86, 94, 98, 102, 114, 118, 124, 130, 133, 140, 152, 160, 164, 168, 188, 192, 196, 200, 204, 212, 216, 217, 219, 220, 225, 226, 228, 229, 230, 231, 238, 239, 247, 248, 253, 254, 256, 257, 262, 263, 268, 269, 271, 272, 274, 278, 281, 284, 286, 289, 292, 296, 305, 309, 326, 330, 333, 335, 336, 338, 342, 344, 348, 350, 357, 359, 363, 365, 366, 368, 372, 374, 375, 377, 381, 383, 384, 386, 390, 392, 393, 395, 402, 404, 405, 407, 408, 410, 414, 416, 423, 425, 426, 428, 429, 431, 441, 443, 454, 455, 457, 458, 459, 460, 462, 464, 472, 479, 486, 499, 506, 513, 520, 527, 548, 568, 599, 607, 611, 618, 620, 621, 623, 630, 632, 633, 635, 636, 638, 639, 641, 642, 644, 648, 650, 651, 653, 654, 656, 657, 659, 663, 665, 666, 668, 669, 671, 675, 676, 679, 682, 688, 689, 690, 691, 692, 694, 695, 696, 697, 700, 701, 704, 705, 706, 707, 708, 709, 712, 718, 719, 723, 725, 728, 729, 731, 896, 899, 900, 903, 906, 913, 914, 915, 916, 921, 923, 927, 933, 934, 935, 936, 939, 940, 980, 985, 990, 995, 1000, 1010, 1020, 1024, 1027, 1029, 1031, 1032, 1033, 1035, 1038, 1044, 1046, 1058, 1060, 1066, 1084, 1085, 1089, 1090, 1092, 1094, 1096, 1128, 1129, 1132, 1133, 1134, 1135, 1138, 1139, 1142, 1143, 1144, 1145, 1148, 1149, 1150, 1158, 1159, 1161, 1163, 1165, 1220, 1221, 1222, 1223, 1224, 1225, 1230, 1231, 1232, 1249, 1303, 1306, 1307, 1319, 1328, 1336, 1356, 1367, 1381, 1383, 1384, 1386, 1387, 1388, 1389, 1392, 1393, 1395, 1397, 1398, 1400, 1403, 1408, 1437, 1438, 1439, 1440, 1445, 1446, 1452, 1453, 1454, 1455, 1456, 1457, 1458, 1467, 1468, 1471, 1472, 1477, 1478, 1479, 1480, 1483, 1484, 1485, 1486, 1487, 1490, 1496, 1499, 1508, 1517, 1520, 1526, 1532, 1535, 1538, 1553, 1556, 1559, 1562, 1565, 1568, 1571, 1580, 1589, 1592, 1595, 1598, 1610, 1616, 1622, 1637]","[6, 8, 12, 13, 14, 16, 17, 18, 28, 30, 34, 36, 40, 42, 46, 48, 60, 61, 62, 63, 66, 67, 78, 90, 110, 121, 144, 148, 172, 180, 208, 222, 223, 233, 234, 244, 245, 259, 260, 299, 302, 319, 323, 351, 353, 360, 362, 378, 380, 396, 398, 399, 401, 411, 413, 435, 437, 438, 440, 444, 446, 450, 452, 456, 461, 463, 465, 534, 554, 579, 583, 587, 591, 615, 617, 624, 626, 645, 647, 660, 662, 678, 680, 683, 684, 686, 687, 710, 711, 713, 720, 721, 722, 895, 901, 904, 905, 907, 908, 917, 925, 929, 937, 938, 941, 942, 945, 960, 970, 975, 1005, 1015, 1025, 1026, 1030, 1040, 1042, 1048, 1050, 1062, 1086, 1088, 1093, 1095, 1097, 1099, 1130, 1131, 1136, 1137, 1153, 1162, 1164, 1238, 1243, 1285, 1286, 1287, 1291, 1292, 1293, 1297, 1298, 1299, 1382, 1391, 1394, 1396, 1399, 1402, 1404, 1441, 1442, 1443, 1444, 1447, 1448, 1449, 1450, 1459, 1460, 1461, 1462, 1473, 1474, 1481, 1482, 1493, 1505, 1511, 1547, 1574, 1583, 1619, 1628, 1631, 1634]",[],,,,,,
strength,Graph_labeled_only,5,0,532,0,133,"[0, 2, 3, 5, 6, 8, 9, 11, 12, 13, 14, 16, 17, 18, 19, 21, 22, 24, 25, 27, 28, 30, 31, 33, 34, 36, 37, 39, 40, 42, 43, 45, 46, 48, 49, 51, 52, 54, 55, 57, 60, 61, 62, 63, 66, 67, 68, 69, 70, 74, 78, 82, 86, 90, 94, 98, 102, 110, 114, 118, 121, 124, 130, 133, 140, 144, 148, 152, 160, 164, 168, 172, 180, 188, 192, 196, 200, 204, 208, 212, 216, 217, 219, 220, 222, 223, 225, 226, 228, 229, 230, 231, 233, 234, 238, 239, 244, 245, 247, 248, 253, 254, 256, 257, 259, 260, 262, 263, 268, 269, 271, 272, 274, 278, 281, 284, 286, 289, 292, 296, 299, 302, 305, 309, 319, 323, 326, 330, 333, 335, 336, 338, 342, 344, 348, 350, 351, 353, 357, 359, 360, 362, 363, 365, 366, 368, 372, 374, 375, 377, 378, 380, 381, 383, 384, 386, 390, 392, 393, 395, 396, 398, 399, 401, 402, 404, 405, 407, 408, 410, 411, 413, 414, 416, 423, 425, 426, 428, 429, 431, 435, 437, 438, 440, 441, 443, 444, 446, 450, 452, 454, 455, 456, 457, 458, 459, 460, 461, 462, 463, 464, 465, 472, 479, 486, 499, 506, 513, 520, 527, 534, 548, 554, 568, 579, 583, 587, 591, 599, 607, 611, 615, 617, 618, 620, 621, 623, 624, 626, 630, 632, 633, 635, 636, 638, 639, 641, 642, 644, 645, 647, 648, 650, 651, 653, 654, 656, 657, 659, 660, 662, 663, 665, 666, 668, 669, 671, 675, 676, 678, 679, 680, 682, 683, 684, 686, 687, 688, 689, 690, 691, 692, 694, 695, 696, 697, 700, 701, 704, 705, 706, 707, 708, 709, 710, 711, 712, 713, 718, 719, 720, 721, 722, 723, 725, 728, 729, 731, 895, 896, 899, 900, 901, 903, 904, 905, 906, 907, 908, 913, 914, 915, 916, 917, 921, 923, 925, 927, 929, 933, 934, 935, 936, 937, 938, 939, 940, 941, 942, 945, 960, 970, 975, 980, 985, 990, 995, 1000, 1005, 1010, 1015, 1020, 1024, 1025, 1026, 1027, 1029, 1030, 1031, 1032, 1033, 1035, 1038, 1040, 1042, 1044, 1046, 1048, 1050, 1058, 1060, 1062, 1066, 1084, 1085, 1086, 1088, 1089, 1090, 1092, 1093, 1094, 1095, 1096, 1097, 1099, 1128, 1129, 1130, 1131, 1132, 1133, 1134, 1135, 1136, 1137, 1138, 1139, 1142, 1143, 1144, 1145, 1148, 1149, 1150, 1153, 1158, 1159, 1161, 1162, 1163, 1164, 1165, 1220, 1221, 1222, 1223, 1224, 1225, 1230, 1231, 1232, 1238, 1243, 1249, 1285, 1286, 1287, 1291, 1292, 1293, 1297, 1298, 1299, 1303, 1306, 1307, 1319, 1328, 1336, 1356, 1367, 1381, 1382, 1383, 1384, 1386, 1387, 1388, 1389, 1391, 1392, 1393, 1394, 1395, 1396, 1397, 1398, 1399, 1400, 1402, 1403, 1404, 1408, 1437, 1438, 1439, 1440, 1441, 1442, 1443, 1444, 1445, 1446, 1447, 1448, 1449, 1450, 1452, 1453, 1454, 1455, 1456, 1457, 1458, 1459, 1460, 1461, 1462, 1467, 1468, 1471, 1472, 1473, 1474, 1477, 1478, 1479, 1480, 1481, 1482, 1483, 1484, 1485, 1486, 1487, 1490, 1493, 1496, 1499, 1505, 1508, 1511, 1517, 1520, 1526, 1532, 1535, 1538, 1547, 1553, 1556, 1559, 1562, 1565, 1568, 1571, 1574, 1580, 1583, 1589, 1592, 1595, 1598, 1610, 1616, 1619, 1622, 1628, 1631, 1634, 1637]","[58, 59, 64, 65, 106, 127, 136, 156, 176, 184, 235, 236, 241, 242, 250, 251, 265, 266, 312, 316, 339, 345, 347, 354, 356, 369, 371, 387, 389, 417, 419, 420, 422, 432, 434, 447, 449, 453, 493, 541, 561, 575, 595, 603, 627, 629, 672, 674, 677, 681, 685, 693, 698, 699, 702, 703, 714, 715, 716, 717, 724, 726, 727, 730, 897, 898, 902, 909, 910, 911, 912, 919, 931, 932, 943, 944, 950, 955, 965, 1028, 1036, 1052, 1054, 1056, 1064, 1087, 1091, 1098, 1126, 1127, 1140, 1141, 1146, 1147, 1156, 1157, 1160, 1226, 1227, 1228, 1229, 1304, 1305, 1346, 1377, 1378, 1379, 1380, 1385, 1390, 1401, 1463, 1464, 1465, 1466, 1469, 1470, 1475, 1476, 1502, 1523, 1529, 1541, 1544, 1550, 1577, 1586, 1601, 1604, 1607, 1613, 1625, 1640]",[],532.0,3380.0,2.0,0.0,0.007992675001548882,1.9986063778908054
strength,Graph_semi_supervised,5,1,354,673,178,"[0, 2, 6, 8, 9, 11, 12, 13, 14, 16, 17, 18, 19, 21, 25, 27, 28, 30, 31, 33, 34, 36, 40, 42, 46, 48, 49, 51, 60, 61, 62, 63, 66, 67, 78, 86, 90, 94, 110, 114, 118, 121, 124, 130, 144, 148, 172, 180, 188, 196, 208, 216, 217, 222, 223, 225, 226, 228, 229, 233, 234, 238, 239, 244, 245, 247, 248, 253, 254, 256, 257, 259, 260, 274, 278, 299, 302, 319, 323, 326, 330, 351, 353, 360, 362, 363, 365, 378, 380, 384, 386, 390, 392, 396, 398, 399, 401, 405, 407, 411, 413, 423, 425, 429, 431, 435, 437, 438, 440, 444, 446, 450, 452, 455, 456, 460, 461, 463, 465, 479, 506, 527, 534, 548, 554, 568, 579, 583, 587, 591, 599, 615, 617, 618, 620, 621, 623, 624, 626, 633, 635, 636, 638, 642, 644, 645, 647, 648, 650, 651, 653, 654, 656, 657, 659, 660, 662, 663, 665, 666, 668, 675, 678, 679, 680, 682, 683, 684, 686, 687, 689, 691, 692, 694, 695, 704, 705, 706, 707, 708, 709, 710, 711, 712, 713, 719, 720, 721, 722, 723, 725, 728, 895, 899, 900, 901, 904, 905, 906, 907, 908, 913, 914, 915, 916, 917, 921, 923, 925, 927, 929, 933, 934, 935, 936, 937, 938, 939, 940, 941, 942, 945, 960, 970, 975, 990, 1000, 1005, 1015, 1025, 1026, 1029, 1030, 1031, 1032, 1033, 1040, 1042, 1046, 1048, 1050, 1058, 1062, 1085, 1086, 1088, 1089, 1090, 1092, 1093, 1095, 1096, 1097, 1099, 1130, 1131, 1136, 1137, 1138, 1139, 1150, 1153, 1159, 1162, 1163, 1164, 1165, 1222, 1223, 1230, 1231, 1232, 1238, 1243, 1249, 1285, 1286, 1287, 1291, 1292, 1293, 1297, 1298, 1299, 1307, 1319, 1328, 1367, 1382, 1384, 1386, 1387, 1388, 1389, 1391, 1394, 1396, 1397, 1399, 1400, 1402, 1404, 1439, 1440, 1441, 1442, 1443, 1444, 1447, 1448, 1449, 1450, 1453, 1454, 1459, 1460, 1461, 1462, 1467, 1468, 1473, 1474, 1477, 1478, 1481, 1482, 1483, 1484, 1485, 1486, 1490, 1493, 1505, 1508, 1511, 1520, 1526, 1538, 1547, 1556, 1565, 1571, 1574, 1580, 1583, 1589, 1595, 1598, 1610, 1619, 1628, 1631, 1634, 1637]","[3, 5, 22, 24, 37, 39, 43, 45, 52, 54, 55, 57, 68, 69, 70, 74, 82, 98, 102, 133, 140, 152, 160, 164, 168, 192, 200, 204, 212, 219, 220, 230, 231, 262, 263, 268, 269, 271, 272, 281, 284, 286, 289, 292, 296, 305, 309, 333, 335, 336, 338, 342, 344, 348, 350, 357, 359, 366, 368, 372, 374, 375, 377, 381, 383, 393, 395, 402, 404, 408, 410, 414, 416, 426, 428, 441, 443, 454, 457, 458, 459, 462, 464, 472, 486, 499, 513, 520, 607, 611, 630, 632, 639, 641, 669, 671, 676, 688, 690, 696, 697, 700, 701, 718, 729, 731, 896, 903, 980, 985, 995, 1010, 1020, 1024, 1027, 1035, 1038, 1044, 1060, 1066, 1084, 1094, 1128, 1129, 1132, 1133, 1134, 1135, 1142, 1143, 1144, 1145, 1148, 1149, 1158, 1161, 1220, 1221, 1224, 1225, 1303, 1306, 1336, 1356, 1381, 1383, 1392, 1393, 1395, 1398, 1403, 1408, 1437, 1438, 1445, 1446, 1452, 1455, 1456, 1457, 1458, 1471, 1472, 1479, 1480, 1487, 1496, 1499, 1517, 1532, 1535, 1553, 1559, 1562, 1568, 1592, 1616, 1622]","[1, 7, 10, 15, 20, 26, 29, 32, 35, 41, 47, 50, 79, 80, 81, 87, 88, 89, 91, 92, 93, 95, 96, 97, 111, 112, 113, 115, 116, 117, 119, 120, 122, 123, 125, 126, 131, 132, 145, 146, 147, 149, 150, 151, 173, 174, 175, 181, 182, 183, 189, 190, 191, 197, 198, 199, 209, 210, 211, 218, 224, 227, 240, 246, 249, 255, 258, 261, 275, 276, 277, 279, 280, 300, 301, 303, 304, 320, 321, 322, 324, 325, 327, 328, 329, 331, 332, 352, 361, 364, 379, 385, 391, 397, 400, 406, 412, 424, 430, 436, 439, 445, 451, 466, 467, 468, 469, 470, 471, 480, 481, 482, 483, 484, 485, 507, 508, 509, 510, 511, 512, 528, 529, 530, 531, 532, 533, 535, 536, 537, 538, 539, 540, 549, 550, 551, 552, 553, 555, 556, 557, 558, 559, 560, 569, 570, 571, 572, 573, 574, 580, 581, 582, 584, 585, 586, 588, 589, 590, 592, 593, 594, 600, 601, 602, 616, 619, 622, 625, 634, 637, 643, 646, 649, 652, 655, 658, 661, 664, 667, 732, 733, 734, 735, 736, 737, 738, 739, 740, 741, 742, 743, 744, 745, 746, 747, 748, 749, 750, 751, 752, 753, 754, 755, 756, 757, 758, 759, 760, 761, 762, 763, 764, 765, 766, 767, 768, 769, 770, 771, 772, 773, 774, 775, 776, 777, 778, 779, 780, 781, 782, 783, 784, 785, 786, 787, 788, 789, 790, 791, 792, 793, 794, 795, 796, 797, 798, 799, 800, 801, 802, 803, 804, 805, 806, 807, 808, 809, 810, 811, 812, 813, 814, 815, 816, 817, 818, 819, 820, 821, 822, 823, 824, 825, 826, 827, 828, 829, 830, 831, 832, 833, 834, 835, 836, 837, 838, 839, 840, 841, 842, 843, 844, 845, 846, 847, 848, 849, 850, 851, 852, 853, 854, 855, 856, 857, 858, 859, 860, 861, 862, 863, 864, 865, 866, 867, 868, 869, 870, 871, 872, 873, 874, 875, 876, 877, 878, 879, 880, 881, 882, 883, 884, 885, 886, 887, 888, 889, 890, 891, 892, 893, 894, 918, 922, 924, 926, 928, 930, 946, 947, 948, 949, 961, 962, 963, 964, 971, 972, 973, 974, 976, 977, 978, 979, 991, 992, 993, 994, 1001, 1002, 1003, 1004, 1006, 1007, 1008, 1009, 1016, 1017, 1018, 1019, 1034, 1041, 1043, 1047, 1049, 1051, 1059, 1063, 1068, 1069, 1070, 1071, 1072, 1073, 1074, 1075, 1076, 1077, 1078, 1079, 1080, 1081, 1082, 1083, 1100, 1101, 1102, 1103, 1104, 1105, 1106, 1107, 1108, 1109, 1110, 1111, 1112, 1113, 1114, 1115, 1116, 1117, 1118, 1119, 1120, 1121, 1122, 1123, 1124, 1125, 1151, 1152, 1154, 1155, 1166, 1167, 1168, 1169, 1170, 1171, 1172, 1173, 1174, 1175, 1176, 1177, 1178, 1179, 1180, 1181, 1182, 1183, 1184, 1185, 1186, 1187, 1188, 1189, 1190, 1191, 1192, 1193, 1194, 1195, 1196, 1197, 1198, 1199, 1200, 1201, 1202, 1203, 1204, 1205, 1206, 1207, 1208, 1209, 1210, 1211, 1212, 1213, 1214, 1215, 1216, 1217, 1218, 1219, 1233, 1234, 1235, 1236, 1237, 1239, 1240, 1241, 1242, 1244, 1245, 1246, 1247, 1248, 1250, 1251, 1252, 1253, 1254, 1255, 1256, 1257, 1258, 1259, 1260, 1261, 1262, 1263, 1264, 1265, 1266, 1267, 1268, 1269, 1270, 1271, 1272, 1273, 1274, 1275, 1276, 1277, 1278, 1279, 1280, 1281, 1282, 1283, 1284, 1288, 1289, 1290, 1294, 1295, 1296, 1300, 1301, 1302, 1308, 1309, 1310, 1311, 1312, 1313, 1314, 1315, 1316, 1317, 1318, 1320, 1321, 1322, 1323, 1324, 1325, 1326, 1327, 1329, 1330, 1331, 1332, 1333, 1334, 1335, 1368, 1369, 1370, 1371, 1372, 1373, 1374, 1375, 1376, 1405, 1406, 1407, 1409, 1410, 1411, 1412, 1413, 1414, 1415, 1416, 1417, 1418, 1419, 1420, 1421, 1422, 1423, 1424, 1425, 1426, 1427, 1428, 1429, 1430, 1431, 1432, 1433, 1434, 1435, 1436, 1491, 1492, 1494, 1495, 1506, 1507, 1509, 1510, 1512, 1513, 1514, 1515, 1516, 1521, 1522, 1527, 1528, 1539, 1540, 1548, 1549, 1557, 1558, 1566, 1567, 1572, 1573, 1575, 1576, 1581, 1582, 1584, 1585, 1590, 1591, 1596, 1597, 1599, 1600, 1611, 1612, 1620, 1621, 1629, 1630, 1632, 1633, 1635, 1636, 1638, 1639, 1643, 1644, 1645, 1646, 1647, 1648, 1649, 1650, 1651]",,,,,,
strength,Graph_semi_supervised,5,2,355,690,177,"[3, 5, 6, 8, 12, 13, 14, 16, 17, 18, 22, 24, 28, 30, 34, 36, 37, 39, 40, 42, 43, 45, 46, 48, 52, 54, 55, 57, 60, 61, 62, 63, 66, 67, 68, 69, 70, 74, 78, 82, 90, 98, 102, 110, 121, 133, 140, 144, 148, 152, 160, 164, 168, 172, 180, 192, 200, 204, 208, 212, 219, 220, 222, 223, 230, 231, 233, 234, 244, 245, 259, 260, 262, 263, 268, 269, 271, 272, 281, 284, 286, 289, 292, 296, 299, 302, 305, 309, 319, 323, 333, 335, 336, 338, 342, 344, 348, 350, 351, 353, 357, 359, 360, 362, 366, 368, 372, 374, 375, 377, 378, 380, 381, 383, 393, 395, 396, 398, 399, 401, 402, 404, 408, 410, 411, 413, 414, 416, 426, 428, 435, 437, 438, 440, 441, 443, 444, 446, 450, 452, 454, 456, 457, 458, 459, 461, 462, 463, 464, 465, 472, 486, 499, 513, 520, 534, 554, 579, 583, 587, 591, 607, 611, 615, 617, 624, 626, 630, 632, 639, 641, 645, 647, 660, 662, 669, 671, 676, 678, 680, 683, 684, 686, 687, 688, 690, 696, 697, 700, 701, 710, 711, 713, 718, 720, 721, 722, 729, 731, 895, 896, 901, 903, 904, 905, 907, 908, 917, 925, 929, 937, 938, 941, 942, 945, 960, 970, 975, 980, 985, 995, 1005, 1010, 1015, 1020, 1024, 1025, 1026, 1027, 1030, 1035, 1038, 1040, 1042, 1044, 1048, 1050, 1060, 1062, 1066, 1084, 1086, 1088, 1093, 1094, 1095, 1097, 1099, 1128, 1129, 1130, 1131, 1132, 1133, 1134, 1135, 1136, 1137, 1142, 1143, 1144, 1145, 1148, 1149, 1153, 1158, 1161, 1162, 1164, 1220, 1221, 1224, 1225, 1238, 1243, 1285, 1286, 1287, 1291, 1292, 1293, 1297, 1298, 1299, 1303, 1306, 1336, 1356, 1381, 1382, 1383, 1391, 1392, 1393, 1394, 1395, 1396, 1398, 1399, 1402, 1403, 1404, 1408, 1437, 1438, 1441, 1442, 1443, 1444, 1445, 1446, 1447, 1448, 1449, 1450, 1452, 1455, 1456, 1457, 1458, 1459, 1460, 1461, 1462, 1471, 1472, 1473, 1474, 1479, 1480, 1481, 1482, 1487, 1493, 1496, 1499, 1505, 1511, 1517, 1532, 1535, 1547, 1553, 1559, 1562, 1568, 1574, 1583, 1592, 1616, 1619, 1622, 1628, 1631, 1634]","[0, 2, 9, 11, 19, 21, 25, 27, 31, 33, 49, 51, 86, 94, 114, 118, 124, 130, 188, 196, 216, 217, 225, 226, 228, 229, 238, 239, 247, 248, 253, 254, 256, 257, 274, 278, 326, 330, 363, 365, 384, 386, 390, 392, 405, 407, 423, 425, 429, 431, 455, 460, 479, 506, 527, 548, 568, 599, 618, 620, 621, 623, 633, 635, 636, 638, 642, 644, 648, 650, 651, 653, 654, 656, 657, 659, 663, 665, 666, 668, 675, 679, 682, 689, 691, 692, 694, 695, 704, 705, 706, 707, 708, 709, 712, 719, 723, 725, 728, 899, 900, 906, 913, 914, 915, 916, 921, 923, 927, 933, 934, 935, 936, 939, 940, 990, 1000, 1029, 1031, 1032, 1033, 1046, 1058, 1085, 1089, 1090, 1092, 1096, 1138, 1139, 1150, 1159, 1163, 1165, 1222, 1223, 1230, 1231, 1232, 1249, 1307, 1319, 1328, 1367, 1384, 1386, 1387, 1388, 1389, 1397, 1400, 1439, 1440, 1453, 1454, 1467, 1468, 1477, 1478, 1483, 1484, 1485, 1486, 1490, 1508, 1520, 1526, 1538, 1556, 1565, 1571, 1580, 1589, 1595, 1598, 1610, 1637]","[4, 7, 15, 23, 29, 35, 38, 41, 44, 47, 53, 56, 71, 72, 73, 75, 76, 77, 79, 80, 81, 83, 84, 85, 91, 92, 93, 99, 100, 101, 103, 104, 105, 111, 112, 113, 122, 123, 134, 135, 141, 142, 143, 145, 146, 147, 149, 150, 151, 153, 154, 155, 161, 162, 163, 165, 166, 167, 169, 170, 171, 173, 174, 175, 181, 182, 183, 193, 194, 195, 201, 202, 203, 205, 206, 207, 209, 210, 211, 213, 214, 215, 221, 224, 232, 246, 261, 264, 270, 273, 282, 283, 285, 287, 288, 290, 291, 293, 294, 295, 297, 298, 300, 301, 303, 304, 306, 307, 308, 310, 311, 320, 321, 322, 324, 325, 334, 337, 343, 349, 352, 358, 361, 367, 373, 376, 379, 382, 394, 397, 400, 403, 409, 412, 415, 427, 436, 439, 442, 445, 451, 466, 467, 468, 469, 470, 471, 473, 474, 475, 476, 477, 478, 487, 488, 489, 490, 491, 492, 500, 501, 502, 503, 504, 505, 514, 515, 516, 517, 518, 519, 521, 522, 523, 524, 525, 526, 535, 536, 537, 538, 539, 540, 555, 556, 557, 558, 559, 560, 580, 581, 582, 584, 585, 586, 588, 589, 590, 592, 593, 594, 608, 609, 610, 612, 613, 614, 616, 625, 631, 640, 646, 661, 670, 732, 733, 734, 735, 736, 737, 738, 739, 740, 741, 742, 743, 744, 745, 746, 747, 748, 749, 750, 751, 752, 753, 754, 755, 756, 757, 758, 759, 760, 761, 762, 763, 764, 765, 766, 767, 768, 769, 770, 771, 772, 773, 774, 775, 776, 777, 778, 779, 780, 781, 782, 783, 784, 785, 786, 787, 788, 789, 790, 791, 792, 793, 794, 795, 796, 797, 798, 799, 800, 801, 802, 803, 804, 805, 806, 807, 808, 809, 810, 811, 812, 813, 814, 815, 816, 817, 818, 819, 820, 821, 822, 823, 824, 825, 826, 827, 828, 829, 830, 831, 832, 833, 834, 835, 836, 837, 838, 839, 840, 841, 842, 843, 844, 845, 846, 847, 848, 849, 850, 851, 852, 853, 854, 855, 856, 857, 858, 859, 860, 861, 862, 863, 864, 865, 866, 867, 868, 869, 870, 871, 872, 873, 874, 875, 876, 877, 878, 879, 880, 881, 882, 883, 884, 885, 886, 887, 888, 889, 890, 891, 892, 893, 894, 918, 926, 930, 946, 947, 948, 949, 961, 962, 963, 964, 971, 972, 973, 974, 976, 977, 978, 979, 981, 982, 983, 984, 986, 987, 988, 989, 996, 997, 998, 999, 1006, 1007, 1008, 1009, 1011, 1012, 1013, 1014, 1016, 1017, 1018, 1019, 1021, 1022, 1023, 1034, 1039, 1041, 1043, 1045, 1049, 1051, 1061, 1063, 1067, 1068, 1069, 1070, 1071, 1072, 1073, 1074, 1075, 1076, 1077, 1078, 1079, 1080, 1081, 1082, 1083, 1100, 1101, 1102, 1103, 1104, 1105, 1106, 1107, 1108, 1109, 1110, 1111, 1112, 1113, 1114, 1115, 1116, 1117, 1118, 1119, 1120, 1121, 1122, 1123, 1124, 1125, 1151, 1152, 1154, 1155, 1166, 1167, 1168, 1169, 1170, 1171, 1172, 1173, 1174, 1175, 1176, 1177, 1178, 1179, 1180, 1181, 1182, 1183, 1184, 1185, 1186, 1187, 1188, 1189, 1190, 1191, 1192, 1193, 1194, 1195, 1196, 1197, 1198, 1199, 1200, 1201, 1202, 1203, 1204, 1205, 1206, 1207, 1208, 1209, 1210, 1211, 1212, 1213, 1214, 1215, 1216, 1217, 1218, 1219, 1239, 1240, 1241, 1242, 1244, 1245, 1246, 1247, 1248, 1255, 1256, 1257, 1258, 1259, 1260, 1261, 1262, 1263, 1264, 1265, 1266, 1267, 1268, 1269, 1270, 1271, 1272, 1273, 1274, 1275, 1276, 1277, 1278, 1279, 1280, 1281, 1282, 1283, 1284, 1288, 1289, 1290, 1294, 1295, 1296, 1300, 1301, 1302, 1337, 1338, 1339, 1340, 1341, 1342, 1343, 1344, 1345, 1357, 1358, 1359, 1360, 1361, 1362, 1363, 1364, 1365, 1366, 1405, 1406, 1407, 1409, 1410, 1411, 1412, 1413, 1414, 1415, 1416, 1417, 1418, 1419, 1420, 1421, 1422, 1423, 1424, 1425, 1426, 1427, 1428, 1429, 1430, 1431, 1432, 1433, 1434, 1435, 1436, 1451, 1488, 1489, 1494, 1495, 1497, 1498, 1500, 1501, 1506, 1507, 1512, 1513, 1514, 1515, 1516, 1518, 1519, 1533, 1534, 1536, 1537, 1548, 1549, 1554, 1555, 1560, 1561, 1563, 1564, 1569, 1570, 1575, 1576, 1584, 1585, 1593, 1594, 1617, 1618, 1620, 1621, 1623, 1624, 1629, 1630, 1632, 1633, 1635, 1636, 1643, 1644, 1645, 1646, 1647, 1648, 1649, 1650, 1651]",,,,,,
strength,Graph_semi_supervised,5,3,355,710,177,"[0, 2, 3, 5, 9, 11, 19, 21, 22, 24, 25, 27, 31, 33, 37, 39, 43, 45, 49, 51, 52, 54, 55, 57, 68, 69, 70, 74, 82, 86, 94, 98, 102, 114, 118, 124, 130, 133, 140, 152, 160, 164, 168, 188, 192, 196, 200, 204, 212, 216, 217, 219, 220, 225, 226, 228, 229, 230, 231, 238, 239, 247, 248, 253, 254, 256, 257, 262, 263, 268, 269, 271, 272, 274, 278, 281, 284, 286, 289, 292, 296, 305, 309, 326, 330, 333, 335, 336, 338, 342, 344, 348, 350, 357, 359, 363, 365, 366, 368, 372, 374, 375, 377, 381, 383, 384, 386, 390, 392, 393, 395, 402, 404, 405, 407, 408, 410, 414, 416, 423, 425, 426, 428, 429, 431, 441, 443, 454, 455, 457, 458, 459, 460, 462, 464, 472, 479, 486, 499, 506, 513, 520, 527, 548, 568, 599, 607, 611, 618, 620, 621, 623, 630, 632, 633, 635, 636, 638, 639, 641, 642, 644, 648, 650, 651, 653, 654, 656, 657, 659, 663, 665, 666, 668, 669, 671, 675, 676, 679, 682, 688, 689, 690, 691, 692, 694, 695, 696, 697, 700, 701, 704, 705, 706, 707, 708, 709, 712, 718, 719, 723, 725, 728, 729, 731, 896, 899, 900, 903, 906, 913, 914, 915, 916, 921, 923, 927, 933, 934, 935, 936, 939, 940, 980, 985, 990, 995, 1000, 1010, 1020, 1024, 1027, 1029, 1031, 1032, 1033, 1035, 1038, 1044, 1046, 1058, 1060, 1066, 1084, 1085, 1089, 1090, 1092, 1094, 1096, 1128, 1129, 1132, 1133, 1134, 1135, 1138, 1139, 1142, 1143, 1144, 1145, 1148, 1149, 1150, 1158, 1159, 1161, 1163, 1165, 1220, 1221, 1222, 1223, 1224, 1225, 1230, 1231, 1232, 1249, 1303, 1306, 1307, 1319, 1328, 1336, 1356, 1367, 1381, 1383, 1384, 1386, 1387, 1388, 1389, 1392, 1393, 1395, 1397, 1398, 1400, 1403, 1408, 1437, 1438, 1439, 1440, 1445, 1446, 1452, 1453, 1454, 1455, 1456, 1457, 1458, 1467, 1468, 1471, 1472, 1477, 1478, 1479, 1480, 1483, 1484, 1485, 1486, 1487, 1490, 1496, 1499, 1508, 1517, 1520, 1526, 1532, 1535, 1538, 1553, 1556, 1559, 1562, 1565, 1568, 1571, 1580, 1589, 1592, 1595, 1598, 1610, 1616, 1622, 1637]","[6, 8, 12, 13, 14, 16, 17, 18, 28, 30, 34, 36, 40, 42, 46, 48, 60, 61, 62, 63, 66, 67, 78, 90, 110, 121, 144, 148, 172, 180, 208, 222, 223, 233, 234, 244, 245, 259, 260, 299, 302, 319, 323, 351, 353, 360, 362, 378, 380, 396, 398, 399, 401, 411, 413, 435, 437, 438, 440, 444, 446, 450, 452, 456, 461, 463, 465, 534, 554, 579, 583, 587, 591, 615, 617, 624, 626, 645, 647, 660, 662, 678, 680, 683, 684, 686, 687, 710, 711, 713, 720, 721, 722, 895, 901, 904, 905, 907, 908, 917, 925, 929, 937, 938, 941, 942, 945, 960, 970, 975, 1005, 1015, 1025, 1026, 1030, 1040, 1042, 1048, 1050, 1062, 1086, 1088, 1093, 1095, 1097, 1099, 1130, 1131, 1136, 1137, 1153, 1162, 1164, 1238, 1243, 1285, 1286, 1287, 1291, 1292, 1293, 1297, 1298, 1299, 1382, 1391, 1394, 1396, 1399, 1402, 1404, 1441, 1442, 1443, 1444, 1447, 1448, 1449, 1450, 1459, 1460, 1461, 1462, 1473, 1474, 1481, 1482, 1493, 1505, 1511, 1547, 1574, 1583, 1619, 1628, 1631, 1634]","[1, 4, 10, 20, 23, 26, 32, 38, 44, 50, 53, 56, 71, 72, 73, 75, 76, 77, 83, 84, 85, 87, 88, 89, 95, 96, 97, 99, 100, 101, 103, 104, 105, 115, 116, 117, 119, 120, 125, 126, 131, 132, 134, 135, 141, 142, 143, 153, 154, 155, 161, 162, 163, 165, 166, 167, 169, 170, 171, 189, 190, 191, 193, 194, 195, 197, 198, 199, 201, 202, 203, 205, 206, 207, 213, 214, 215, 218, 221, 227, 232, 240, 249, 255, 258, 264, 270, 273, 275, 276, 277, 279, 280, 282, 283, 285, 287, 288, 290, 291, 293, 294, 295, 297, 298, 306, 307, 308, 310, 311, 327, 328, 329, 331, 332, 334, 337, 343, 349, 358, 364, 367, 373, 376, 382, 385, 391, 394, 403, 406, 409, 415, 424, 427, 430, 442, 473, 474, 475, 476, 477, 478, 480, 481, 482, 483, 484, 485, 487, 488, 489, 490, 491, 492, 500, 501, 502, 503, 504, 505, 507, 508, 509, 510, 511, 512, 514, 515, 516, 517, 518, 519, 521, 522, 523, 524, 525, 526, 528, 529, 530, 531, 532, 533, 549, 550, 551, 552, 553, 569, 570, 571, 572, 573, 574, 600, 601, 602, 608, 609, 610, 612, 613, 614, 619, 622, 631, 634, 637, 640, 643, 649, 652, 655, 658, 664, 667, 670, 732, 733, 734, 735, 736, 737, 738, 739, 740, 741, 742, 743, 744, 745, 746, 747, 748, 749, 750, 751, 752, 753, 754, 755, 756, 757, 758, 759, 760, 761, 762, 763, 764, 765, 766, 767, 768, 769, 770, 771, 772, 773, 774, 775, 776, 777, 778, 779, 780, 781, 782, 783, 784, 785, 786, 787, 788, 789, 790, 791, 792, 793, 794, 795, 796, 797, 798, 799, 800, 801, 802, 803, 804, 805, 806, 807, 808, 809, 810, 811, 812, 813, 814, 815, 816, 817, 818, 819, 820, 821, 822, 823, 824, 825, 826, 827, 828, 829, 830, 831, 832, 833, 834, 835, 836, 837, 838, 839, 840, 841, 842, 843, 844, 845, 846, 847, 848, 849, 850, 851, 852, 853, 854, 855, 856, 857, 858, 859, 860, 861, 862, 863, 864, 865, 866, 867, 868, 869, 870, 871, 872, 873, 874, 875, 876, 877, 878, 879, 880, 881, 882, 883, 884, 885, 886, 887, 888, 889, 890, 891, 892, 893, 894, 922, 924, 928, 981, 982, 983, 984, 986, 987, 988, 989, 991, 992, 993, 994, 996, 997, 998, 999, 1001, 1002, 1003, 1004, 1011, 1012, 1013, 1014, 1021, 1022, 1023, 1034, 1039, 1045, 1047, 1059, 1061, 1067, 1068, 1069, 1070, 1071, 1072, 1073, 1074, 1075, 1076, 1077, 1078, 1079, 1080, 1081, 1082, 1083, 1100, 1101, 1102, 1103, 1104, 1105, 1106, 1107, 1108, 1109, 1110, 1111, 1112, 1113, 1114, 1115, 1116, 1117, 1118, 1119, 1120, 1121, 1122, 1123, 1124, 1125, 1151, 1152, 1154, 1155, 1166, 1167, 1168, 1169, 1170, 1171, 1172, 1173, 1174, 1175, 1176, 1177, 1178, 1179, 1180, 1181, 1182, 1183, 1184, 1185, 1186, 1187, 1188, 1189, 1190, 1191, 1192, 1193, 1194, 1195, 1196, 1197, 1198, 1199, 1200, 1201, 1202, 1203, 1204, 1205, 1206, 1207, 1208, 1209, 1210, 1211, 1212, 1213, 1214, 1215, 1216, 1217, 1218, 1219, 1233, 1234, 1235, 1236, 1237, 1250, 1251, 1252, 1253, 1254, 1255, 1256, 1257, 1258, 1259, 1260, 1261, 1262, 1263, 1264, 1265, 1266, 1267, 1268, 1269, 1270, 1271, 1272, 1273, 1274, 1275, 1276, 1277, 1278, 1279, 1280, 1281, 1282, 1283, 1284, 1308, 1309, 1310, 1311, 1312, 1313, 1314, 1315, 1316, 1317, 1318, 1320, 1321, 1322, 1323, 1324, 1325, 1326, 1327, 1329, 1330, 1331, 1332, 1333, 1334, 1335, 1337, 1338, 1339, 1340, 1341, 1342, 1343, 1344, 1345, 1357, 1358, 1359, 1360, 1361, 1362, 1363, 1364, 1365, 1366, 1368, 1369, 1370, 1371, 1372, 1373, 1374, 1375, 1376, 1405, 1406, 1407, 1409, 1410, 1411, 1412, 1413, 1414, 1415, 1416, 1417, 1418, 1419, 1420, 1421, 1422, 1423, 1424, 1425, 1426, 1427, 1428, 1429, 1430, 1431, 1432, 1433, 1434, 1435, 1436, 1451, 1488, 1489, 1491, 1492, 1497, 1498, 1500, 1501, 1509, 1510, 1514, 1515, 1516, 1518, 1519, 1521, 1522, 1527, 1528, 1533, 1534, 1536, 1537, 1539, 1540, 1554, 1555, 1557, 1558, 1560, 1561, 1563, 1564, 1566, 1567, 1569, 1570, 1572, 1573, 1581, 1582, 1590, 1591, 1593, 1594, 1596, 1597, 1599, 1600, 1611, 1612, 1617, 1618, 1623, 1624, 1638, 1639, 1643, 1644, 1645, 1646, 1647, 1648, 1649, 1650, 1651]",,,,,,
strength,Graph_semi_supervised,5,0,532,868,133,"[0, 2, 3, 5, 6, 8, 9, 11, 12, 13, 14, 16, 17, 18, 19, 21, 22, 24, 25, 27, 28, 30, 31, 33, 34, 36, 37, 39, 40, 42, 43, 45, 46, 48, 49, 51, 52, 54, 55, 57, 60, 61, 62, 63, 66, 67, 68, 69, 70, 74, 78, 82, 86, 90, 94, 98, 102, 110, 114, 118, 121, 124, 130, 133, 140, 144, 148, 152, 160, 164, 168, 172, 180, 188, 192, 196, 200, 204, 208, 212, 216, 217, 219, 220, 222, 223, 225, 226, 228, 229, 230, 231, 233, 234, 238, 239, 244, 245, 247, 248, 253, 254, 256, 257, 259, 260, 262, 263, 268, 269, 271, 272, 274, 278, 281, 284, 286, 289, 292, 296, 299, 302, 305, 309, 319, 323, 326, 330, 333, 335, 336, 338, 342, 344, 348, 350, 351, 353, 357, 359, 360, 362, 363, 365, 366, 368, 372, 374, 375, 377, 378, 380, 381, 383, 384, 386, 390, 392, 393, 395, 396, 398, 399, 401, 402, 404, 405, 407, 408, 410, 411, 413, 414, 416, 423, 425, 426, 428, 429, 431, 435, 437, 438, 440, 441, 443, 444, 446, 450, 452, 454, 455, 456, 457, 458, 459, 460, 461, 462, 463, 464, 465, 472, 479, 486, 499, 506, 513, 520, 527, 534, 548, 554, 568, 579, 583, 587, 591, 599, 607, 611, 615, 617, 618, 620, 621, 623, 624, 626, 630, 632, 633, 635, 636, 638, 639, 641, 642, 644, 645, 647, 648, 650, 651, 653, 654, 656, 657, 659, 660, 662, 663, 665, 666, 668, 669, 671, 675, 676, 678, 679, 680, 682, 683, 684, 686, 687, 688, 689, 690, 691, 692, 694, 695, 696, 697, 700, 701, 704, 705, 706, 707, 708, 709, 710, 711, 712, 713, 718, 719, 720, 721, 722, 723, 725, 728, 729, 731, 895, 896, 899, 900, 901, 903, 904, 905, 906, 907, 908, 913, 914, 915, 916, 917, 921, 923, 925, 927, 929, 933, 934, 935, 936, 937, 938, 939, 940, 941, 942, 945, 960, 970, 975, 980, 985, 990, 995, 1000, 1005, 1010, 1015, 1020, 1024, 1025, 1026, 1027, 1029, 1030, 1031, 1032, 1033, 1035, 1038, 1040, 1042, 1044, 1046, 1048, 1050, 1058, 1060, 1062, 1066, 1084, 1085, 1086, 1088, 1089, 1090, 1092, 1093, 1094, 1095, 1096, 1097, 1099, 1128, 1129, 1130, 1131, 1132, 1133, 1134, 1135, 1136, 1137, 1138, 1139, 1142, 1143, 1144, 1145, 1148, 1149, 1150, 1153, 1158, 1159, 1161, 1162, 1163, 1164, 1165, 1220, 1221, 1222, 1223, 1224, 1225, 1230, 1231, 1232, 1238, 1243, 1249, 1285, 1286, 1287, 1291, 1292, 1293, 1297, 1298, 1299, 1303, 1306, 1307, 1319, 1328, 1336, 1356, 1367, 1381, 1382, 1383, 1384, 1386, 1387, 1388, 1389, 1391, 1392, 1393, 1394, 1395, 1396, 1397, 1398, 1399, 1400, 1402, 1403, 1404, 1408, 1437, 1438, 1439, 1440, 1441, 1442, 1443, 1444, 1445, 1446, 1447, 1448, 1449, 1450, 1452, 1453, 1454, 1455, 1456, 1457, 1458, 1459, 1460, 1461, 1462, 1467, 1468, 1471, 1472, 1473, 1474, 1477, 1478, 1479, 1480, 1481, 1482, 1483, 1484, 1485, 1486, 1487, 1490, 1493, 1496, 1499, 1505, 1508, 1511, 1517, 1520, 1526, 1532, 1535, 1538, 1547, 1553, 1556, 1559, 1562, 1565, 1568, 1571, 1574, 1580, 1583, 1589, 1592, 1595, 1598, 1610, 1616, 1619, 1622, 1628, 1631, 1634, 1637]","[58, 59, 64, 65, 106, 127, 136, 156, 176, 184, 235, 236, 241, 242, 250, 251, 265, 266, 312, 316, 339, 345, 347, 354, 356, 369, 371, 387, 389, 417, 419, 420, 422, 432, 434, 447, 449, 453, 493, 541, 561, 575, 595, 603, 627, 629, 672, 674, 677, 681, 685, 693, 698, 699, 702, 703, 714, 715, 716, 717, 724, 726, 727, 730, 897, 898, 902, 909, 910, 911, 912, 919, 931, 932, 943, 944, 950, 955, 965, 1028, 1036, 1052, 1054, 1056, 1064, 1087, 1091, 1098, 1126, 1127, 1140, 1141, 1146, 1147, 1156, 1157, 1160, 1226, 1227, 1228, 1229, 1304, 1305, 1346, 1377, 1378, 1379, 1380, 1385, 1390, 1401, 1463, 1464, 1465, 1466, 1469, 1470, 1475, 1476, 1502, 1523, 1529, 1541, 1544, 1550, 1577, 1586, 1601, 1604, 1607, 1613, 1625, 1640]","[1, 4, 7, 10, 15, 20, 23, 26, 29, 32, 35, 38, 41, 44, 47, 50, 53, 56, 71, 72, 73, 75, 76, 77, 79, 80, 81, 83, 84, 85, 87, 88, 89, 91, 92, 93, 95, 96, 97, 99, 100, 101, 103, 104, 105, 111, 112, 113, 115, 116, 117, 119, 120, 122, 123, 125, 126, 131, 132, 134, 135, 141, 142, 143, 145, 146, 147, 149, 150, 151, 153, 154, 155, 161, 162, 163, 165, 166, 167, 169, 170, 171, 173, 174, 175, 181, 182, 183, 189, 190, 191, 193, 194, 195, 197, 198, 199, 201, 202, 203, 205, 206, 207, 209, 210, 211, 213, 214, 215, 218, 221, 224, 227, 232, 240, 246, 249, 255, 258, 261, 264, 270, 273, 275, 276, 277, 279, 280, 282, 283, 285, 287, 288, 290, 291, 293, 294, 295, 297, 298, 300, 301, 303, 304, 306, 307, 308, 310, 311, 320, 321, 322, 324, 325, 327, 328, 329, 331, 332, 334, 337, 343, 349, 352, 358, 361, 364, 367, 373, 376, 379, 382, 385, 391, 394, 397, 400, 403, 406, 409, 412, 415, 424, 427, 430, 436, 439, 442, 445, 451, 466, 467, 468, 469, 470, 471, 473, 474, 475, 476, 477, 478, 480, 481, 482, 483, 484, 485, 487, 488, 489, 490, 491, 492, 500, 501, 502, 503, 504, 505, 507, 508, 509, 510, 511, 512, 514, 515, 516, 517, 518, 519, 521, 522, 523, 524, 525, 526, 528, 529, 530, 531, 532, 533, 535, 536, 537, 538, 539, 540, 549, 550, 551, 552, 553, 555, 556, 557, 558, 559, 560, 569, 570, 571, 572, 573, 574, 580, 581, 582, 584, 585, 586, 588, 589, 590, 592, 593, 594, 600, 601, 602, 608, 609, 610, 612, 613, 614, 616, 619, 622, 625, 631, 634, 637, 640, 643, 646, 649, 652, 655, 658, 661, 664, 667, 670, 732, 733, 734, 735, 736, 737, 738, 739, 740, 741, 742, 743, 744, 745, 746, 747, 748, 749, 750, 751, 752, 753, 754, 755, 756, 757, 758, 759, 760, 761, 762, 763, 764, 765, 766, 767, 768, 769, 770, 771, 772, 773, 774, 775, 776, 777, 778, 779, 780, 781, 782, 783, 784, 785, 786, 787, 788, 789, 790, 791, 792, 793, 794, 795, 796, 797, 798, 799, 800, 801, 802, 803, 804, 805, 806, 807, 808, 809, 810, 811, 812, 813, 814, 815, 816, 817, 818, 819, 820, 821, 822, 823, 824, 825, 826, 827, 828, 829, 830, 831, 832, 833, 834, 835, 836, 837, 838, 839, 840, 841, 842, 843, 844, 845, 846, 847, 848, 849, 850, 851, 852, 853, 854, 855, 856, 857, 858, 859, 860, 861, 862, 863, 864, 865, 866, 867, 868, 869, 870, 871, 872, 873, 874, 875, 876, 877, 878, 879, 880, 881, 882, 883, 884, 885, 886, 887, 888, 889, 890, 891, 892, 893, 894, 918, 922, 924, 926, 928, 930, 946, 947, 948, 949, 961, 962, 963, 964, 971, 972, 973, 974, 976, 977, 978, 979, 981, 982, 983, 984, 986, 987, 988, 989, 991, 992, 993, 994, 996, 997, 998, 999, 1001, 1002, 1003, 1004, 1006, 1007, 1008, 1009, 1011, 1012, 1013, 1014, 1016, 1017, 1018, 1019, 1021, 1022, 1023, 1034, 1039, 1041, 1043, 1045, 1047, 1049, 1051, 1059, 1061, 1063, 1067, 1068, 1069, 1070, 1071, 1072, 1073, 1074, 1075, 1076, 1077, 1078, 1079, 1080, 1081, 1082, 1083, 1100, 1101, 1102, 1103, 1104, 1105, 1106, 1107, 1108, 1109, 1110, 1111, 1112, 1113, 1114, 1115, 1116, 1117, 1118, 1119, 1120, 1121, 1122, 1123, 1124, 1125, 1151, 1152, 1154, 1155, 1166, 1167, 1168, 1169, 1170, 1171, 1172, 1173, 1174, 1175, 1176, 1177, 1178, 1179, 1180, 1181, 1182, 1183, 1184, 1185, 1186, 1187, 1188, 1189, 1190, 1191, 1192, 1193, 1194, 1195, 1196, 1197, 1198, 1199, 1200, 1201, 1202, 1203, 1204, 1205, 1206, 1207, 1208, 1209, 1210, 1211, 1212, 1213, 1214, 1215, 1216, 1217, 1218, 1219, 1233, 1234, 1235, 1236, 1237, 1239, 1240, 1241, 1242, 1244, 1245, 1246, 1247, 1248, 1250, 1251, 1252, 1253, 1254, 1255, 1256, 1257, 1258, 1259, 1260, 1261, 1262, 1263, 1264, 1265, 1266, 1267, 1268, 1269, 1270, 1271, 1272, 1273, 1274, 1275, 1276, 1277, 1278, 1279, 1280, 1281, 1282, 1283, 1284, 1288, 1289, 1290, 1294, 1295, 1296, 1300, 1301, 1302, 1308, 1309, 1310, 1311, 1312, 1313, 1314, 1315, 1316, 1317, 1318, 1320, 1321, 1322, 1323, 1324, 1325, 1326, 1327, 1329, 1330, 1331, 1332, 1333, 1334, 1335, 1337, 1338, 1339, 1340, 1341, 1342, 1343, 1344, 1345, 1357, 1358, 1359, 1360, 1361, 1362, 1363, 1364, 1365, 1366, 1368, 1369, 1370, 1371, 1372, 1373, 1374, 1375, 1376, 1405, 1406, 1407, 1409, 1410, 1411, 1412, 1413, 1414, 1415, 1416, 1417, 1418, 1419, 1420, 1421, 1422, 1423, 1424, 1425, 1426, 1427, 1428, 1429, 1430, 1431, 1432, 1433, 1434, 1435, 1436, 1451, 1488, 1489, 1491, 1492, 1494, 1495, 1497, 1498, 1500, 1501, 1506, 1507, 1509, 1510, 1512, 1513, 1514, 1515, 1516, 1518, 1519, 1521, 1522, 1527, 1528, 1533, 1534, 1536, 1537, 1539, 1540, 1548, 1549, 1554, 1555, 1557, 1558, 1560, 1561, 1563, 1564, 1566, 1567, 1569, 1570, 1572, 1573, 1575, 1576, 1581, 1582, 1584, 1585, 1590, 1591, 1593, 1594, 1596, 1597, 1599, 1600, 1611, 1612, 1617, 1618, 1620, 1621, 1623, 1624, 1629, 1630, 1632, 1633, 1635, 1636, 1638, 1639, 1643, 1644, 1645, 1646, 1647, 1648, 1649, 1650, 1651]",1400.0,8863.0,16.0,4.0,0.003031560572280578,1.3541594332679983
